2025-03-08 22:52:55,330 [Worker-2: Loading available Gradle versions] INFO  o.e.b.c.i.u.g.PublishedGradleVersions - Gradle version information cache is not available. Remote download required.
2025-03-08 22:56:18,539 [Worker-14: Importing Maven projects] INFO  o.e.m.c.i.e.AbstractTransferListenerAdapter - Downloading https://repo.maven.apache.org/maven2/org/springframework/boot/spring-boot-starter-parent/3.3.9/spring-boot-starter-parent-3.3.9.pom
2025-03-08 22:56:18,644 [Worker-14: Importing Maven projects] INFO  o.e.m.c.i.e.AbstractTransferListenerAdapter - Downloaded https://repo.maven.apache.org/maven2/org/springframework/boot/spring-boot-starter-parent/3.3.9/spring-boot-starter-parent-3.3.9.pom
2025-03-08 22:56:18,769 [Worker-14: Importing Maven projects] INFO  o.e.m.c.i.e.AbstractTransferListenerAdapter - Downloading https://repo.maven.apache.org/maven2/org/springframework/boot/spring-boot-dependencies/3.3.9/spring-boot-dependencies-3.3.9.pom
2025-03-08 22:56:18,972 [Worker-14: Importing Maven projects] INFO  o.e.m.c.i.e.AbstractTransferListenerAdapter - Downloaded https://repo.maven.apache.org/maven2/org/springframework/boot/spring-boot-dependencies/3.3.9/spring-boot-dependencies-3.3.9.pom
2025-03-08 22:56:19,164 [Worker-14: Importing Maven projects] INFO  o.e.m.c.i.e.AbstractTransferListenerAdapter - Downloading https://repo.maven.apache.org/maven2/org/apache/activemq/activemq-bom/6.1.5/activemq-bom-6.1.5.pom
2025-03-08 22:56:19,216 [Worker-14: Importing Maven projects] INFO  o.e.m.c.i.e.AbstractTransferListenerAdapter - Downloaded https://repo.maven.apache.org/maven2/org/apache/activemq/activemq-bom/6.1.5/activemq-bom-6.1.5.pom
2025-03-08 22:56:19,318 [Worker-14: Importing Maven projects] INFO  o.e.m.c.i.e.AbstractTransferListenerAdapter - Downloading https://repo.maven.apache.org/maven2/org/apache/activemq/artemis-bom/2.33.0/artemis-bom-2.33.0.pom
2025-03-08 22:56:19,394 [Worker-14: Importing Maven projects] INFO  o.e.m.c.i.e.AbstractTransferListenerAdapter - Downloaded https://repo.maven.apache.org/maven2/org/apache/activemq/artemis-bom/2.33.0/artemis-bom-2.33.0.pom
2025-03-08 22:56:19,512 [Worker-14: Importing Maven projects] INFO  o.e.m.c.i.e.AbstractTransferListenerAdapter - Downloading https://repo.maven.apache.org/maven2/org/apache/activemq/artemis-project/2.33.0/artemis-project-2.33.0.pom
2025-03-08 22:56:19,597 [Worker-14: Importing Maven projects] INFO  o.e.m.c.i.e.AbstractTransferListenerAdapter - Downloaded https://repo.maven.apache.org/maven2/org/apache/activemq/artemis-project/2.33.0/artemis-project-2.33.0.pom
2025-03-08 22:56:19,724 [Worker-14: Importing Maven projects] INFO  o.e.m.c.i.e.AbstractTransferListenerAdapter - Downloading https://repo.maven.apache.org/maven2/org/apache/apache/31/apache-31.pom
2025-03-08 22:56:19,797 [Worker-14: Importing Maven projects] INFO  o.e.m.c.i.e.AbstractTransferListenerAdapter - Downloaded https://repo.maven.apache.org/maven2/org/apache/apache/31/apache-31.pom
2025-03-08 22:56:19,940 [Worker-14: Importing Maven projects] INFO  o.e.m.c.i.e.AbstractTransferListenerAdapter - Downloading https://repo.maven.apache.org/maven2/org/assertj/assertj-bom/3.25.3/assertj-bom-3.25.3.pom
2025-03-08 22:56:19,997 [Worker-14: Importing Maven projects] INFO  o.e.m.c.i.e.AbstractTransferListenerAdapter - Downloaded https://repo.maven.apache.org/maven2/org/assertj/assertj-bom/3.25.3/assertj-bom-3.25.3.pom
2025-03-08 22:56:20,101 [Worker-14: Importing Maven projects] INFO  o.e.m.c.i.e.AbstractTransferListenerAdapter - Downloading https://repo.maven.apache.org/maven2/io/zipkin/reporter2/zipkin-reporter-bom/3.4.3/zipkin-reporter-bom-3.4.3.pom
2025-03-08 22:56:20,161 [Worker-14: Importing Maven projects] INFO  o.e.m.c.i.e.AbstractTransferListenerAdapter - Downloaded https://repo.maven.apache.org/maven2/io/zipkin/reporter2/zipkin-reporter-bom/3.4.3/zipkin-reporter-bom-3.4.3.pom
2025-03-08 22:56:20,274 [Worker-14: Importing Maven projects] INFO  o.e.m.c.i.e.AbstractTransferListenerAdapter - Downloading https://repo.maven.apache.org/maven2/io/zipkin/brave/brave-bom/6.0.3/brave-bom-6.0.3.pom
2025-03-08 22:56:20,335 [Worker-14: Importing Maven projects] INFO  o.e.m.c.i.e.AbstractTransferListenerAdapter - Downloaded https://repo.maven.apache.org/maven2/io/zipkin/brave/brave-bom/6.0.3/brave-bom-6.0.3.pom
2025-03-08 22:56:20,458 [Worker-14: Importing Maven projects] INFO  o.e.m.c.i.e.AbstractTransferListenerAdapter - Downloading https://repo.maven.apache.org/maven2/org/apache/cassandra/java-driver-bom/4.18.1/java-driver-bom-4.18.1.pom
2025-03-08 22:56:20,510 [Worker-14: Importing Maven projects] INFO  o.e.m.c.i.e.AbstractTransferListenerAdapter - Downloaded https://repo.maven.apache.org/maven2/org/apache/cassandra/java-driver-bom/4.18.1/java-driver-bom-4.18.1.pom
2025-03-08 22:56:20,609 [Worker-14: Importing Maven projects] INFO  o.e.m.c.i.e.AbstractTransferListenerAdapter - Downloading https://repo.maven.apache.org/maven2/org/glassfish/jaxb/jaxb-bom/4.0.5/jaxb-bom-4.0.5.pom
2025-03-08 22:56:20,676 [Worker-14: Importing Maven projects] INFO  o.e.m.c.i.e.AbstractTransferListenerAdapter - Downloaded https://repo.maven.apache.org/maven2/org/glassfish/jaxb/jaxb-bom/4.0.5/jaxb-bom-4.0.5.pom
2025-03-08 22:56:20,803 [Worker-14: Importing Maven projects] INFO  o.e.m.c.i.e.AbstractTransferListenerAdapter - Downloading https://repo.maven.apache.org/maven2/org/eclipse/ee4j/project/1.0.9/project-1.0.9.pom
2025-03-08 22:56:20,878 [Worker-14: Importing Maven projects] INFO  o.e.m.c.i.e.AbstractTransferListenerAdapter - Downloaded https://repo.maven.apache.org/maven2/org/eclipse/ee4j/project/1.0.9/project-1.0.9.pom
2025-03-08 22:56:21,006 [Worker-14: Importing Maven projects] INFO  o.e.m.c.i.e.AbstractTransferListenerAdapter - Downloading https://repo.maven.apache.org/maven2/org/apache/groovy/groovy-bom/4.0.25/groovy-bom-4.0.25.pom
2025-03-08 22:56:21,083 [Worker-14: Importing Maven projects] INFO  o.e.m.c.i.e.AbstractTransferListenerAdapter - Downloaded https://repo.maven.apache.org/maven2/org/apache/groovy/groovy-bom/4.0.25/groovy-bom-4.0.25.pom
2025-03-08 22:56:21,212 [Worker-14: Importing Maven projects] INFO  o.e.m.c.i.e.AbstractTransferListenerAdapter - Downloading https://repo.maven.apache.org/maven2/org/infinispan/infinispan-bom/15.0.13.Final/infinispan-bom-15.0.13.Final.pom
2025-03-08 22:56:21,294 [Worker-14: Importing Maven projects] INFO  o.e.m.c.i.e.AbstractTransferListenerAdapter - Downloaded https://repo.maven.apache.org/maven2/org/infinispan/infinispan-bom/15.0.13.Final/infinispan-bom-15.0.13.Final.pom
2025-03-08 22:56:21,409 [Worker-14: Importing Maven projects] INFO  o.e.m.c.i.e.AbstractTransferListenerAdapter - Downloading https://repo.maven.apache.org/maven2/org/infinispan/infinispan-build-configuration-parent/15.0.13.Final/infinispan-build-configuration-parent-15.0.13.Final.pom
2025-03-08 22:56:21,493 [Worker-14: Importing Maven projects] INFO  o.e.m.c.i.e.AbstractTransferListenerAdapter - Downloaded https://repo.maven.apache.org/maven2/org/infinispan/infinispan-build-configuration-parent/15.0.13.Final/infinispan-build-configuration-parent-15.0.13.Final.pom
2025-03-08 22:56:21,619 [Worker-14: Importing Maven projects] INFO  o.e.m.c.i.e.AbstractTransferListenerAdapter - Downloading https://repo.maven.apache.org/maven2/org/jboss/jboss-parent/43/jboss-parent-43.pom
2025-03-08 22:56:21,714 [Worker-14: Importing Maven projects] INFO  o.e.m.c.i.e.AbstractTransferListenerAdapter - Downloaded https://repo.maven.apache.org/maven2/org/jboss/jboss-parent/43/jboss-parent-43.pom
2025-03-08 22:56:21,850 [Worker-14: Importing Maven projects] INFO  o.e.m.c.i.e.AbstractTransferListenerAdapter - Downloading https://repo.maven.apache.org/maven2/com/fasterxml/jackson/jackson-bom/2.17.3/jackson-bom-2.17.3.pom
2025-03-08 22:56:21,929 [Worker-14: Importing Maven projects] INFO  o.e.m.c.i.e.AbstractTransferListenerAdapter - Downloaded https://repo.maven.apache.org/maven2/com/fasterxml/jackson/jackson-bom/2.17.3/jackson-bom-2.17.3.pom
2025-03-08 22:56:22,061 [Worker-14: Importing Maven projects] INFO  o.e.m.c.i.e.AbstractTransferListenerAdapter - Downloading https://repo.maven.apache.org/maven2/com/fasterxml/jackson/jackson-parent/2.17/jackson-parent-2.17.pom
2025-03-08 22:56:22,131 [Worker-14: Importing Maven projects] INFO  o.e.m.c.i.e.AbstractTransferListenerAdapter - Downloaded https://repo.maven.apache.org/maven2/com/fasterxml/jackson/jackson-parent/2.17/jackson-parent-2.17.pom
2025-03-08 22:56:22,228 [Worker-14: Importing Maven projects] INFO  o.e.m.c.i.e.AbstractTransferListenerAdapter - Downloading https://repo.maven.apache.org/maven2/com/fasterxml/oss-parent/58/oss-parent-58.pom
2025-03-08 22:56:22,303 [Worker-14: Importing Maven projects] INFO  o.e.m.c.i.e.AbstractTransferListenerAdapter - Downloaded https://repo.maven.apache.org/maven2/com/fasterxml/oss-parent/58/oss-parent-58.pom
2025-03-08 22:56:22,439 [Worker-14: Importing Maven projects] INFO  o.e.m.c.i.e.AbstractTransferListenerAdapter - Downloading https://repo.maven.apache.org/maven2/org/glassfish/jersey/jersey-bom/3.1.10/jersey-bom-3.1.10.pom
2025-03-08 22:56:22,518 [Worker-14: Importing Maven projects] INFO  o.e.m.c.i.e.AbstractTransferListenerAdapter - Downloaded https://repo.maven.apache.org/maven2/org/glassfish/jersey/jersey-bom/3.1.10/jersey-bom-3.1.10.pom
2025-03-08 22:56:22,640 [Worker-14: Importing Maven projects] INFO  o.e.m.c.i.e.AbstractTransferListenerAdapter - Downloading https://repo.maven.apache.org/maven2/org/eclipse/jetty/ee10/jetty-ee10-bom/12.0.16/jetty-ee10-bom-12.0.16.pom
2025-03-08 22:56:22,715 [Worker-14: Importing Maven projects] INFO  o.e.m.c.i.e.AbstractTransferListenerAdapter - Downloaded https://repo.maven.apache.org/maven2/org/eclipse/jetty/ee10/jetty-ee10-bom/12.0.16/jetty-ee10-bom-12.0.16.pom
2025-03-08 22:56:22,825 [Worker-14: Importing Maven projects] INFO  o.e.m.c.i.e.AbstractTransferListenerAdapter - Downloading https://repo.maven.apache.org/maven2/org/eclipse/jetty/jetty-bom/12.0.16/jetty-bom-12.0.16.pom
2025-03-08 22:56:22,889 [Worker-14: Importing Maven projects] INFO  o.e.m.c.i.e.AbstractTransferListenerAdapter - Downloaded https://repo.maven.apache.org/maven2/org/eclipse/jetty/jetty-bom/12.0.16/jetty-bom-12.0.16.pom
2025-03-08 22:56:23,017 [Worker-14: Importing Maven projects] INFO  o.e.m.c.i.e.AbstractTransferListenerAdapter - Downloading https://repo.maven.apache.org/maven2/org/junit/junit-bom/5.10.5/junit-bom-5.10.5.pom
2025-03-08 22:56:23,078 [Worker-14: Importing Maven projects] INFO  o.e.m.c.i.e.AbstractTransferListenerAdapter - Downloaded https://repo.maven.apache.org/maven2/org/junit/junit-bom/5.10.5/junit-bom-5.10.5.pom
2025-03-08 22:56:23,176 [Worker-14: Importing Maven projects] INFO  o.e.m.c.i.e.AbstractTransferListenerAdapter - Downloading https://repo.maven.apache.org/maven2/org/jetbrains/kotlin/kotlin-bom/1.9.25/kotlin-bom-1.9.25.pom
2025-03-08 22:56:23,257 [Worker-14: Importing Maven projects] INFO  o.e.m.c.i.e.AbstractTransferListenerAdapter - Downloaded https://repo.maven.apache.org/maven2/org/jetbrains/kotlin/kotlin-bom/1.9.25/kotlin-bom-1.9.25.pom
2025-03-08 22:56:23,374 [Worker-14: Importing Maven projects] INFO  o.e.m.c.i.e.AbstractTransferListenerAdapter - Downloading https://repo.maven.apache.org/maven2/org/jetbrains/kotlinx/kotlinx-coroutines-bom/1.8.1/kotlinx-coroutines-bom-1.8.1.pom
2025-03-08 22:56:23,439 [Worker-14: Importing Maven projects] INFO  o.e.m.c.i.e.AbstractTransferListenerAdapter - Downloaded https://repo.maven.apache.org/maven2/org/jetbrains/kotlinx/kotlinx-coroutines-bom/1.8.1/kotlinx-coroutines-bom-1.8.1.pom
2025-03-08 22:56:23,533 [Worker-14: Importing Maven projects] INFO  o.e.m.c.i.e.AbstractTransferListenerAdapter - Downloading https://repo.maven.apache.org/maven2/org/jetbrains/kotlinx/kotlinx-serialization-bom/1.6.3/kotlinx-serialization-bom-1.6.3.pom
2025-03-08 22:56:23,604 [Worker-14: Importing Maven projects] INFO  o.e.m.c.i.e.AbstractTransferListenerAdapter - Downloaded https://repo.maven.apache.org/maven2/org/jetbrains/kotlinx/kotlinx-serialization-bom/1.6.3/kotlinx-serialization-bom-1.6.3.pom
2025-03-08 22:56:23,704 [Worker-14: Importing Maven projects] INFO  o.e.m.c.i.e.AbstractTransferListenerAdapter - Downloading https://repo.maven.apache.org/maven2/org/apache/logging/log4j/log4j-bom/2.23.1/log4j-bom-2.23.1.pom
2025-03-08 22:56:23,788 [Worker-14: Importing Maven projects] INFO  o.e.m.c.i.e.AbstractTransferListenerAdapter - Downloaded https://repo.maven.apache.org/maven2/org/apache/logging/log4j/log4j-bom/2.23.1/log4j-bom-2.23.1.pom
2025-03-08 22:56:23,912 [Worker-14: Importing Maven projects] INFO  o.e.m.c.i.e.AbstractTransferListenerAdapter - Downloading https://repo.maven.apache.org/maven2/org/apache/logging/logging-parent/10.6.0/logging-parent-10.6.0.pom
2025-03-08 22:56:24,073 [Worker-14: Importing Maven projects] INFO  o.e.m.c.i.e.AbstractTransferListenerAdapter - Downloaded https://repo.maven.apache.org/maven2/org/apache/logging/logging-parent/10.6.0/logging-parent-10.6.0.pom
2025-03-08 22:56:24,238 [Worker-14: Importing Maven projects] INFO  o.e.m.c.i.e.AbstractTransferListenerAdapter - Downloading https://repo.maven.apache.org/maven2/io/micrometer/micrometer-bom/1.13.11/micrometer-bom-1.13.11.pom
2025-03-08 22:56:24,314 [Worker-14: Importing Maven projects] INFO  o.e.m.c.i.e.AbstractTransferListenerAdapter - Downloaded https://repo.maven.apache.org/maven2/io/micrometer/micrometer-bom/1.13.11/micrometer-bom-1.13.11.pom
2025-03-08 22:56:24,433 [Worker-14: Importing Maven projects] INFO  o.e.m.c.i.e.AbstractTransferListenerAdapter - Downloading https://repo.maven.apache.org/maven2/io/micrometer/micrometer-tracing-bom/1.3.9/micrometer-tracing-bom-1.3.9.pom
2025-03-08 22:56:24,506 [Worker-14: Importing Maven projects] INFO  o.e.m.c.i.e.AbstractTransferListenerAdapter - Downloaded https://repo.maven.apache.org/maven2/io/micrometer/micrometer-tracing-bom/1.3.9/micrometer-tracing-bom-1.3.9.pom
2025-03-08 22:56:24,607 [Worker-14: Importing Maven projects] INFO  o.e.m.c.i.e.AbstractTransferListenerAdapter - Downloading https://repo.maven.apache.org/maven2/org/mockito/mockito-bom/5.11.0/mockito-bom-5.11.0.pom
2025-03-08 22:56:24,690 [Worker-14: Importing Maven projects] INFO  o.e.m.c.i.e.AbstractTransferListenerAdapter - Downloaded https://repo.maven.apache.org/maven2/org/mockito/mockito-bom/5.11.0/mockito-bom-5.11.0.pom
2025-03-08 22:56:24,789 [Worker-14: Importing Maven projects] INFO  o.e.m.c.i.e.AbstractTransferListenerAdapter - Downloading https://repo.maven.apache.org/maven2/io/netty/netty-bom/4.1.118.Final/netty-bom-4.1.118.Final.pom
2025-03-08 22:56:24,864 [Worker-14: Importing Maven projects] INFO  o.e.m.c.i.e.AbstractTransferListenerAdapter - Downloaded https://repo.maven.apache.org/maven2/io/netty/netty-bom/4.1.118.Final/netty-bom-4.1.118.Final.pom
2025-03-08 22:56:24,986 [Worker-14: Importing Maven projects] INFO  o.e.m.c.i.e.AbstractTransferListenerAdapter - Downloading https://repo.maven.apache.org/maven2/org/sonatype/oss/oss-parent/7/oss-parent-7.pom
2025-03-08 22:56:25,060 [Worker-14: Importing Maven projects] INFO  o.e.m.c.i.e.AbstractTransferListenerAdapter - Downloaded https://repo.maven.apache.org/maven2/org/sonatype/oss/oss-parent/7/oss-parent-7.pom
2025-03-08 22:56:25,165 [Worker-14: Importing Maven projects] INFO  o.e.m.c.i.e.AbstractTransferListenerAdapter - Downloading https://repo.maven.apache.org/maven2/com/squareup/okhttp3/okhttp-bom/4.12.0/okhttp-bom-4.12.0.pom
2025-03-08 22:56:25,236 [Worker-14: Importing Maven projects] INFO  o.e.m.c.i.e.AbstractTransferListenerAdapter - Downloaded https://repo.maven.apache.org/maven2/com/squareup/okhttp3/okhttp-bom/4.12.0/okhttp-bom-4.12.0.pom
2025-03-08 22:56:25,336 [Worker-14: Importing Maven projects] INFO  o.e.m.c.i.e.AbstractTransferListenerAdapter - Downloading https://repo.maven.apache.org/maven2/io/opentelemetry/opentelemetry-bom/1.38.0/opentelemetry-bom-1.38.0.pom
2025-03-08 22:56:25,407 [Worker-14: Importing Maven projects] INFO  o.e.m.c.i.e.AbstractTransferListenerAdapter - Downloaded https://repo.maven.apache.org/maven2/io/opentelemetry/opentelemetry-bom/1.38.0/opentelemetry-bom-1.38.0.pom
2025-03-08 22:56:25,510 [Worker-14: Importing Maven projects] INFO  o.e.m.c.i.e.AbstractTransferListenerAdapter - Downloading https://repo.maven.apache.org/maven2/io/prometheus/prometheus-metrics-bom/1.2.1/prometheus-metrics-bom-1.2.1.pom
2025-03-08 22:56:25,578 [Worker-14: Importing Maven projects] INFO  o.e.m.c.i.e.AbstractTransferListenerAdapter - Downloaded https://repo.maven.apache.org/maven2/io/prometheus/prometheus-metrics-bom/1.2.1/prometheus-metrics-bom-1.2.1.pom
2025-03-08 22:56:25,674 [Worker-14: Importing Maven projects] INFO  o.e.m.c.i.e.AbstractTransferListenerAdapter - Downloading https://repo.maven.apache.org/maven2/io/prometheus/client_java/1.2.1/client_java-1.2.1.pom
2025-03-08 22:56:25,758 [Worker-14: Importing Maven projects] INFO  o.e.m.c.i.e.AbstractTransferListenerAdapter - Downloaded https://repo.maven.apache.org/maven2/io/prometheus/client_java/1.2.1/client_java-1.2.1.pom
2025-03-08 22:56:25,874 [Worker-14: Importing Maven projects] INFO  o.e.m.c.i.e.AbstractTransferListenerAdapter - Downloading https://repo.maven.apache.org/maven2/io/prometheus/simpleclient_bom/0.16.0/simpleclient_bom-0.16.0.pom
2025-03-08 22:56:25,945 [Worker-14: Importing Maven projects] INFO  o.e.m.c.i.e.AbstractTransferListenerAdapter - Downloaded https://repo.maven.apache.org/maven2/io/prometheus/simpleclient_bom/0.16.0/simpleclient_bom-0.16.0.pom
2025-03-08 22:56:26,041 [Worker-14: Importing Maven projects] INFO  o.e.m.c.i.e.AbstractTransferListenerAdapter - Downloading https://repo.maven.apache.org/maven2/io/prometheus/parent/0.16.0/parent-0.16.0.pom
2025-03-08 22:56:26,119 [Worker-14: Importing Maven projects] INFO  o.e.m.c.i.e.AbstractTransferListenerAdapter - Downloaded https://repo.maven.apache.org/maven2/io/prometheus/parent/0.16.0/parent-0.16.0.pom
2025-03-08 22:56:26,253 [Worker-14: Importing Maven projects] INFO  o.e.m.c.i.e.AbstractTransferListenerAdapter - Downloading https://repo.maven.apache.org/maven2/org/apache/pulsar/pulsar-bom/3.2.4/pulsar-bom-3.2.4.pom
2025-03-08 22:56:26,336 [Worker-14: Importing Maven projects] INFO  o.e.m.c.i.e.AbstractTransferListenerAdapter - Downloaded https://repo.maven.apache.org/maven2/org/apache/pulsar/pulsar-bom/3.2.4/pulsar-bom-3.2.4.pom
2025-03-08 22:56:26,458 [Worker-14: Importing Maven projects] INFO  o.e.m.c.i.e.AbstractTransferListenerAdapter - Downloading https://repo.maven.apache.org/maven2/org/apache/apache/29/apache-29.pom
2025-03-08 22:56:26,542 [Worker-14: Importing Maven projects] INFO  o.e.m.c.i.e.AbstractTransferListenerAdapter - Downloaded https://repo.maven.apache.org/maven2/org/apache/apache/29/apache-29.pom
2025-03-08 22:56:26,669 [Worker-14: Importing Maven projects] INFO  o.e.m.c.i.e.AbstractTransferListenerAdapter - Downloading https://repo.maven.apache.org/maven2/com/querydsl/querydsl-bom/5.1.0/querydsl-bom-5.1.0.pom
2025-03-08 22:56:26,729 [Worker-14: Importing Maven projects] INFO  o.e.m.c.i.e.AbstractTransferListenerAdapter - Downloaded https://repo.maven.apache.org/maven2/com/querydsl/querydsl-bom/5.1.0/querydsl-bom-5.1.0.pom
2025-03-08 22:56:26,821 [Worker-14: Importing Maven projects] INFO  o.e.m.c.i.e.AbstractTransferListenerAdapter - Downloading https://repo.maven.apache.org/maven2/io/projectreactor/reactor-bom/2023.0.15/reactor-bom-2023.0.15.pom
2025-03-08 22:56:26,879 [Worker-14: Importing Maven projects] INFO  o.e.m.c.i.e.AbstractTransferListenerAdapter - Downloaded https://repo.maven.apache.org/maven2/io/projectreactor/reactor-bom/2023.0.15/reactor-bom-2023.0.15.pom
2025-03-08 22:56:26,979 [Worker-14: Importing Maven projects] INFO  o.e.m.c.i.e.AbstractTransferListenerAdapter - Downloading https://repo.maven.apache.org/maven2/io/rest-assured/rest-assured-bom/5.4.0/rest-assured-bom-5.4.0.pom
2025-03-08 22:56:27,046 [Worker-14: Importing Maven projects] INFO  o.e.m.c.i.e.AbstractTransferListenerAdapter - Downloaded https://repo.maven.apache.org/maven2/io/rest-assured/rest-assured-bom/5.4.0/rest-assured-bom-5.4.0.pom
2025-03-08 22:56:27,139 [Worker-14: Importing Maven projects] INFO  o.e.m.c.i.e.AbstractTransferListenerAdapter - Downloading https://repo.maven.apache.org/maven2/io/rsocket/rsocket-bom/1.1.5/rsocket-bom-1.1.5.pom
2025-03-08 22:56:27,211 [Worker-14: Importing Maven projects] INFO  o.e.m.c.i.e.AbstractTransferListenerAdapter - Downloaded https://repo.maven.apache.org/maven2/io/rsocket/rsocket-bom/1.1.5/rsocket-bom-1.1.5.pom
2025-03-08 22:56:27,314 [Worker-14: Importing Maven projects] INFO  o.e.m.c.i.e.AbstractTransferListenerAdapter - Downloading https://repo.maven.apache.org/maven2/org/seleniumhq/selenium/selenium-bom/4.19.1/selenium-bom-4.19.1.pom
2025-03-08 22:56:27,386 [Worker-14: Importing Maven projects] INFO  o.e.m.c.i.e.AbstractTransferListenerAdapter - Downloaded https://repo.maven.apache.org/maven2/org/seleniumhq/selenium/selenium-bom/4.19.1/selenium-bom-4.19.1.pom
2025-03-08 22:56:27,483 [Worker-14: Importing Maven projects] INFO  o.e.m.c.i.e.AbstractTransferListenerAdapter - Downloading https://repo.maven.apache.org/maven2/org/springframework/amqp/spring-amqp-bom/3.1.9/spring-amqp-bom-3.1.9.pom
2025-03-08 22:56:27,558 [Worker-14: Importing Maven projects] INFO  o.e.m.c.i.e.AbstractTransferListenerAdapter - Downloaded https://repo.maven.apache.org/maven2/org/springframework/amqp/spring-amqp-bom/3.1.9/spring-amqp-bom-3.1.9.pom
2025-03-08 22:56:27,658 [Worker-14: Importing Maven projects] INFO  o.e.m.c.i.e.AbstractTransferListenerAdapter - Downloading https://repo.maven.apache.org/maven2/org/springframework/batch/spring-batch-bom/5.1.3/spring-batch-bom-5.1.3.pom
2025-03-08 22:56:27,736 [Worker-14: Importing Maven projects] INFO  o.e.m.c.i.e.AbstractTransferListenerAdapter - Downloaded https://repo.maven.apache.org/maven2/org/springframework/batch/spring-batch-bom/5.1.3/spring-batch-bom-5.1.3.pom
2025-03-08 22:56:27,867 [Worker-14: Importing Maven projects] INFO  o.e.m.c.i.e.AbstractTransferListenerAdapter - Downloading https://repo.maven.apache.org/maven2/org/springframework/data/spring-data-bom/2024.0.9/spring-data-bom-2024.0.9.pom
2025-03-08 22:56:27,944 [Worker-14: Importing Maven projects] INFO  o.e.m.c.i.e.AbstractTransferListenerAdapter - Downloaded https://repo.maven.apache.org/maven2/org/springframework/data/spring-data-bom/2024.0.9/spring-data-bom-2024.0.9.pom
2025-03-08 22:56:28,045 [Worker-14: Importing Maven projects] INFO  o.e.m.c.i.e.AbstractTransferListenerAdapter - Downloading https://repo.maven.apache.org/maven2/org/springframework/spring-framework-bom/6.1.17/spring-framework-bom-6.1.17.pom
2025-03-08 22:56:28,125 [Worker-14: Importing Maven projects] INFO  o.e.m.c.i.e.AbstractTransferListenerAdapter - Downloaded https://repo.maven.apache.org/maven2/org/springframework/spring-framework-bom/6.1.17/spring-framework-bom-6.1.17.pom
2025-03-08 22:56:28,231 [Worker-14: Importing Maven projects] INFO  o.e.m.c.i.e.AbstractTransferListenerAdapter - Downloading https://repo.maven.apache.org/maven2/org/springframework/integration/spring-integration-bom/6.3.8/spring-integration-bom-6.3.8.pom
2025-03-08 22:56:28,309 [Worker-14: Importing Maven projects] INFO  o.e.m.c.i.e.AbstractTransferListenerAdapter - Downloaded https://repo.maven.apache.org/maven2/org/springframework/integration/spring-integration-bom/6.3.8/spring-integration-bom-6.3.8.pom
2025-03-08 22:56:28,421 [Worker-14: Importing Maven projects] INFO  o.e.m.c.i.e.AbstractTransferListenerAdapter - Downloading https://repo.maven.apache.org/maven2/org/springframework/pulsar/spring-pulsar-bom/1.1.9/spring-pulsar-bom-1.1.9.pom
2025-03-08 22:56:28,500 [Worker-14: Importing Maven projects] INFO  o.e.m.c.i.e.AbstractTransferListenerAdapter - Downloaded https://repo.maven.apache.org/maven2/org/springframework/pulsar/spring-pulsar-bom/1.1.9/spring-pulsar-bom-1.1.9.pom
2025-03-08 22:56:28,599 [Worker-14: Importing Maven projects] INFO  o.e.m.c.i.e.AbstractTransferListenerAdapter - Downloading https://repo.maven.apache.org/maven2/org/springframework/restdocs/spring-restdocs-bom/3.0.3/spring-restdocs-bom-3.0.3.pom
2025-03-08 22:56:28,650 [Worker-14: Importing Maven projects] INFO  o.e.m.c.i.e.AbstractTransferListenerAdapter - Downloaded https://repo.maven.apache.org/maven2/org/springframework/restdocs/spring-restdocs-bom/3.0.3/spring-restdocs-bom-3.0.3.pom
2025-03-08 22:56:28,759 [Worker-14: Importing Maven projects] INFO  o.e.m.c.i.e.AbstractTransferListenerAdapter - Downloading https://repo.maven.apache.org/maven2/org/springframework/security/spring-security-bom/6.3.7/spring-security-bom-6.3.7.pom
2025-03-08 22:56:28,820 [Worker-14: Importing Maven projects] INFO  o.e.m.c.i.e.AbstractTransferListenerAdapter - Downloaded https://repo.maven.apache.org/maven2/org/springframework/security/spring-security-bom/6.3.7/spring-security-bom-6.3.7.pom
2025-03-08 22:56:28,918 [Worker-14: Importing Maven projects] INFO  o.e.m.c.i.e.AbstractTransferListenerAdapter - Downloading https://repo.maven.apache.org/maven2/org/springframework/session/spring-session-bom/3.3.6/spring-session-bom-3.3.6.pom
2025-03-08 22:56:28,970 [Worker-14: Importing Maven projects] INFO  o.e.m.c.i.e.AbstractTransferListenerAdapter - Downloaded https://repo.maven.apache.org/maven2/org/springframework/session/spring-session-bom/3.3.6/spring-session-bom-3.3.6.pom
2025-03-08 22:56:29,069 [Worker-14: Importing Maven projects] INFO  o.e.m.c.i.e.AbstractTransferListenerAdapter - Downloading https://repo.maven.apache.org/maven2/org/springframework/ws/spring-ws-bom/4.0.11/spring-ws-bom-4.0.11.pom
2025-03-08 22:56:29,127 [Worker-14: Importing Maven projects] INFO  o.e.m.c.i.e.AbstractTransferListenerAdapter - Downloaded https://repo.maven.apache.org/maven2/org/springframework/ws/spring-ws-bom/4.0.11/spring-ws-bom-4.0.11.pom
2025-03-08 22:56:29,224 [Worker-14: Importing Maven projects] INFO  o.e.m.c.i.e.AbstractTransferListenerAdapter - Downloading https://repo.maven.apache.org/maven2/org/testcontainers/testcontainers-bom/1.19.8/testcontainers-bom-1.19.8.pom
2025-03-08 22:56:29,306 [Worker-14: Importing Maven projects] INFO  o.e.m.c.i.e.AbstractTransferListenerAdapter - Downloaded https://repo.maven.apache.org/maven2/org/testcontainers/testcontainers-bom/1.19.8/testcontainers-bom-1.19.8.pom
2025-03-08 22:56:30,322 [Worker-14: Importing Maven projects] INFO  o.e.m.c.i.e.AbstractTransferListenerAdapter - Downloading https://repo.maven.apache.org/maven2/org/springframework/boot/spring-boot-maven-plugin/3.3.9/spring-boot-maven-plugin-3.3.9.pom
2025-03-08 22:56:30,375 [Worker-14: Importing Maven projects] INFO  o.e.m.c.i.e.AbstractTransferListenerAdapter - Downloaded https://repo.maven.apache.org/maven2/org/springframework/boot/spring-boot-maven-plugin/3.3.9/spring-boot-maven-plugin-3.3.9.pom
2025-03-08 22:56:30,476 [Worker-14: Importing Maven projects] INFO  o.e.m.c.i.e.AbstractTransferListenerAdapter - Downloading https://repo.maven.apache.org/maven2/org/springframework/boot/spring-boot-maven-plugin/3.3.9/spring-boot-maven-plugin-3.3.9.jar
2025-03-08 22:56:30,649 [Worker-14: Importing Maven projects] INFO  o.e.m.c.i.e.AbstractTransferListenerAdapter - Downloaded https://repo.maven.apache.org/maven2/org/springframework/boot/spring-boot-maven-plugin/3.3.9/spring-boot-maven-plugin-3.3.9.jar
2025-03-08 22:56:30,851 [Worker-14: Importing Maven projects] INFO  o.e.m.c.i.e.AbstractTransferListenerAdapter - Downloading https://repo.maven.apache.org/maven2/org/apache/maven/plugins/maven-clean-plugin/3.3.2/maven-clean-plugin-3.3.2.jar
2025-03-08 22:56:31,460 [Worker-14: Importing Maven projects] INFO  o.e.m.c.i.e.AbstractTransferListenerAdapter - Downloaded https://repo.maven.apache.org/maven2/org/apache/maven/plugins/maven-clean-plugin/3.3.2/maven-clean-plugin-3.3.2.jar
2025-03-08 22:56:31,851 [Worker-14: Importing Maven projects] INFO  o.e.m.c.i.e.AbstractTransferListenerAdapter - Downloading https://repo.maven.apache.org/maven2/org/apache/maven/plugins/maven-resources-plugin/3.3.1/maven-resources-plugin-3.3.1.jar
2025-03-08 22:56:32,321 [Worker-14: Importing Maven projects] INFO  o.e.m.c.i.e.AbstractTransferListenerAdapter - Downloaded https://repo.maven.apache.org/maven2/org/apache/maven/plugins/maven-resources-plugin/3.3.1/maven-resources-plugin-3.3.1.jar
2025-03-08 22:56:32,681 [Worker-14: Importing Maven projects] INFO  o.e.m.c.i.e.AbstractTransferListenerAdapter - Downloading https://repo.maven.apache.org/maven2/org/apache/maven/plugins/maven-compiler-plugin/3.13.0/maven-compiler-plugin-3.13.0.jar
2025-03-08 22:56:32,773 [Worker-14: Importing Maven projects] INFO  o.e.m.c.i.e.AbstractTransferListenerAdapter - Downloaded https://repo.maven.apache.org/maven2/org/apache/maven/plugins/maven-compiler-plugin/3.13.0/maven-compiler-plugin-3.13.0.jar
2025-03-08 22:56:32,892 [Worker-14: Importing Maven projects] INFO  o.e.m.c.i.e.AbstractTransferListenerAdapter - Downloading https://repo.maven.apache.org/maven2/org/apache/maven/plugins/maven-surefire-plugin/3.2.5/maven-surefire-plugin-3.2.5.jar
2025-03-08 22:56:33,322 [Worker-14: Importing Maven projects] INFO  o.e.m.c.i.e.AbstractTransferListenerAdapter - Downloaded https://repo.maven.apache.org/maven2/org/apache/maven/plugins/maven-surefire-plugin/3.2.5/maven-surefire-plugin-3.2.5.jar
2025-03-08 22:56:33,645 [Worker-14: Importing Maven projects] INFO  o.e.m.c.i.e.AbstractTransferListenerAdapter - Downloading https://repo.maven.apache.org/maven2/org/apache/maven/plugins/maven-jar-plugin/3.4.2/maven-jar-plugin-3.4.2.jar
2025-03-08 22:56:34,094 [Worker-14: Importing Maven projects] INFO  o.e.m.c.i.e.AbstractTransferListenerAdapter - Downloaded https://repo.maven.apache.org/maven2/org/apache/maven/plugins/maven-jar-plugin/3.4.2/maven-jar-plugin-3.4.2.jar
2025-03-08 22:56:34,442 [Worker-14: Importing Maven projects] INFO  o.e.m.c.i.e.AbstractTransferListenerAdapter - Downloading https://repo.maven.apache.org/maven2/org/apache/maven/plugins/maven-install-plugin/3.1.3/maven-install-plugin-3.1.3.jar
2025-03-08 22:56:34,857 [Worker-14: Importing Maven projects] INFO  o.e.m.c.i.e.AbstractTransferListenerAdapter - Downloaded https://repo.maven.apache.org/maven2/org/apache/maven/plugins/maven-install-plugin/3.1.3/maven-install-plugin-3.1.3.jar
2025-03-08 22:56:35,146 [Worker-14: Importing Maven projects] INFO  o.e.m.c.i.e.AbstractTransferListenerAdapter - Downloading https://repo.maven.apache.org/maven2/org/apache/maven/plugins/maven-deploy-plugin/3.1.3/maven-deploy-plugin-3.1.3.jar
2025-03-08 22:56:35,630 [Worker-14: Importing Maven projects] INFO  o.e.m.c.i.e.AbstractTransferListenerAdapter - Downloaded https://repo.maven.apache.org/maven2/org/apache/maven/plugins/maven-deploy-plugin/3.1.3/maven-deploy-plugin-3.1.3.jar
2025-03-08 22:56:35,923 [Worker-14: Importing Maven projects] INFO  o.e.m.c.i.e.AbstractTransferListenerAdapter - Downloading https://repo.maven.apache.org/maven2/org/apache/maven/plugins/maven-site-plugin/3.12.1/maven-site-plugin-3.12.1.jar
2025-03-08 22:56:36,029 [Worker-14: Importing Maven projects] INFO  o.e.m.c.i.e.AbstractTransferListenerAdapter - Downloaded https://repo.maven.apache.org/maven2/org/apache/maven/plugins/maven-site-plugin/3.12.1/maven-site-plugin-3.12.1.jar
2025-03-08 22:56:36,294 [Worker-14: Importing Maven projects] INFO  o.e.m.c.i.e.AbstractTransferListenerAdapter - Downloading https://repo.maven.apache.org/maven2/org/apache/maven/plugins/maven-compiler-plugin/3.13.0/maven-compiler-plugin-3.13.0.pom
2025-03-08 22:56:36,363 [Worker-14: Importing Maven projects] INFO  o.e.m.c.i.e.AbstractTransferListenerAdapter - Downloaded https://repo.maven.apache.org/maven2/org/apache/maven/plugins/maven-compiler-plugin/3.13.0/maven-compiler-plugin-3.13.0.pom
2025-03-08 22:56:36,489 [Worker-14: Importing Maven projects] INFO  o.e.m.c.i.e.AbstractTransferListenerAdapter - Downloading https://repo.maven.apache.org/maven2/org/apache/maven/plugins/maven-plugins/41/maven-plugins-41.pom
2025-03-08 22:56:36,555 [Worker-14: Importing Maven projects] INFO  o.e.m.c.i.e.AbstractTransferListenerAdapter - Downloaded https://repo.maven.apache.org/maven2/org/apache/maven/plugins/maven-plugins/41/maven-plugins-41.pom
2025-03-08 22:56:36,656 [Worker-14: Importing Maven projects] INFO  o.e.m.c.i.e.AbstractTransferListenerAdapter - Downloading https://repo.maven.apache.org/maven2/org/apache/maven/maven-parent/41/maven-parent-41.pom
2025-03-08 22:56:36,734 [Worker-14: Importing Maven projects] INFO  o.e.m.c.i.e.AbstractTransferListenerAdapter - Downloaded https://repo.maven.apache.org/maven2/org/apache/maven/maven-parent/41/maven-parent-41.pom
2025-03-08 22:56:36,911 [Worker-14: Importing Maven projects] INFO  o.e.m.c.i.e.AbstractTransferListenerAdapter - Downloading https://repo.maven.apache.org/maven2/org/apache/maven/shared/maven-shared-utils/3.4.2/maven-shared-utils-3.4.2.pom
2025-03-08 22:56:36,989 [Worker-14: Importing Maven projects] INFO  o.e.m.c.i.e.AbstractTransferListenerAdapter - Downloaded https://repo.maven.apache.org/maven2/org/apache/maven/shared/maven-shared-utils/3.4.2/maven-shared-utils-3.4.2.pom
2025-03-08 22:56:37,086 [Worker-14: Importing Maven projects] INFO  o.e.m.c.i.e.AbstractTransferListenerAdapter - Downloading https://repo.maven.apache.org/maven2/org/apache/maven/shared/maven-shared-components/39/maven-shared-components-39.pom
2025-03-08 22:56:37,161 [Worker-14: Importing Maven projects] INFO  o.e.m.c.i.e.AbstractTransferListenerAdapter - Downloaded https://repo.maven.apache.org/maven2/org/apache/maven/shared/maven-shared-components/39/maven-shared-components-39.pom
2025-03-08 22:56:37,264 [Worker-14: Importing Maven projects] INFO  o.e.m.c.i.e.AbstractTransferListenerAdapter - Downloading https://repo.maven.apache.org/maven2/org/apache/maven/maven-parent/39/maven-parent-39.pom
2025-03-08 22:56:37,341 [Worker-14: Importing Maven projects] INFO  o.e.m.c.i.e.AbstractTransferListenerAdapter - Downloaded https://repo.maven.apache.org/maven2/org/apache/maven/maven-parent/39/maven-parent-39.pom
2025-03-08 22:56:37,474 [Worker-14: Importing Maven projects] INFO  o.e.m.c.i.e.AbstractTransferListenerAdapter - Downloading https://repo.maven.apache.org/maven2/org/slf4j/slf4j-api/1.7.36/slf4j-api-1.7.36.pom
2025-03-08 22:56:37,547 [Worker-14: Importing Maven projects] INFO  o.e.m.c.i.e.AbstractTransferListenerAdapter - Downloaded https://repo.maven.apache.org/maven2/org/slf4j/slf4j-api/1.7.36/slf4j-api-1.7.36.pom
2025-03-08 22:56:37,654 [Worker-14: Importing Maven projects] INFO  o.e.m.c.i.e.AbstractTransferListenerAdapter - Downloading https://repo.maven.apache.org/maven2/org/slf4j/slf4j-parent/1.7.36/slf4j-parent-1.7.36.pom
2025-03-08 22:56:37,724 [Worker-14: Importing Maven projects] INFO  o.e.m.c.i.e.AbstractTransferListenerAdapter - Downloaded https://repo.maven.apache.org/maven2/org/slf4j/slf4j-parent/1.7.36/slf4j-parent-1.7.36.pom
2025-03-08 22:56:37,850 [Worker-14: Importing Maven projects] INFO  o.e.m.c.i.e.AbstractTransferListenerAdapter - Downloading https://repo.maven.apache.org/maven2/commons-io/commons-io/2.11.0/commons-io-2.11.0.pom
2025-03-08 22:56:37,924 [Worker-14: Importing Maven projects] INFO  o.e.m.c.i.e.AbstractTransferListenerAdapter - Downloaded https://repo.maven.apache.org/maven2/commons-io/commons-io/2.11.0/commons-io-2.11.0.pom
2025-03-08 22:56:38,038 [Worker-14: Importing Maven projects] INFO  o.e.m.c.i.e.AbstractTransferListenerAdapter - Downloading https://repo.maven.apache.org/maven2/org/apache/commons/commons-parent/52/commons-parent-52.pom
2025-03-08 22:56:38,132 [Worker-14: Importing Maven projects] INFO  o.e.m.c.i.e.AbstractTransferListenerAdapter - Downloaded https://repo.maven.apache.org/maven2/org/apache/commons/commons-parent/52/commons-parent-52.pom
2025-03-08 22:56:38,260 [Worker-14: Importing Maven projects] INFO  o.e.m.c.i.e.AbstractTransferListenerAdapter - Downloading https://repo.maven.apache.org/maven2/org/apache/apache/23/apache-23.pom
2025-03-08 22:56:38,336 [Worker-14: Importing Maven projects] INFO  o.e.m.c.i.e.AbstractTransferListenerAdapter - Downloaded https://repo.maven.apache.org/maven2/org/apache/apache/23/apache-23.pom
2025-03-08 22:56:38,453 [Worker-14: Importing Maven projects] INFO  o.e.m.c.i.e.AbstractTransferListenerAdapter - Downloading https://repo.maven.apache.org/maven2/org/junit/junit-bom/5.7.2/junit-bom-5.7.2.pom
2025-03-08 22:56:38,517 [Worker-14: Importing Maven projects] INFO  o.e.m.c.i.e.AbstractTransferListenerAdapter - Downloaded https://repo.maven.apache.org/maven2/org/junit/junit-bom/5.7.2/junit-bom-5.7.2.pom
2025-03-08 22:56:38,634 [Worker-14: Importing Maven projects] INFO  o.e.m.c.i.e.AbstractTransferListenerAdapter - Downloading https://repo.maven.apache.org/maven2/org/apache/maven/shared/maven-shared-incremental/1.1/maven-shared-incremental-1.1.pom
2025-03-08 22:56:38,696 [Worker-14: Importing Maven projects] INFO  o.e.m.c.i.e.AbstractTransferListenerAdapter - Downloaded https://repo.maven.apache.org/maven2/org/apache/maven/shared/maven-shared-incremental/1.1/maven-shared-incremental-1.1.pom
2025-03-08 22:56:38,791 [Worker-14: Importing Maven projects] INFO  o.e.m.c.i.e.AbstractTransferListenerAdapter - Downloading https://repo.maven.apache.org/maven2/org/apache/maven/shared/maven-shared-components/19/maven-shared-components-19.pom
2025-03-08 22:56:38,865 [Worker-14: Importing Maven projects] INFO  o.e.m.c.i.e.AbstractTransferListenerAdapter - Downloaded https://repo.maven.apache.org/maven2/org/apache/maven/shared/maven-shared-components/19/maven-shared-components-19.pom
2025-03-08 22:56:38,961 [Worker-14: Importing Maven projects] INFO  o.e.m.c.i.e.AbstractTransferListenerAdapter - Downloading https://repo.maven.apache.org/maven2/org/apache/maven/maven-parent/23/maven-parent-23.pom
2025-03-08 22:56:39,045 [Worker-14: Importing Maven projects] INFO  o.e.m.c.i.e.AbstractTransferListenerAdapter - Downloaded https://repo.maven.apache.org/maven2/org/apache/maven/maven-parent/23/maven-parent-23.pom
2025-03-08 22:56:39,168 [Worker-14: Importing Maven projects] INFO  o.e.m.c.i.e.AbstractTransferListenerAdapter - Downloading https://repo.maven.apache.org/maven2/org/apache/apache/13/apache-13.pom
2025-03-08 22:56:39,244 [Worker-14: Importing Maven projects] INFO  o.e.m.c.i.e.AbstractTransferListenerAdapter - Downloaded https://repo.maven.apache.org/maven2/org/apache/apache/13/apache-13.pom
2025-03-08 22:56:39,366 [Worker-14: Importing Maven projects] INFO  o.e.m.c.i.e.AbstractTransferListenerAdapter - Downloading https://repo.maven.apache.org/maven2/org/codehaus/plexus/plexus-java/1.2.0/plexus-java-1.2.0.pom
2025-03-08 22:56:39,430 [Worker-14: Importing Maven projects] INFO  o.e.m.c.i.e.AbstractTransferListenerAdapter - Downloaded https://repo.maven.apache.org/maven2/org/codehaus/plexus/plexus-java/1.2.0/plexus-java-1.2.0.pom
2025-03-08 22:56:39,524 [Worker-14: Importing Maven projects] INFO  o.e.m.c.i.e.AbstractTransferListenerAdapter - Downloading https://repo.maven.apache.org/maven2/org/codehaus/plexus/plexus-languages/1.2.0/plexus-languages-1.2.0.pom
2025-03-08 22:56:39,590 [Worker-14: Importing Maven projects] INFO  o.e.m.c.i.e.AbstractTransferListenerAdapter - Downloaded https://repo.maven.apache.org/maven2/org/codehaus/plexus/plexus-languages/1.2.0/plexus-languages-1.2.0.pom
2025-03-08 22:56:39,701 [Worker-14: Importing Maven projects] INFO  o.e.m.c.i.e.AbstractTransferListenerAdapter - Downloading https://repo.maven.apache.org/maven2/org/codehaus/plexus/plexus/15/plexus-15.pom
2025-03-08 22:56:39,769 [Worker-14: Importing Maven projects] INFO  o.e.m.c.i.e.AbstractTransferListenerAdapter - Downloaded https://repo.maven.apache.org/maven2/org/codehaus/plexus/plexus/15/plexus-15.pom
2025-03-08 22:56:39,906 [Worker-14: Importing Maven projects] INFO  o.e.m.c.i.e.AbstractTransferListenerAdapter - Downloading https://repo.maven.apache.org/maven2/org/junit/junit-bom/5.10.0/junit-bom-5.10.0.pom
2025-03-08 22:56:39,970 [Worker-14: Importing Maven projects] INFO  o.e.m.c.i.e.AbstractTransferListenerAdapter - Downloaded https://repo.maven.apache.org/maven2/org/junit/junit-bom/5.10.0/junit-bom-5.10.0.pom
2025-03-08 22:56:40,070 [Worker-14: Importing Maven projects] INFO  o.e.m.c.i.e.AbstractTransferListenerAdapter - Downloading https://repo.maven.apache.org/maven2/org/ow2/asm/asm/9.6/asm-9.6.pom
2025-03-08 22:56:40,136 [Worker-14: Importing Maven projects] INFO  o.e.m.c.i.e.AbstractTransferListenerAdapter - Downloaded https://repo.maven.apache.org/maven2/org/ow2/asm/asm/9.6/asm-9.6.pom
2025-03-08 22:56:40,231 [Worker-14: Importing Maven projects] INFO  o.e.m.c.i.e.AbstractTransferListenerAdapter - Downloading https://repo.maven.apache.org/maven2/org/ow2/ow2/1.5.1/ow2-1.5.1.pom
2025-03-08 22:56:40,293 [Worker-14: Importing Maven projects] INFO  o.e.m.c.i.e.AbstractTransferListenerAdapter - Downloaded https://repo.maven.apache.org/maven2/org/ow2/ow2/1.5.1/ow2-1.5.1.pom
2025-03-08 22:56:40,412 [Worker-14: Importing Maven projects] INFO  o.e.m.c.i.e.AbstractTransferListenerAdapter - Downloading https://repo.maven.apache.org/maven2/com/thoughtworks/qdox/qdox/2.0.3/qdox-2.0.3.pom
2025-03-08 22:56:40,477 [Worker-14: Importing Maven projects] INFO  o.e.m.c.i.e.AbstractTransferListenerAdapter - Downloaded https://repo.maven.apache.org/maven2/com/thoughtworks/qdox/qdox/2.0.3/qdox-2.0.3.pom
2025-03-08 22:56:40,590 [Worker-14: Importing Maven projects] INFO  o.e.m.c.i.e.AbstractTransferListenerAdapter - Downloading https://repo.maven.apache.org/maven2/org/sonatype/oss/oss-parent/9/oss-parent-9.pom
2025-03-08 22:56:40,653 [Worker-14: Importing Maven projects] INFO  o.e.m.c.i.e.AbstractTransferListenerAdapter - Downloaded https://repo.maven.apache.org/maven2/org/sonatype/oss/oss-parent/9/oss-parent-9.pom
2025-03-08 22:56:40,751 [Worker-14: Importing Maven projects] INFO  o.e.m.c.i.e.AbstractTransferListenerAdapter - Downloading https://repo.maven.apache.org/maven2/org/codehaus/plexus/plexus-compiler-api/2.15.0/plexus-compiler-api-2.15.0.pom
2025-03-08 22:56:40,812 [Worker-14: Importing Maven projects] INFO  o.e.m.c.i.e.AbstractTransferListenerAdapter - Downloaded https://repo.maven.apache.org/maven2/org/codehaus/plexus/plexus-compiler-api/2.15.0/plexus-compiler-api-2.15.0.pom
2025-03-08 22:56:40,908 [Worker-14: Importing Maven projects] INFO  o.e.m.c.i.e.AbstractTransferListenerAdapter - Downloading https://repo.maven.apache.org/maven2/org/codehaus/plexus/plexus-compiler/2.15.0/plexus-compiler-2.15.0.pom
2025-03-08 22:56:40,976 [Worker-14: Importing Maven projects] INFO  o.e.m.c.i.e.AbstractTransferListenerAdapter - Downloaded https://repo.maven.apache.org/maven2/org/codehaus/plexus/plexus-compiler/2.15.0/plexus-compiler-2.15.0.pom
2025-03-08 22:56:41,074 [Worker-14: Importing Maven projects] INFO  o.e.m.c.i.e.AbstractTransferListenerAdapter - Downloading https://repo.maven.apache.org/maven2/org/codehaus/plexus/plexus/17/plexus-17.pom
2025-03-08 22:56:41,154 [Worker-14: Importing Maven projects] INFO  o.e.m.c.i.e.AbstractTransferListenerAdapter - Downloaded https://repo.maven.apache.org/maven2/org/codehaus/plexus/plexus/17/plexus-17.pom
2025-03-08 22:56:41,270 [Worker-14: Importing Maven projects] INFO  o.e.m.c.i.e.AbstractTransferListenerAdapter - Downloading https://repo.maven.apache.org/maven2/org/junit/junit-bom/5.10.2/junit-bom-5.10.2.pom
2025-03-08 22:56:41,341 [Worker-14: Importing Maven projects] INFO  o.e.m.c.i.e.AbstractTransferListenerAdapter - Downloaded https://repo.maven.apache.org/maven2/org/junit/junit-bom/5.10.2/junit-bom-5.10.2.pom
2025-03-08 22:56:41,443 [Worker-14: Importing Maven projects] INFO  o.e.m.c.i.e.AbstractTransferListenerAdapter - Downloading https://repo.maven.apache.org/maven2/org/codehaus/plexus/plexus-utils/4.0.0/plexus-utils-4.0.0.pom
2025-03-08 22:56:41,524 [Worker-14: Importing Maven projects] INFO  o.e.m.c.i.e.AbstractTransferListenerAdapter - Downloaded https://repo.maven.apache.org/maven2/org/codehaus/plexus/plexus-utils/4.0.0/plexus-utils-4.0.0.pom
2025-03-08 22:56:41,642 [Worker-14: Importing Maven projects] INFO  o.e.m.c.i.e.AbstractTransferListenerAdapter - Downloading https://repo.maven.apache.org/maven2/org/codehaus/plexus/plexus/13/plexus-13.pom
2025-03-08 22:56:41,709 [Worker-14: Importing Maven projects] INFO  o.e.m.c.i.e.AbstractTransferListenerAdapter - Downloaded https://repo.maven.apache.org/maven2/org/codehaus/plexus/plexus/13/plexus-13.pom
2025-03-08 22:56:41,828 [Worker-14: Importing Maven projects] INFO  o.e.m.c.i.e.AbstractTransferListenerAdapter - Downloading https://repo.maven.apache.org/maven2/org/junit/junit-bom/5.9.3/junit-bom-5.9.3.pom
2025-03-08 22:56:41,905 [Worker-14: Importing Maven projects] INFO  o.e.m.c.i.e.AbstractTransferListenerAdapter - Downloaded https://repo.maven.apache.org/maven2/org/junit/junit-bom/5.9.3/junit-bom-5.9.3.pom
2025-03-08 22:56:42,018 [Worker-14: Importing Maven projects] INFO  o.e.m.c.i.e.AbstractTransferListenerAdapter - Downloading https://repo.maven.apache.org/maven2/org/codehaus/plexus/plexus-compiler-manager/2.15.0/plexus-compiler-manager-2.15.0.pom
2025-03-08 22:56:42,086 [Worker-14: Importing Maven projects] INFO  o.e.m.c.i.e.AbstractTransferListenerAdapter - Downloaded https://repo.maven.apache.org/maven2/org/codehaus/plexus/plexus-compiler-manager/2.15.0/plexus-compiler-manager-2.15.0.pom
2025-03-08 22:56:42,190 [Worker-14: Importing Maven projects] INFO  o.e.m.c.i.e.AbstractTransferListenerAdapter - Downloading https://repo.maven.apache.org/maven2/javax/inject/javax.inject/1/javax.inject-1.pom
2025-03-08 22:56:42,258 [Worker-14: Importing Maven projects] INFO  o.e.m.c.i.e.AbstractTransferListenerAdapter - Downloaded https://repo.maven.apache.org/maven2/javax/inject/javax.inject/1/javax.inject-1.pom
2025-03-08 22:56:42,359 [Worker-14: Importing Maven projects] INFO  o.e.m.c.i.e.AbstractTransferListenerAdapter - Downloading https://repo.maven.apache.org/maven2/org/codehaus/plexus/plexus-xml/3.0.0/plexus-xml-3.0.0.pom
2025-03-08 22:56:42,431 [Worker-14: Importing Maven projects] INFO  o.e.m.c.i.e.AbstractTransferListenerAdapter - Downloaded https://repo.maven.apache.org/maven2/org/codehaus/plexus/plexus-xml/3.0.0/plexus-xml-3.0.0.pom
2025-03-08 22:56:42,532 [Worker-14: Importing Maven projects] INFO  o.e.m.c.i.e.AbstractTransferListenerAdapter - Downloading https://repo.maven.apache.org/maven2/org/codehaus/plexus/plexus-compiler-javac/2.15.0/plexus-compiler-javac-2.15.0.pom
2025-03-08 22:56:42,600 [Worker-14: Importing Maven projects] INFO  o.e.m.c.i.e.AbstractTransferListenerAdapter - Downloaded https://repo.maven.apache.org/maven2/org/codehaus/plexus/plexus-compiler-javac/2.15.0/plexus-compiler-javac-2.15.0.pom
2025-03-08 22:56:42,805 [Worker-14: Importing Maven projects] INFO  o.e.m.c.i.e.AbstractTransferListenerAdapter - Downloading https://repo.maven.apache.org/maven2/org/codehaus/plexus/plexus-compilers/2.15.0/plexus-compilers-2.15.0.pom
2025-03-08 22:56:42,866 [Worker-14: Importing Maven projects] INFO  o.e.m.c.i.e.AbstractTransferListenerAdapter - Downloaded https://repo.maven.apache.org/maven2/org/codehaus/plexus/plexus-compilers/2.15.0/plexus-compilers-2.15.0.pom
2025-03-08 22:56:42,986 [Worker-14: Importing Maven projects] INFO  o.e.m.c.i.e.AbstractTransferListenerAdapter - Downloading https://repo.maven.apache.org/maven2/org/apache/maven/shared/maven-shared-utils/3.4.2/maven-shared-utils-3.4.2.jar
2025-03-08 22:56:43,075 [Worker-14: Importing Maven projects] INFO  o.e.m.c.i.e.AbstractTransferListenerAdapter - Downloaded https://repo.maven.apache.org/maven2/org/apache/maven/shared/maven-shared-utils/3.4.2/maven-shared-utils-3.4.2.jar
2025-03-08 22:56:43,164 [BasicRepositoryConnector-repo.maven.apache.org-0-1] INFO  o.e.m.c.i.e.AbstractTransferListenerAdapter - Downloading https://repo.maven.apache.org/maven2/commons-io/commons-io/2.11.0/commons-io-2.11.0.jar
2025-03-08 22:56:43,326 [BasicRepositoryConnector-repo.maven.apache.org-0-1] INFO  o.e.m.c.i.e.AbstractTransferListenerAdapter - Downloaded https://repo.maven.apache.org/maven2/commons-io/commons-io/2.11.0/commons-io-2.11.0.jar
2025-03-08 22:56:43,336 [BasicRepositoryConnector-repo.maven.apache.org-0-3] INFO  o.e.m.c.i.e.AbstractTransferListenerAdapter - Downloading https://repo.maven.apache.org/maven2/org/codehaus/plexus/plexus-java/1.2.0/plexus-java-1.2.0.jar
2025-03-08 22:56:43,336 [BasicRepositoryConnector-repo.maven.apache.org-0-0] INFO  o.e.m.c.i.e.AbstractTransferListenerAdapter - Downloading https://repo.maven.apache.org/maven2/org/slf4j/slf4j-api/1.7.36/slf4j-api-1.7.36.jar
2025-03-08 22:56:43,337 [BasicRepositoryConnector-repo.maven.apache.org-0-4] INFO  o.e.m.c.i.e.AbstractTransferListenerAdapter - Downloading https://repo.maven.apache.org/maven2/org/ow2/asm/asm/9.6/asm-9.6.jar
2025-03-08 22:56:43,343 [BasicRepositoryConnector-repo.maven.apache.org-0-2] INFO  o.e.m.c.i.e.AbstractTransferListenerAdapter - Downloading https://repo.maven.apache.org/maven2/org/apache/maven/shared/maven-shared-incremental/1.1/maven-shared-incremental-1.1.jar
2025-03-08 22:56:43,408 [BasicRepositoryConnector-repo.maven.apache.org-0-1] INFO  o.e.m.c.i.e.AbstractTransferListenerAdapter - Downloading https://repo.maven.apache.org/maven2/com/thoughtworks/qdox/qdox/2.0.3/qdox-2.0.3.jar
2025-03-08 22:56:43,542 [BasicRepositoryConnector-repo.maven.apache.org-0-1] INFO  o.e.m.c.i.e.AbstractTransferListenerAdapter - Downloaded https://repo.maven.apache.org/maven2/com/thoughtworks/qdox/qdox/2.0.3/qdox-2.0.3.jar
2025-03-08 22:56:43,549 [BasicRepositoryConnector-repo.maven.apache.org-0-3] INFO  o.e.m.c.i.e.AbstractTransferListenerAdapter - Downloaded https://repo.maven.apache.org/maven2/org/codehaus/plexus/plexus-java/1.2.0/plexus-java-1.2.0.jar
2025-03-08 22:56:43,621 [BasicRepositoryConnector-repo.maven.apache.org-0-1] INFO  o.e.m.c.i.e.AbstractTransferListenerAdapter - Downloading https://repo.maven.apache.org/maven2/org/codehaus/plexus/plexus-compiler-api/2.15.0/plexus-compiler-api-2.15.0.jar
2025-03-08 22:56:43,629 [BasicRepositoryConnector-repo.maven.apache.org-0-3] INFO  o.e.m.c.i.e.AbstractTransferListenerAdapter - Downloading https://repo.maven.apache.org/maven2/org/codehaus/plexus/plexus-compiler-manager/2.15.0/plexus-compiler-manager-2.15.0.jar
2025-03-08 22:56:43,637 [BasicRepositoryConnector-repo.maven.apache.org-0-4] INFO  o.e.m.c.i.e.AbstractTransferListenerAdapter - Downloaded https://repo.maven.apache.org/maven2/org/ow2/asm/asm/9.6/asm-9.6.jar
2025-03-08 22:56:43,718 [BasicRepositoryConnector-repo.maven.apache.org-0-4] INFO  o.e.m.c.i.e.AbstractTransferListenerAdapter - Downloading https://repo.maven.apache.org/maven2/javax/inject/javax.inject/1/javax.inject-1.jar
2025-03-08 22:56:43,759 [BasicRepositoryConnector-repo.maven.apache.org-0-4] INFO  o.e.m.c.i.e.AbstractTransferListenerAdapter - Downloaded https://repo.maven.apache.org/maven2/javax/inject/javax.inject/1/javax.inject-1.jar
2025-03-08 22:56:43,761 [BasicRepositoryConnector-repo.maven.apache.org-0-2] INFO  o.e.m.c.i.e.AbstractTransferListenerAdapter - Downloaded https://repo.maven.apache.org/maven2/org/apache/maven/shared/maven-shared-incremental/1.1/maven-shared-incremental-1.1.jar
2025-03-08 22:56:43,839 [BasicRepositoryConnector-repo.maven.apache.org-0-4] INFO  o.e.m.c.i.e.AbstractTransferListenerAdapter - Downloading https://repo.maven.apache.org/maven2/org/codehaus/plexus/plexus-xml/3.0.0/plexus-xml-3.0.0.jar
2025-03-08 22:56:43,847 [BasicRepositoryConnector-repo.maven.apache.org-0-2] INFO  o.e.m.c.i.e.AbstractTransferListenerAdapter - Downloading https://repo.maven.apache.org/maven2/org/codehaus/plexus/plexus-compiler-javac/2.15.0/plexus-compiler-javac-2.15.0.jar
2025-03-08 22:56:43,942 [BasicRepositoryConnector-repo.maven.apache.org-0-4] INFO  o.e.m.c.i.e.AbstractTransferListenerAdapter - Downloaded https://repo.maven.apache.org/maven2/org/codehaus/plexus/plexus-xml/3.0.0/plexus-xml-3.0.0.jar
2025-03-08 22:56:43,961 [BasicRepositoryConnector-repo.maven.apache.org-0-3] INFO  o.e.m.c.i.e.AbstractTransferListenerAdapter - Downloaded https://repo.maven.apache.org/maven2/org/codehaus/plexus/plexus-compiler-manager/2.15.0/plexus-compiler-manager-2.15.0.jar
2025-03-08 22:56:44,030 [BasicRepositoryConnector-repo.maven.apache.org-0-4] INFO  o.e.m.c.i.e.AbstractTransferListenerAdapter - Downloading https://repo.maven.apache.org/maven2/org/codehaus/plexus/plexus-utils/4.0.0/plexus-utils-4.0.0.jar
2025-03-08 22:56:44,135 [BasicRepositoryConnector-repo.maven.apache.org-0-4] INFO  o.e.m.c.i.e.AbstractTransferListenerAdapter - Downloaded https://repo.maven.apache.org/maven2/org/codehaus/plexus/plexus-utils/4.0.0/plexus-utils-4.0.0.jar
2025-03-08 22:56:44,318 [BasicRepositoryConnector-repo.maven.apache.org-0-2] INFO  o.e.m.c.i.e.AbstractTransferListenerAdapter - Downloaded https://repo.maven.apache.org/maven2/org/codehaus/plexus/plexus-compiler-javac/2.15.0/plexus-compiler-javac-2.15.0.jar
2025-03-08 22:56:44,423 [BasicRepositoryConnector-repo.maven.apache.org-0-1] INFO  o.e.m.c.i.e.AbstractTransferListenerAdapter - Downloaded https://repo.maven.apache.org/maven2/org/codehaus/plexus/plexus-compiler-api/2.15.0/plexus-compiler-api-2.15.0.jar
2025-03-08 22:56:44,607 [BasicRepositoryConnector-repo.maven.apache.org-0-0] INFO  o.e.m.c.i.e.AbstractTransferListenerAdapter - Downloaded https://repo.maven.apache.org/maven2/org/slf4j/slf4j-api/1.7.36/slf4j-api-1.7.36.jar
2025-03-08 22:56:46,550 [Worker-14: Importing Maven projects] INFO  o.e.m.c.i.l.LifecycleMappingFactory - Using org.eclipse.m2e.jdt.JarLifecycleMapping lifecycle mapping for MavenProject: com.petamigo:login:0.0.1-SNAPSHOT @ D:\Desenvolvimento Software\PetAmigo\API\login\pom.xml.
2025-03-08 22:56:46,646 [Worker-14: Importing Maven projects] INFO  o.e.m.c.i.e.AbstractTransferListenerAdapter - Downloading https://repo.maven.apache.org/maven2/org/springframework/boot/spring-boot-starter-data-jpa/3.3.9/spring-boot-starter-data-jpa-3.3.9.pom
2025-03-08 22:56:46,691 [Worker-14: Importing Maven projects] INFO  o.e.m.c.i.e.AbstractTransferListenerAdapter - Downloaded https://repo.maven.apache.org/maven2/org/springframework/boot/spring-boot-starter-data-jpa/3.3.9/spring-boot-starter-data-jpa-3.3.9.pom
2025-03-08 22:56:46,782 [Worker-14: Importing Maven projects] INFO  o.e.m.c.i.e.AbstractTransferListenerAdapter - Downloading https://repo.maven.apache.org/maven2/org/springframework/boot/spring-boot-starter-aop/3.3.9/spring-boot-starter-aop-3.3.9.pom
2025-03-08 22:56:46,827 [Worker-14: Importing Maven projects] INFO  o.e.m.c.i.e.AbstractTransferListenerAdapter - Downloaded https://repo.maven.apache.org/maven2/org/springframework/boot/spring-boot-starter-aop/3.3.9/spring-boot-starter-aop-3.3.9.pom
2025-03-08 22:56:46,923 [Worker-14: Importing Maven projects] INFO  o.e.m.c.i.e.AbstractTransferListenerAdapter - Downloading https://repo.maven.apache.org/maven2/org/springframework/boot/spring-boot-starter/3.3.9/spring-boot-starter-3.3.9.pom
2025-03-08 22:56:46,970 [Worker-14: Importing Maven projects] INFO  o.e.m.c.i.e.AbstractTransferListenerAdapter - Downloaded https://repo.maven.apache.org/maven2/org/springframework/boot/spring-boot-starter/3.3.9/spring-boot-starter-3.3.9.pom
2025-03-08 22:56:47,171 [Worker-14: Importing Maven projects] INFO  o.e.m.c.i.e.AbstractTransferListenerAdapter - Downloading https://repo.maven.apache.org/maven2/org/springframework/boot/spring-boot/3.3.9/spring-boot-3.3.9.pom
2025-03-08 22:56:47,213 [Worker-14: Importing Maven projects] INFO  o.e.m.c.i.e.AbstractTransferListenerAdapter - Downloaded https://repo.maven.apache.org/maven2/org/springframework/boot/spring-boot/3.3.9/spring-boot-3.3.9.pom
2025-03-08 22:56:47,299 [Worker-14: Importing Maven projects] INFO  o.e.m.c.i.e.AbstractTransferListenerAdapter - Downloading https://repo.maven.apache.org/maven2/org/springframework/spring-core/6.1.17/spring-core-6.1.17.pom
2025-03-08 22:56:47,345 [Worker-14: Importing Maven projects] INFO  o.e.m.c.i.e.AbstractTransferListenerAdapter - Downloaded https://repo.maven.apache.org/maven2/org/springframework/spring-core/6.1.17/spring-core-6.1.17.pom
2025-03-08 22:56:47,433 [Worker-14: Importing Maven projects] INFO  o.e.m.c.i.e.AbstractTransferListenerAdapter - Downloading https://repo.maven.apache.org/maven2/org/springframework/spring-jcl/6.1.17/spring-jcl-6.1.17.pom
2025-03-08 22:56:47,477 [Worker-14: Importing Maven projects] INFO  o.e.m.c.i.e.AbstractTransferListenerAdapter - Downloaded https://repo.maven.apache.org/maven2/org/springframework/spring-jcl/6.1.17/spring-jcl-6.1.17.pom
2025-03-08 22:56:47,569 [Worker-14: Importing Maven projects] INFO  o.e.m.c.i.e.AbstractTransferListenerAdapter - Downloading https://repo.maven.apache.org/maven2/org/springframework/spring-context/6.1.17/spring-context-6.1.17.pom
2025-03-08 22:56:47,611 [Worker-14: Importing Maven projects] INFO  o.e.m.c.i.e.AbstractTransferListenerAdapter - Downloaded https://repo.maven.apache.org/maven2/org/springframework/spring-context/6.1.17/spring-context-6.1.17.pom
2025-03-08 22:56:47,809 [Worker-14: Importing Maven projects] INFO  o.e.m.c.i.e.AbstractTransferListenerAdapter - Downloading https://repo.maven.apache.org/maven2/org/springframework/spring-aop/6.1.17/spring-aop-6.1.17.pom
2025-03-08 22:56:47,853 [Worker-14: Importing Maven projects] INFO  o.e.m.c.i.e.AbstractTransferListenerAdapter - Downloaded https://repo.maven.apache.org/maven2/org/springframework/spring-aop/6.1.17/spring-aop-6.1.17.pom
2025-03-08 22:56:47,951 [Worker-14: Importing Maven projects] INFO  o.e.m.c.i.e.AbstractTransferListenerAdapter - Downloading https://repo.maven.apache.org/maven2/org/springframework/spring-beans/6.1.17/spring-beans-6.1.17.pom
2025-03-08 22:56:47,993 [Worker-14: Importing Maven projects] INFO  o.e.m.c.i.e.AbstractTransferListenerAdapter - Downloaded https://repo.maven.apache.org/maven2/org/springframework/spring-beans/6.1.17/spring-beans-6.1.17.pom
2025-03-08 22:56:48,080 [Worker-14: Importing Maven projects] INFO  o.e.m.c.i.e.AbstractTransferListenerAdapter - Downloading https://repo.maven.apache.org/maven2/org/springframework/spring-expression/6.1.17/spring-expression-6.1.17.pom
2025-03-08 22:56:48,123 [Worker-14: Importing Maven projects] INFO  o.e.m.c.i.e.AbstractTransferListenerAdapter - Downloaded https://repo.maven.apache.org/maven2/org/springframework/spring-expression/6.1.17/spring-expression-6.1.17.pom
2025-03-08 22:56:48,212 [Worker-14: Importing Maven projects] INFO  o.e.m.c.i.e.AbstractTransferListenerAdapter - Downloading https://repo.maven.apache.org/maven2/io/micrometer/micrometer-observation/1.13.11/micrometer-observation-1.13.11.pom
2025-03-08 22:56:48,247 [Worker-14: Importing Maven projects] INFO  o.e.m.c.i.e.AbstractTransferListenerAdapter - Downloaded https://repo.maven.apache.org/maven2/io/micrometer/micrometer-observation/1.13.11/micrometer-observation-1.13.11.pom
2025-03-08 22:56:48,334 [Worker-14: Importing Maven projects] INFO  o.e.m.c.i.e.AbstractTransferListenerAdapter - Downloading https://repo.maven.apache.org/maven2/io/micrometer/micrometer-commons/1.13.11/micrometer-commons-1.13.11.pom
2025-03-08 22:56:48,378 [Worker-14: Importing Maven projects] INFO  o.e.m.c.i.e.AbstractTransferListenerAdapter - Downloaded https://repo.maven.apache.org/maven2/io/micrometer/micrometer-commons/1.13.11/micrometer-commons-1.13.11.pom
2025-03-08 22:56:48,469 [Worker-14: Importing Maven projects] INFO  o.e.m.c.i.e.AbstractTransferListenerAdapter - Downloading https://repo.maven.apache.org/maven2/org/springframework/boot/spring-boot-autoconfigure/3.3.9/spring-boot-autoconfigure-3.3.9.pom
2025-03-08 22:56:48,517 [Worker-14: Importing Maven projects] INFO  o.e.m.c.i.e.AbstractTransferListenerAdapter - Downloaded https://repo.maven.apache.org/maven2/org/springframework/boot/spring-boot-autoconfigure/3.3.9/spring-boot-autoconfigure-3.3.9.pom
2025-03-08 22:56:48,603 [Worker-14: Importing Maven projects] INFO  o.e.m.c.i.e.AbstractTransferListenerAdapter - Downloading https://repo.maven.apache.org/maven2/org/springframework/boot/spring-boot-starter-logging/3.3.9/spring-boot-starter-logging-3.3.9.pom
2025-03-08 22:56:48,648 [Worker-14: Importing Maven projects] INFO  o.e.m.c.i.e.AbstractTransferListenerAdapter - Downloaded https://repo.maven.apache.org/maven2/org/springframework/boot/spring-boot-starter-logging/3.3.9/spring-boot-starter-logging-3.3.9.pom
2025-03-08 22:56:48,741 [Worker-14: Importing Maven projects] INFO  o.e.m.c.i.e.AbstractTransferListenerAdapter - Downloading https://repo.maven.apache.org/maven2/ch/qos/logback/logback-classic/1.5.16/logback-classic-1.5.16.pom
2025-03-08 22:56:48,777 [Worker-14: Importing Maven projects] INFO  o.e.m.c.i.e.AbstractTransferListenerAdapter - Downloaded https://repo.maven.apache.org/maven2/ch/qos/logback/logback-classic/1.5.16/logback-classic-1.5.16.pom
2025-03-08 22:56:48,883 [Worker-14: Importing Maven projects] INFO  o.e.m.c.i.e.AbstractTransferListenerAdapter - Downloading https://repo.maven.apache.org/maven2/ch/qos/logback/logback-parent/1.5.16/logback-parent-1.5.16.pom
2025-03-08 22:56:48,917 [Worker-14: Importing Maven projects] INFO  o.e.m.c.i.e.AbstractTransferListenerAdapter - Downloaded https://repo.maven.apache.org/maven2/ch/qos/logback/logback-parent/1.5.16/logback-parent-1.5.16.pom
2025-03-08 22:56:49,016 [Worker-14: Importing Maven projects] INFO  o.e.m.c.i.e.AbstractTransferListenerAdapter - Downloading https://repo.maven.apache.org/maven2/ch/qos/logback/logback-core/1.5.16/logback-core-1.5.16.pom
2025-03-08 22:56:49,069 [Worker-14: Importing Maven projects] INFO  o.e.m.c.i.e.AbstractTransferListenerAdapter - Downloaded https://repo.maven.apache.org/maven2/ch/qos/logback/logback-core/1.5.16/logback-core-1.5.16.pom
2025-03-08 22:56:49,159 [Worker-14: Importing Maven projects] INFO  o.e.m.c.i.e.AbstractTransferListenerAdapter - Downloading https://repo.maven.apache.org/maven2/org/slf4j/slf4j-api/2.0.16/slf4j-api-2.0.16.pom
2025-03-08 22:56:49,204 [Worker-14: Importing Maven projects] INFO  o.e.m.c.i.e.AbstractTransferListenerAdapter - Downloaded https://repo.maven.apache.org/maven2/org/slf4j/slf4j-api/2.0.16/slf4j-api-2.0.16.pom
2025-03-08 22:56:49,290 [Worker-14: Importing Maven projects] INFO  o.e.m.c.i.e.AbstractTransferListenerAdapter - Downloading https://repo.maven.apache.org/maven2/org/slf4j/slf4j-parent/2.0.16/slf4j-parent-2.0.16.pom
2025-03-08 22:56:49,326 [Worker-14: Importing Maven projects] INFO  o.e.m.c.i.e.AbstractTransferListenerAdapter - Downloaded https://repo.maven.apache.org/maven2/org/slf4j/slf4j-parent/2.0.16/slf4j-parent-2.0.16.pom
2025-03-08 22:56:49,425 [Worker-14: Importing Maven projects] INFO  o.e.m.c.i.e.AbstractTransferListenerAdapter - Downloading https://repo.maven.apache.org/maven2/org/slf4j/slf4j-bom/2.0.16/slf4j-bom-2.0.16.pom
2025-03-08 22:56:49,475 [Worker-14: Importing Maven projects] INFO  o.e.m.c.i.e.AbstractTransferListenerAdapter - Downloaded https://repo.maven.apache.org/maven2/org/slf4j/slf4j-bom/2.0.16/slf4j-bom-2.0.16.pom
2025-03-08 22:56:49,566 [Worker-14: Importing Maven projects] INFO  o.e.m.c.i.e.AbstractTransferListenerAdapter - Downloading https://repo.maven.apache.org/maven2/org/apache/logging/log4j/log4j-to-slf4j/2.23.1/log4j-to-slf4j-2.23.1.pom
2025-03-08 22:56:49,608 [Worker-14: Importing Maven projects] INFO  o.e.m.c.i.e.AbstractTransferListenerAdapter - Downloaded https://repo.maven.apache.org/maven2/org/apache/logging/log4j/log4j-to-slf4j/2.23.1/log4j-to-slf4j-2.23.1.pom
2025-03-08 22:56:49,721 [Worker-14: Importing Maven projects] INFO  o.e.m.c.i.e.AbstractTransferListenerAdapter - Downloading https://repo.maven.apache.org/maven2/org/apache/logging/log4j/log4j/2.23.1/log4j-2.23.1.pom
2025-03-08 22:56:49,791 [Worker-14: Importing Maven projects] INFO  o.e.m.c.i.e.AbstractTransferListenerAdapter - Downloaded https://repo.maven.apache.org/maven2/org/apache/logging/log4j/log4j/2.23.1/log4j-2.23.1.pom
2025-03-08 22:56:49,918 [Worker-14: Importing Maven projects] INFO  o.e.m.c.i.e.AbstractTransferListenerAdapter - Downloading https://repo.maven.apache.org/maven2/org/codehaus/groovy/groovy-bom/3.0.21/groovy-bom-3.0.21.pom
2025-03-08 22:56:49,965 [Worker-14: Importing Maven projects] INFO  o.e.m.c.i.e.AbstractTransferListenerAdapter - Downloaded https://repo.maven.apache.org/maven2/org/codehaus/groovy/groovy-bom/3.0.21/groovy-bom-3.0.21.pom
2025-03-08 22:56:50,090 [Worker-14: Importing Maven projects] INFO  o.e.m.c.i.e.AbstractTransferListenerAdapter - Downloading https://repo.maven.apache.org/maven2/com/fasterxml/jackson/jackson-bom/2.16.1/jackson-bom-2.16.1.pom
2025-03-08 22:56:50,126 [Worker-14: Importing Maven projects] INFO  o.e.m.c.i.e.AbstractTransferListenerAdapter - Downloaded https://repo.maven.apache.org/maven2/com/fasterxml/jackson/jackson-bom/2.16.1/jackson-bom-2.16.1.pom
2025-03-08 22:56:50,232 [Worker-14: Importing Maven projects] INFO  o.e.m.c.i.e.AbstractTransferListenerAdapter - Downloading https://repo.maven.apache.org/maven2/com/fasterxml/jackson/jackson-parent/2.16/jackson-parent-2.16.pom
2025-03-08 22:56:50,272 [Worker-14: Importing Maven projects] INFO  o.e.m.c.i.e.AbstractTransferListenerAdapter - Downloaded https://repo.maven.apache.org/maven2/com/fasterxml/jackson/jackson-parent/2.16/jackson-parent-2.16.pom
2025-03-08 22:56:50,360 [Worker-14: Importing Maven projects] INFO  o.e.m.c.i.e.AbstractTransferListenerAdapter - Downloading https://repo.maven.apache.org/maven2/com/fasterxml/oss-parent/56/oss-parent-56.pom
2025-03-08 22:56:50,406 [Worker-14: Importing Maven projects] INFO  o.e.m.c.i.e.AbstractTransferListenerAdapter - Downloaded https://repo.maven.apache.org/maven2/com/fasterxml/oss-parent/56/oss-parent-56.pom
2025-03-08 22:56:50,508 [Worker-14: Importing Maven projects] INFO  o.e.m.c.i.e.AbstractTransferListenerAdapter - Downloading https://repo.maven.apache.org/maven2/jakarta/platform/jakarta.jakartaee-bom/9.1.0/jakarta.jakartaee-bom-9.1.0.pom
2025-03-08 22:56:50,552 [Worker-14: Importing Maven projects] INFO  o.e.m.c.i.e.AbstractTransferListenerAdapter - Downloaded https://repo.maven.apache.org/maven2/jakarta/platform/jakarta.jakartaee-bom/9.1.0/jakarta.jakartaee-bom-9.1.0.pom
2025-03-08 22:56:50,650 [Worker-14: Importing Maven projects] INFO  o.e.m.c.i.e.AbstractTransferListenerAdapter - Downloading https://repo.maven.apache.org/maven2/jakarta/platform/jakartaee-api-parent/9.1.0/jakartaee-api-parent-9.1.0.pom
2025-03-08 22:56:50,692 [Worker-14: Importing Maven projects] INFO  o.e.m.c.i.e.AbstractTransferListenerAdapter - Downloaded https://repo.maven.apache.org/maven2/jakarta/platform/jakartaee-api-parent/9.1.0/jakartaee-api-parent-9.1.0.pom
2025-03-08 22:56:50,791 [Worker-14: Importing Maven projects] INFO  o.e.m.c.i.e.AbstractTransferListenerAdapter - Downloading https://repo.maven.apache.org/maven2/org/eclipse/ee4j/project/1.0.7/project-1.0.7.pom
2025-03-08 22:56:50,838 [Worker-14: Importing Maven projects] INFO  o.e.m.c.i.e.AbstractTransferListenerAdapter - Downloaded https://repo.maven.apache.org/maven2/org/eclipse/ee4j/project/1.0.7/project-1.0.7.pom
2025-03-08 22:56:50,938 [Worker-14: Importing Maven projects] INFO  o.e.m.c.i.e.AbstractTransferListenerAdapter - Downloading https://repo.maven.apache.org/maven2/org/eclipse/jetty/jetty-bom/9.4.54.v20240208/jetty-bom-9.4.54.v20240208.pom
2025-03-08 22:56:50,983 [Worker-14: Importing Maven projects] INFO  o.e.m.c.i.e.AbstractTransferListenerAdapter - Downloaded https://repo.maven.apache.org/maven2/org/eclipse/jetty/jetty-bom/9.4.54.v20240208/jetty-bom-9.4.54.v20240208.pom
2025-03-08 22:56:51,080 [Worker-14: Importing Maven projects] INFO  o.e.m.c.i.e.AbstractTransferListenerAdapter - Downloading https://repo.maven.apache.org/maven2/io/fabric8/kubernetes-client-bom/5.12.4/kubernetes-client-bom-5.12.4.pom
2025-03-08 22:56:51,123 [Worker-14: Importing Maven projects] INFO  o.e.m.c.i.e.AbstractTransferListenerAdapter - Downloaded https://repo.maven.apache.org/maven2/io/fabric8/kubernetes-client-bom/5.12.4/kubernetes-client-bom-5.12.4.pom
2025-03-08 22:56:51,230 [Worker-14: Importing Maven projects] INFO  o.e.m.c.i.e.AbstractTransferListenerAdapter - Downloading https://repo.maven.apache.org/maven2/org/mockito/mockito-bom/4.11.0/mockito-bom-4.11.0.pom
2025-03-08 22:56:51,273 [Worker-14: Importing Maven projects] INFO  o.e.m.c.i.e.AbstractTransferListenerAdapter - Downloaded https://repo.maven.apache.org/maven2/org/mockito/mockito-bom/4.11.0/mockito-bom-4.11.0.pom
2025-03-08 22:56:51,380 [Worker-14: Importing Maven projects] INFO  o.e.m.c.i.e.AbstractTransferListenerAdapter - Downloading https://repo.maven.apache.org/maven2/io/netty/netty-bom/4.1.107.Final/netty-bom-4.1.107.Final.pom
2025-03-08 22:56:51,426 [Worker-14: Importing Maven projects] INFO  o.e.m.c.i.e.AbstractTransferListenerAdapter - Downloaded https://repo.maven.apache.org/maven2/io/netty/netty-bom/4.1.107.Final/netty-bom-4.1.107.Final.pom
2025-03-08 22:56:51,536 [Worker-14: Importing Maven projects] INFO  o.e.m.c.i.e.AbstractTransferListenerAdapter - Downloading https://repo.maven.apache.org/maven2/org/springframework/spring-framework-bom/5.3.32/spring-framework-bom-5.3.32.pom
2025-03-08 22:56:51,582 [Worker-14: Importing Maven projects] INFO  o.e.m.c.i.e.AbstractTransferListenerAdapter - Downloaded https://repo.maven.apache.org/maven2/org/springframework/spring-framework-bom/5.3.32/spring-framework-bom-5.3.32.pom
2025-03-08 22:56:51,684 [Worker-14: Importing Maven projects] INFO  o.e.m.c.i.e.AbstractTransferListenerAdapter - Downloading https://repo.maven.apache.org/maven2/org/apache/logging/log4j/log4j-api/2.23.1/log4j-api-2.23.1.pom
2025-03-08 22:56:51,729 [Worker-14: Importing Maven projects] INFO  o.e.m.c.i.e.AbstractTransferListenerAdapter - Downloaded https://repo.maven.apache.org/maven2/org/apache/logging/log4j/log4j-api/2.23.1/log4j-api-2.23.1.pom
2025-03-08 22:56:51,826 [Worker-14: Importing Maven projects] INFO  o.e.m.c.i.e.AbstractTransferListenerAdapter - Downloading https://repo.maven.apache.org/maven2/org/slf4j/jul-to-slf4j/2.0.16/jul-to-slf4j-2.0.16.pom
2025-03-08 22:56:51,869 [Worker-14: Importing Maven projects] INFO  o.e.m.c.i.e.AbstractTransferListenerAdapter - Downloaded https://repo.maven.apache.org/maven2/org/slf4j/jul-to-slf4j/2.0.16/jul-to-slf4j-2.0.16.pom
2025-03-08 22:56:51,960 [Worker-14: Importing Maven projects] INFO  o.e.m.c.i.e.AbstractTransferListenerAdapter - Downloading https://repo.maven.apache.org/maven2/jakarta/annotation/jakarta.annotation-api/2.1.1/jakarta.annotation-api-2.1.1.pom
2025-03-08 22:56:52,007 [Worker-14: Importing Maven projects] INFO  o.e.m.c.i.e.AbstractTransferListenerAdapter - Downloaded https://repo.maven.apache.org/maven2/jakarta/annotation/jakarta.annotation-api/2.1.1/jakarta.annotation-api-2.1.1.pom
2025-03-08 22:56:52,118 [Worker-14: Importing Maven projects] INFO  o.e.m.c.i.e.AbstractTransferListenerAdapter - Downloading https://repo.maven.apache.org/maven2/org/yaml/snakeyaml/2.2/snakeyaml-2.2.pom
2025-03-08 22:56:52,160 [Worker-14: Importing Maven projects] INFO  o.e.m.c.i.e.AbstractTransferListenerAdapter - Downloaded https://repo.maven.apache.org/maven2/org/yaml/snakeyaml/2.2/snakeyaml-2.2.pom
2025-03-08 22:56:52,264 [Worker-14: Importing Maven projects] INFO  o.e.m.c.i.e.AbstractTransferListenerAdapter - Downloading https://repo.maven.apache.org/maven2/org/aspectj/aspectjweaver/1.9.22.1/aspectjweaver-1.9.22.1.pom
2025-03-08 22:56:52,308 [Worker-14: Importing Maven projects] INFO  o.e.m.c.i.e.AbstractTransferListenerAdapter - Downloaded https://repo.maven.apache.org/maven2/org/aspectj/aspectjweaver/1.9.22.1/aspectjweaver-1.9.22.1.pom
2025-03-08 22:56:52,400 [Worker-14: Importing Maven projects] INFO  o.e.m.c.i.e.AbstractTransferListenerAdapter - Downloading https://repo.maven.apache.org/maven2/org/springframework/boot/spring-boot-starter-jdbc/3.3.9/spring-boot-starter-jdbc-3.3.9.pom
2025-03-08 22:56:52,444 [Worker-14: Importing Maven projects] INFO  o.e.m.c.i.e.AbstractTransferListenerAdapter - Downloaded https://repo.maven.apache.org/maven2/org/springframework/boot/spring-boot-starter-jdbc/3.3.9/spring-boot-starter-jdbc-3.3.9.pom
2025-03-08 22:56:52,541 [Worker-14: Importing Maven projects] INFO  o.e.m.c.i.e.AbstractTransferListenerAdapter - Downloading https://repo.maven.apache.org/maven2/com/zaxxer/HikariCP/5.1.0/HikariCP-5.1.0.pom
2025-03-08 22:56:52,588 [Worker-14: Importing Maven projects] INFO  o.e.m.c.i.e.AbstractTransferListenerAdapter - Downloaded https://repo.maven.apache.org/maven2/com/zaxxer/HikariCP/5.1.0/HikariCP-5.1.0.pom
2025-03-08 22:56:52,683 [Worker-14: Importing Maven projects] INFO  o.e.m.c.i.e.AbstractTransferListenerAdapter - Downloading https://repo.maven.apache.org/maven2/org/springframework/spring-jdbc/6.1.17/spring-jdbc-6.1.17.pom
2025-03-08 22:56:52,719 [Worker-14: Importing Maven projects] INFO  o.e.m.c.i.e.AbstractTransferListenerAdapter - Downloaded https://repo.maven.apache.org/maven2/org/springframework/spring-jdbc/6.1.17/spring-jdbc-6.1.17.pom
2025-03-08 22:56:52,806 [Worker-14: Importing Maven projects] INFO  o.e.m.c.i.e.AbstractTransferListenerAdapter - Downloading https://repo.maven.apache.org/maven2/org/springframework/spring-tx/6.1.17/spring-tx-6.1.17.pom
2025-03-08 22:56:52,849 [Worker-14: Importing Maven projects] INFO  o.e.m.c.i.e.AbstractTransferListenerAdapter - Downloaded https://repo.maven.apache.org/maven2/org/springframework/spring-tx/6.1.17/spring-tx-6.1.17.pom
2025-03-08 22:56:52,938 [Worker-14: Importing Maven projects] INFO  o.e.m.c.i.e.AbstractTransferListenerAdapter - Downloading https://repo.maven.apache.org/maven2/org/hibernate/orm/hibernate-core/6.5.3.Final/hibernate-core-6.5.3.Final.pom
2025-03-08 22:56:52,981 [Worker-14: Importing Maven projects] INFO  o.e.m.c.i.e.AbstractTransferListenerAdapter - Downloaded https://repo.maven.apache.org/maven2/org/hibernate/orm/hibernate-core/6.5.3.Final/hibernate-core-6.5.3.Final.pom
2025-03-08 22:56:53,067 [Worker-14: Importing Maven projects] INFO  o.e.m.c.i.e.AbstractTransferListenerAdapter - Downloading https://repo.maven.apache.org/maven2/jakarta/persistence/jakarta.persistence-api/3.1.0/jakarta.persistence-api-3.1.0.pom
2025-03-08 22:56:53,112 [Worker-14: Importing Maven projects] INFO  o.e.m.c.i.e.AbstractTransferListenerAdapter - Downloaded https://repo.maven.apache.org/maven2/jakarta/persistence/jakarta.persistence-api/3.1.0/jakarta.persistence-api-3.1.0.pom
2025-03-08 22:56:53,212 [Worker-14: Importing Maven projects] INFO  o.e.m.c.i.e.AbstractTransferListenerAdapter - Downloading https://repo.maven.apache.org/maven2/jakarta/transaction/jakarta.transaction-api/2.0.1/jakarta.transaction-api-2.0.1.pom
2025-03-08 22:56:53,259 [Worker-14: Importing Maven projects] INFO  o.e.m.c.i.e.AbstractTransferListenerAdapter - Downloaded https://repo.maven.apache.org/maven2/jakarta/transaction/jakarta.transaction-api/2.0.1/jakarta.transaction-api-2.0.1.pom
2025-03-08 22:56:53,356 [Worker-14: Importing Maven projects] INFO  o.e.m.c.i.e.AbstractTransferListenerAdapter - Downloading https://repo.maven.apache.org/maven2/org/eclipse/ee4j/project/1.0.6/project-1.0.6.pom
2025-03-08 22:56:53,404 [Worker-14: Importing Maven projects] INFO  o.e.m.c.i.e.AbstractTransferListenerAdapter - Downloaded https://repo.maven.apache.org/maven2/org/eclipse/ee4j/project/1.0.6/project-1.0.6.pom
2025-03-08 22:56:53,504 [Worker-14: Importing Maven projects] INFO  o.e.m.c.i.e.AbstractTransferListenerAdapter - Downloading https://repo.maven.apache.org/maven2/org/jboss/logging/jboss-logging/3.5.3.Final/jboss-logging-3.5.3.Final.pom
2025-03-08 22:56:53,551 [Worker-14: Importing Maven projects] INFO  o.e.m.c.i.e.AbstractTransferListenerAdapter - Downloaded https://repo.maven.apache.org/maven2/org/jboss/logging/jboss-logging/3.5.3.Final/jboss-logging-3.5.3.Final.pom
2025-03-08 22:56:53,657 [Worker-14: Importing Maven projects] INFO  o.e.m.c.i.e.AbstractTransferListenerAdapter - Downloading https://repo.maven.apache.org/maven2/org/jboss/logging/logging-parent/1.0.1.Final/logging-parent-1.0.1.Final.pom
2025-03-08 22:56:53,701 [Worker-14: Importing Maven projects] INFO  o.e.m.c.i.e.AbstractTransferListenerAdapter - Downloaded https://repo.maven.apache.org/maven2/org/jboss/logging/logging-parent/1.0.1.Final/logging-parent-1.0.1.Final.pom
2025-03-08 22:56:53,790 [Worker-14: Importing Maven projects] INFO  o.e.m.c.i.e.AbstractTransferListenerAdapter - Downloading https://repo.maven.apache.org/maven2/org/jboss/jboss-parent/39/jboss-parent-39.pom
2025-03-08 22:56:53,840 [Worker-14: Importing Maven projects] INFO  o.e.m.c.i.e.AbstractTransferListenerAdapter - Downloaded https://repo.maven.apache.org/maven2/org/jboss/jboss-parent/39/jboss-parent-39.pom
2025-03-08 22:56:53,949 [Worker-14: Importing Maven projects] INFO  o.e.m.c.i.e.AbstractTransferListenerAdapter - Downloading https://repo.maven.apache.org/maven2/org/hibernate/common/hibernate-commons-annotations/6.0.6.Final/hibernate-commons-annotations-6.0.6.Final.pom
2025-03-08 22:56:53,994 [Worker-14: Importing Maven projects] INFO  o.e.m.c.i.e.AbstractTransferListenerAdapter - Downloaded https://repo.maven.apache.org/maven2/org/hibernate/common/hibernate-commons-annotations/6.0.6.Final/hibernate-commons-annotations-6.0.6.Final.pom
2025-03-08 22:56:54,090 [Worker-14: Importing Maven projects] INFO  o.e.m.c.i.e.AbstractTransferListenerAdapter - Downloading https://repo.maven.apache.org/maven2/io/smallrye/jandex/3.1.2/jandex-3.1.2.pom
2025-03-08 22:56:54,136 [Worker-14: Importing Maven projects] INFO  o.e.m.c.i.e.AbstractTransferListenerAdapter - Downloaded https://repo.maven.apache.org/maven2/io/smallrye/jandex/3.1.2/jandex-3.1.2.pom
2025-03-08 22:56:54,229 [Worker-14: Importing Maven projects] INFO  o.e.m.c.i.e.AbstractTransferListenerAdapter - Downloading https://repo.maven.apache.org/maven2/io/smallrye/jandex-parent/3.1.2/jandex-parent-3.1.2.pom
2025-03-08 22:56:54,263 [Worker-14: Importing Maven projects] INFO  o.e.m.c.i.e.AbstractTransferListenerAdapter - Downloaded https://repo.maven.apache.org/maven2/io/smallrye/jandex-parent/3.1.2/jandex-parent-3.1.2.pom
2025-03-08 22:56:54,351 [Worker-14: Importing Maven projects] INFO  o.e.m.c.i.e.AbstractTransferListenerAdapter - Downloading https://repo.maven.apache.org/maven2/io/smallrye/smallrye-build-parent/39/smallrye-build-parent-39.pom
2025-03-08 22:56:54,394 [Worker-14: Importing Maven projects] INFO  o.e.m.c.i.e.AbstractTransferListenerAdapter - Downloaded https://repo.maven.apache.org/maven2/io/smallrye/smallrye-build-parent/39/smallrye-build-parent-39.pom
2025-03-08 22:56:54,494 [Worker-14: Importing Maven projects] INFO  o.e.m.c.i.e.AbstractTransferListenerAdapter - Downloading https://repo.maven.apache.org/maven2/com/fasterxml/classmate/1.7.0/classmate-1.7.0.pom
2025-03-08 22:56:54,526 [Worker-14: Importing Maven projects] INFO  o.e.m.c.i.e.AbstractTransferListenerAdapter - Downloaded https://repo.maven.apache.org/maven2/com/fasterxml/classmate/1.7.0/classmate-1.7.0.pom
2025-03-08 22:56:54,615 [Worker-14: Importing Maven projects] INFO  o.e.m.c.i.e.AbstractTransferListenerAdapter - Downloading https://repo.maven.apache.org/maven2/net/bytebuddy/byte-buddy/1.14.19/byte-buddy-1.14.19.pom
2025-03-08 22:56:54,669 [Worker-14: Importing Maven projects] INFO  o.e.m.c.i.e.AbstractTransferListenerAdapter - Downloaded https://repo.maven.apache.org/maven2/net/bytebuddy/byte-buddy/1.14.19/byte-buddy-1.14.19.pom
2025-03-08 22:56:54,766 [Worker-14: Importing Maven projects] INFO  o.e.m.c.i.e.AbstractTransferListenerAdapter - Downloading https://repo.maven.apache.org/maven2/net/bytebuddy/byte-buddy-parent/1.14.19/byte-buddy-parent-1.14.19.pom
2025-03-08 22:56:54,816 [Worker-14: Importing Maven projects] INFO  o.e.m.c.i.e.AbstractTransferListenerAdapter - Downloaded https://repo.maven.apache.org/maven2/net/bytebuddy/byte-buddy-parent/1.14.19/byte-buddy-parent-1.14.19.pom
2025-03-08 22:56:54,922 [Worker-14: Importing Maven projects] INFO  o.e.m.c.i.e.AbstractTransferListenerAdapter - Downloading https://repo.maven.apache.org/maven2/jakarta/xml/bind/jakarta.xml.bind-api/4.0.2/jakarta.xml.bind-api-4.0.2.pom
2025-03-08 22:56:54,971 [Worker-14: Importing Maven projects] INFO  o.e.m.c.i.e.AbstractTransferListenerAdapter - Downloaded https://repo.maven.apache.org/maven2/jakarta/xml/bind/jakarta.xml.bind-api/4.0.2/jakarta.xml.bind-api-4.0.2.pom
2025-03-08 22:56:55,070 [Worker-14: Importing Maven projects] INFO  o.e.m.c.i.e.AbstractTransferListenerAdapter - Downloading https://repo.maven.apache.org/maven2/jakarta/xml/bind/jakarta.xml.bind-api-parent/4.0.2/jakarta.xml.bind-api-parent-4.0.2.pom
2025-03-08 22:56:55,121 [Worker-14: Importing Maven projects] INFO  o.e.m.c.i.e.AbstractTransferListenerAdapter - Downloaded https://repo.maven.apache.org/maven2/jakarta/xml/bind/jakarta.xml.bind-api-parent/4.0.2/jakarta.xml.bind-api-parent-4.0.2.pom
2025-03-08 22:56:55,230 [Worker-14: Importing Maven projects] INFO  o.e.m.c.i.e.AbstractTransferListenerAdapter - Downloading https://repo.maven.apache.org/maven2/jakarta/activation/jakarta.activation-api/2.1.3/jakarta.activation-api-2.1.3.pom
2025-03-08 22:56:55,274 [Worker-14: Importing Maven projects] INFO  o.e.m.c.i.e.AbstractTransferListenerAdapter - Downloaded https://repo.maven.apache.org/maven2/jakarta/activation/jakarta.activation-api/2.1.3/jakarta.activation-api-2.1.3.pom
2025-03-08 22:56:55,378 [Worker-14: Importing Maven projects] INFO  o.e.m.c.i.e.AbstractTransferListenerAdapter - Downloading https://repo.maven.apache.org/maven2/org/glassfish/jaxb/jaxb-runtime/4.0.5/jaxb-runtime-4.0.5.pom
2025-03-08 22:56:55,425 [Worker-14: Importing Maven projects] INFO  o.e.m.c.i.e.AbstractTransferListenerAdapter - Downloaded https://repo.maven.apache.org/maven2/org/glassfish/jaxb/jaxb-runtime/4.0.5/jaxb-runtime-4.0.5.pom
2025-03-08 22:56:55,535 [Worker-14: Importing Maven projects] INFO  o.e.m.c.i.e.AbstractTransferListenerAdapter - Downloading https://repo.maven.apache.org/maven2/com/sun/xml/bind/mvn/jaxb-runtime-parent/4.0.5/jaxb-runtime-parent-4.0.5.pom
2025-03-08 22:56:55,577 [Worker-14: Importing Maven projects] INFO  o.e.m.c.i.e.AbstractTransferListenerAdapter - Downloaded https://repo.maven.apache.org/maven2/com/sun/xml/bind/mvn/jaxb-runtime-parent/4.0.5/jaxb-runtime-parent-4.0.5.pom
2025-03-08 22:56:55,675 [Worker-14: Importing Maven projects] INFO  o.e.m.c.i.e.AbstractTransferListenerAdapter - Downloading https://repo.maven.apache.org/maven2/com/sun/xml/bind/mvn/jaxb-parent/4.0.5/jaxb-parent-4.0.5.pom
2025-03-08 22:56:55,739 [Worker-14: Importing Maven projects] INFO  o.e.m.c.i.e.AbstractTransferListenerAdapter - Downloaded https://repo.maven.apache.org/maven2/com/sun/xml/bind/mvn/jaxb-parent/4.0.5/jaxb-parent-4.0.5.pom
2025-03-08 22:56:55,843 [Worker-14: Importing Maven projects] INFO  o.e.m.c.i.e.AbstractTransferListenerAdapter - Downloading https://repo.maven.apache.org/maven2/com/sun/xml/bind/jaxb-bom-ext/4.0.5/jaxb-bom-ext-4.0.5.pom
2025-03-08 22:56:55,902 [Worker-14: Importing Maven projects] INFO  o.e.m.c.i.e.AbstractTransferListenerAdapter - Downloaded https://repo.maven.apache.org/maven2/com/sun/xml/bind/jaxb-bom-ext/4.0.5/jaxb-bom-ext-4.0.5.pom
2025-03-08 22:56:56,002 [Worker-14: Importing Maven projects] INFO  o.e.m.c.i.e.AbstractTransferListenerAdapter - Downloading https://repo.maven.apache.org/maven2/org/glassfish/jaxb/jaxb-core/4.0.5/jaxb-core-4.0.5.pom
2025-03-08 22:56:56,054 [Worker-14: Importing Maven projects] INFO  o.e.m.c.i.e.AbstractTransferListenerAdapter - Downloaded https://repo.maven.apache.org/maven2/org/glassfish/jaxb/jaxb-core/4.0.5/jaxb-core-4.0.5.pom
2025-03-08 22:56:56,145 [Worker-14: Importing Maven projects] INFO  o.e.m.c.i.e.AbstractTransferListenerAdapter - Downloading https://repo.maven.apache.org/maven2/org/eclipse/angus/angus-activation/2.0.2/angus-activation-2.0.2.pom
2025-03-08 22:56:56,198 [Worker-14: Importing Maven projects] INFO  o.e.m.c.i.e.AbstractTransferListenerAdapter - Downloaded https://repo.maven.apache.org/maven2/org/eclipse/angus/angus-activation/2.0.2/angus-activation-2.0.2.pom
2025-03-08 22:56:56,288 [Worker-14: Importing Maven projects] INFO  o.e.m.c.i.e.AbstractTransferListenerAdapter - Downloading https://repo.maven.apache.org/maven2/org/eclipse/angus/angus-activation-project/2.0.2/angus-activation-project-2.0.2.pom
2025-03-08 22:56:56,352 [Worker-14: Importing Maven projects] INFO  o.e.m.c.i.e.AbstractTransferListenerAdapter - Downloaded https://repo.maven.apache.org/maven2/org/eclipse/angus/angus-activation-project/2.0.2/angus-activation-project-2.0.2.pom
2025-03-08 22:56:56,461 [Worker-14: Importing Maven projects] INFO  o.e.m.c.i.e.AbstractTransferListenerAdapter - Downloading https://repo.maven.apache.org/maven2/org/glassfish/jaxb/txw2/4.0.5/txw2-4.0.5.pom
2025-03-08 22:56:56,510 [Worker-14: Importing Maven projects] INFO  o.e.m.c.i.e.AbstractTransferListenerAdapter - Downloaded https://repo.maven.apache.org/maven2/org/glassfish/jaxb/txw2/4.0.5/txw2-4.0.5.pom
2025-03-08 22:56:56,609 [Worker-14: Importing Maven projects] INFO  o.e.m.c.i.e.AbstractTransferListenerAdapter - Downloading https://repo.maven.apache.org/maven2/com/sun/xml/bind/mvn/jaxb-txw-parent/4.0.5/jaxb-txw-parent-4.0.5.pom
2025-03-08 22:56:56,658 [Worker-14: Importing Maven projects] INFO  o.e.m.c.i.e.AbstractTransferListenerAdapter - Downloaded https://repo.maven.apache.org/maven2/com/sun/xml/bind/mvn/jaxb-txw-parent/4.0.5/jaxb-txw-parent-4.0.5.pom
2025-03-08 22:56:56,747 [Worker-14: Importing Maven projects] INFO  o.e.m.c.i.e.AbstractTransferListenerAdapter - Downloading https://repo.maven.apache.org/maven2/com/sun/istack/istack-commons-runtime/4.1.2/istack-commons-runtime-4.1.2.pom
2025-03-08 22:56:56,809 [Worker-14: Importing Maven projects] INFO  o.e.m.c.i.e.AbstractTransferListenerAdapter - Downloaded https://repo.maven.apache.org/maven2/com/sun/istack/istack-commons-runtime/4.1.2/istack-commons-runtime-4.1.2.pom
2025-03-08 22:56:56,912 [Worker-14: Importing Maven projects] INFO  o.e.m.c.i.e.AbstractTransferListenerAdapter - Downloading https://repo.maven.apache.org/maven2/com/sun/istack/istack-commons/4.1.2/istack-commons-4.1.2.pom
2025-03-08 22:56:56,960 [Worker-14: Importing Maven projects] INFO  o.e.m.c.i.e.AbstractTransferListenerAdapter - Downloaded https://repo.maven.apache.org/maven2/com/sun/istack/istack-commons/4.1.2/istack-commons-4.1.2.pom
2025-03-08 22:56:57,074 [Worker-14: Importing Maven projects] INFO  o.e.m.c.i.e.AbstractTransferListenerAdapter - Downloading https://repo.maven.apache.org/maven2/jakarta/inject/jakarta.inject-api/2.0.1/jakarta.inject-api-2.0.1.pom
2025-03-08 22:56:57,130 [Worker-14: Importing Maven projects] INFO  o.e.m.c.i.e.AbstractTransferListenerAdapter - Downloaded https://repo.maven.apache.org/maven2/jakarta/inject/jakarta.inject-api/2.0.1/jakarta.inject-api-2.0.1.pom
2025-03-08 22:56:57,238 [Worker-14: Importing Maven projects] INFO  o.e.m.c.i.e.AbstractTransferListenerAdapter - Downloading https://repo.maven.apache.org/maven2/org/antlr/antlr4-runtime/4.13.0/antlr4-runtime-4.13.0.pom
2025-03-08 22:56:57,297 [Worker-14: Importing Maven projects] INFO  o.e.m.c.i.e.AbstractTransferListenerAdapter - Downloaded https://repo.maven.apache.org/maven2/org/antlr/antlr4-runtime/4.13.0/antlr4-runtime-4.13.0.pom
2025-03-08 22:56:57,391 [Worker-14: Importing Maven projects] INFO  o.e.m.c.i.e.AbstractTransferListenerAdapter - Downloading https://repo.maven.apache.org/maven2/org/antlr/antlr4-master/4.13.0/antlr4-master-4.13.0.pom
2025-03-08 22:56:57,447 [Worker-14: Importing Maven projects] INFO  o.e.m.c.i.e.AbstractTransferListenerAdapter - Downloaded https://repo.maven.apache.org/maven2/org/antlr/antlr4-master/4.13.0/antlr4-master-4.13.0.pom
2025-03-08 22:56:57,541 [Worker-14: Importing Maven projects] INFO  o.e.m.c.i.e.AbstractTransferListenerAdapter - Downloading https://repo.maven.apache.org/maven2/org/springframework/data/spring-data-jpa/3.3.9/spring-data-jpa-3.3.9.pom
2025-03-08 22:56:57,604 [Worker-14: Importing Maven projects] INFO  o.e.m.c.i.e.AbstractTransferListenerAdapter - Downloaded https://repo.maven.apache.org/maven2/org/springframework/data/spring-data-jpa/3.3.9/spring-data-jpa-3.3.9.pom
2025-03-08 22:56:57,749 [Worker-14: Importing Maven projects] INFO  o.e.m.c.i.e.AbstractTransferListenerAdapter - Downloading https://repo.maven.apache.org/maven2/org/springframework/data/spring-data-jpa-parent/3.3.9/spring-data-jpa-parent-3.3.9.pom
2025-03-08 22:56:57,818 [Worker-14: Importing Maven projects] INFO  o.e.m.c.i.e.AbstractTransferListenerAdapter - Downloaded https://repo.maven.apache.org/maven2/org/springframework/data/spring-data-jpa-parent/3.3.9/spring-data-jpa-parent-3.3.9.pom
2025-03-08 22:56:57,925 [Worker-14: Importing Maven projects] INFO  o.e.m.c.i.e.AbstractTransferListenerAdapter - Downloading https://repo.maven.apache.org/maven2/org/springframework/data/build/spring-data-parent/3.3.9/spring-data-parent-3.3.9.pom
2025-03-08 22:56:58,016 [Worker-14: Importing Maven projects] INFO  o.e.m.c.i.e.AbstractTransferListenerAdapter - Downloaded https://repo.maven.apache.org/maven2/org/springframework/data/build/spring-data-parent/3.3.9/spring-data-parent-3.3.9.pom
2025-03-08 22:56:58,136 [Worker-14: Importing Maven projects] INFO  o.e.m.c.i.e.AbstractTransferListenerAdapter - Downloading https://repo.maven.apache.org/maven2/org/springframework/data/build/spring-data-build/3.3.9/spring-data-build-3.3.9.pom
2025-03-08 22:56:58,211 [Worker-14: Importing Maven projects] INFO  o.e.m.c.i.e.AbstractTransferListenerAdapter - Downloaded https://repo.maven.apache.org/maven2/org/springframework/data/build/spring-data-build/3.3.9/spring-data-build-3.3.9.pom
2025-03-08 22:56:58,379 [Worker-14: Importing Maven projects] INFO  o.e.m.c.i.e.AbstractTransferListenerAdapter - Downloading https://repo.maven.apache.org/maven2/org/springframework/data/spring-data-commons/3.3.9/spring-data-commons-3.3.9.pom
2025-03-08 22:56:58,435 [Worker-14: Importing Maven projects] INFO  o.e.m.c.i.e.AbstractTransferListenerAdapter - Downloaded https://repo.maven.apache.org/maven2/org/springframework/data/spring-data-commons/3.3.9/spring-data-commons-3.3.9.pom
2025-03-08 22:56:58,545 [Worker-14: Importing Maven projects] INFO  o.e.m.c.i.e.AbstractTransferListenerAdapter - Downloading https://repo.maven.apache.org/maven2/org/springframework/spring-orm/6.1.17/spring-orm-6.1.17.pom
2025-03-08 22:56:58,599 [Worker-14: Importing Maven projects] INFO  o.e.m.c.i.e.AbstractTransferListenerAdapter - Downloaded https://repo.maven.apache.org/maven2/org/springframework/spring-orm/6.1.17/spring-orm-6.1.17.pom
2025-03-08 22:56:58,688 [Worker-14: Importing Maven projects] INFO  o.e.m.c.i.e.AbstractTransferListenerAdapter - Downloading https://repo.maven.apache.org/maven2/org/springframework/spring-aspects/6.1.17/spring-aspects-6.1.17.pom
2025-03-08 22:56:58,731 [Worker-14: Importing Maven projects] INFO  o.e.m.c.i.e.AbstractTransferListenerAdapter - Downloaded https://repo.maven.apache.org/maven2/org/springframework/spring-aspects/6.1.17/spring-aspects-6.1.17.pom
2025-03-08 22:56:58,925 [Worker-14: Importing Maven projects] INFO  o.e.m.c.i.e.AbstractTransferListenerAdapter - Downloading https://repo.maven.apache.org/maven2/org/springframework/boot/spring-boot-starter-oauth2-authorization-server/3.3.9/spring-boot-starter-oauth2-authorization-server-3.3.9.pom
2025-03-08 22:56:58,962 [Worker-14: Importing Maven projects] INFO  o.e.m.c.i.e.AbstractTransferListenerAdapter - Downloaded https://repo.maven.apache.org/maven2/org/springframework/boot/spring-boot-starter-oauth2-authorization-server/3.3.9/spring-boot-starter-oauth2-authorization-server-3.3.9.pom
2025-03-08 22:56:59,054 [Worker-14: Importing Maven projects] INFO  o.e.m.c.i.e.AbstractTransferListenerAdapter - Downloading https://repo.maven.apache.org/maven2/org/springframework/boot/spring-boot-starter-web/3.3.9/spring-boot-starter-web-3.3.9.pom
2025-03-08 22:56:59,099 [Worker-14: Importing Maven projects] INFO  o.e.m.c.i.e.AbstractTransferListenerAdapter - Downloaded https://repo.maven.apache.org/maven2/org/springframework/boot/spring-boot-starter-web/3.3.9/spring-boot-starter-web-3.3.9.pom
2025-03-08 22:56:59,192 [Worker-14: Importing Maven projects] INFO  o.e.m.c.i.e.AbstractTransferListenerAdapter - Downloading https://repo.maven.apache.org/maven2/org/springframework/boot/spring-boot-starter-json/3.3.9/spring-boot-starter-json-3.3.9.pom
2025-03-08 22:56:59,243 [Worker-14: Importing Maven projects] INFO  o.e.m.c.i.e.AbstractTransferListenerAdapter - Downloaded https://repo.maven.apache.org/maven2/org/springframework/boot/spring-boot-starter-json/3.3.9/spring-boot-starter-json-3.3.9.pom
2025-03-08 22:56:59,329 [Worker-14: Importing Maven projects] INFO  o.e.m.c.i.e.AbstractTransferListenerAdapter - Downloading https://repo.maven.apache.org/maven2/org/springframework/spring-web/6.1.17/spring-web-6.1.17.pom
2025-03-08 22:56:59,379 [Worker-14: Importing Maven projects] INFO  o.e.m.c.i.e.AbstractTransferListenerAdapter - Downloaded https://repo.maven.apache.org/maven2/org/springframework/spring-web/6.1.17/spring-web-6.1.17.pom
2025-03-08 22:56:59,488 [Worker-14: Importing Maven projects] INFO  o.e.m.c.i.e.AbstractTransferListenerAdapter - Downloading https://repo.maven.apache.org/maven2/com/fasterxml/jackson/core/jackson-databind/2.17.3/jackson-databind-2.17.3.pom
2025-03-08 22:56:59,545 [Worker-14: Importing Maven projects] INFO  o.e.m.c.i.e.AbstractTransferListenerAdapter - Downloaded https://repo.maven.apache.org/maven2/com/fasterxml/jackson/core/jackson-databind/2.17.3/jackson-databind-2.17.3.pom
2025-03-08 22:56:59,655 [Worker-14: Importing Maven projects] INFO  o.e.m.c.i.e.AbstractTransferListenerAdapter - Downloading https://repo.maven.apache.org/maven2/com/fasterxml/jackson/jackson-base/2.17.3/jackson-base-2.17.3.pom
2025-03-08 22:56:59,705 [Worker-14: Importing Maven projects] INFO  o.e.m.c.i.e.AbstractTransferListenerAdapter - Downloaded https://repo.maven.apache.org/maven2/com/fasterxml/jackson/jackson-base/2.17.3/jackson-base-2.17.3.pom
2025-03-08 22:56:59,825 [Worker-14: Importing Maven projects] INFO  o.e.m.c.i.e.AbstractTransferListenerAdapter - Downloading https://repo.maven.apache.org/maven2/com/fasterxml/jackson/core/jackson-annotations/2.17.3/jackson-annotations-2.17.3.pom
2025-03-08 22:56:59,892 [Worker-14: Importing Maven projects] INFO  o.e.m.c.i.e.AbstractTransferListenerAdapter - Downloaded https://repo.maven.apache.org/maven2/com/fasterxml/jackson/core/jackson-annotations/2.17.3/jackson-annotations-2.17.3.pom
2025-03-08 22:56:59,990 [Worker-14: Importing Maven projects] INFO  o.e.m.c.i.e.AbstractTransferListenerAdapter - Downloading https://repo.maven.apache.org/maven2/com/fasterxml/jackson/core/jackson-core/2.17.3/jackson-core-2.17.3.pom
2025-03-08 22:57:00,048 [Worker-14: Importing Maven projects] INFO  o.e.m.c.i.e.AbstractTransferListenerAdapter - Downloaded https://repo.maven.apache.org/maven2/com/fasterxml/jackson/core/jackson-core/2.17.3/jackson-core-2.17.3.pom
2025-03-08 22:57:00,162 [Worker-14: Importing Maven projects] INFO  o.e.m.c.i.e.AbstractTransferListenerAdapter - Downloading https://repo.maven.apache.org/maven2/com/fasterxml/jackson/datatype/jackson-datatype-jdk8/2.17.3/jackson-datatype-jdk8-2.17.3.pom
2025-03-08 22:57:00,224 [Worker-14: Importing Maven projects] INFO  o.e.m.c.i.e.AbstractTransferListenerAdapter - Downloaded https://repo.maven.apache.org/maven2/com/fasterxml/jackson/datatype/jackson-datatype-jdk8/2.17.3/jackson-datatype-jdk8-2.17.3.pom
2025-03-08 22:57:00,328 [Worker-14: Importing Maven projects] INFO  o.e.m.c.i.e.AbstractTransferListenerAdapter - Downloading https://repo.maven.apache.org/maven2/com/fasterxml/jackson/module/jackson-modules-java8/2.17.3/jackson-modules-java8-2.17.3.pom
2025-03-08 22:57:00,403 [Worker-14: Importing Maven projects] INFO  o.e.m.c.i.e.AbstractTransferListenerAdapter - Downloaded https://repo.maven.apache.org/maven2/com/fasterxml/jackson/module/jackson-modules-java8/2.17.3/jackson-modules-java8-2.17.3.pom
2025-03-08 22:57:00,505 [Worker-14: Importing Maven projects] INFO  o.e.m.c.i.e.AbstractTransferListenerAdapter - Downloading https://repo.maven.apache.org/maven2/com/fasterxml/jackson/datatype/jackson-datatype-jsr310/2.17.3/jackson-datatype-jsr310-2.17.3.pom
2025-03-08 22:57:00,551 [Worker-14: Importing Maven projects] INFO  o.e.m.c.i.e.AbstractTransferListenerAdapter - Downloaded https://repo.maven.apache.org/maven2/com/fasterxml/jackson/datatype/jackson-datatype-jsr310/2.17.3/jackson-datatype-jsr310-2.17.3.pom
2025-03-08 22:57:00,651 [Worker-14: Importing Maven projects] INFO  o.e.m.c.i.e.AbstractTransferListenerAdapter - Downloading https://repo.maven.apache.org/maven2/com/fasterxml/jackson/module/jackson-module-parameter-names/2.17.3/jackson-module-parameter-names-2.17.3.pom
2025-03-08 22:57:00,698 [Worker-14: Importing Maven projects] INFO  o.e.m.c.i.e.AbstractTransferListenerAdapter - Downloaded https://repo.maven.apache.org/maven2/com/fasterxml/jackson/module/jackson-module-parameter-names/2.17.3/jackson-module-parameter-names-2.17.3.pom
2025-03-08 22:57:00,790 [Worker-14: Importing Maven projects] INFO  o.e.m.c.i.e.AbstractTransferListenerAdapter - Downloading https://repo.maven.apache.org/maven2/org/springframework/boot/spring-boot-starter-tomcat/3.3.9/spring-boot-starter-tomcat-3.3.9.pom
2025-03-08 22:57:00,835 [Worker-14: Importing Maven projects] INFO  o.e.m.c.i.e.AbstractTransferListenerAdapter - Downloaded https://repo.maven.apache.org/maven2/org/springframework/boot/spring-boot-starter-tomcat/3.3.9/spring-boot-starter-tomcat-3.3.9.pom
2025-03-08 22:57:00,923 [Worker-14: Importing Maven projects] INFO  o.e.m.c.i.e.AbstractTransferListenerAdapter - Downloading https://repo.maven.apache.org/maven2/org/apache/tomcat/embed/tomcat-embed-core/10.1.36/tomcat-embed-core-10.1.36.pom
2025-03-08 22:57:00,966 [Worker-14: Importing Maven projects] INFO  o.e.m.c.i.e.AbstractTransferListenerAdapter - Downloaded https://repo.maven.apache.org/maven2/org/apache/tomcat/embed/tomcat-embed-core/10.1.36/tomcat-embed-core-10.1.36.pom
2025-03-08 22:57:01,060 [Worker-14: Importing Maven projects] INFO  o.e.m.c.i.e.AbstractTransferListenerAdapter - Downloading https://repo.maven.apache.org/maven2/org/apache/tomcat/embed/tomcat-embed-el/10.1.36/tomcat-embed-el-10.1.36.pom
2025-03-08 22:57:01,105 [Worker-14: Importing Maven projects] INFO  o.e.m.c.i.e.AbstractTransferListenerAdapter - Downloaded https://repo.maven.apache.org/maven2/org/apache/tomcat/embed/tomcat-embed-el/10.1.36/tomcat-embed-el-10.1.36.pom
2025-03-08 22:57:01,205 [Worker-14: Importing Maven projects] INFO  o.e.m.c.i.e.AbstractTransferListenerAdapter - Downloading https://repo.maven.apache.org/maven2/org/apache/tomcat/embed/tomcat-embed-websocket/10.1.36/tomcat-embed-websocket-10.1.36.pom
2025-03-08 22:57:01,250 [Worker-14: Importing Maven projects] INFO  o.e.m.c.i.e.AbstractTransferListenerAdapter - Downloaded https://repo.maven.apache.org/maven2/org/apache/tomcat/embed/tomcat-embed-websocket/10.1.36/tomcat-embed-websocket-10.1.36.pom
2025-03-08 22:57:01,339 [Worker-14: Importing Maven projects] INFO  o.e.m.c.i.e.AbstractTransferListenerAdapter - Downloading https://repo.maven.apache.org/maven2/org/springframework/spring-webmvc/6.1.17/spring-webmvc-6.1.17.pom
2025-03-08 22:57:01,376 [Worker-14: Importing Maven projects] INFO  o.e.m.c.i.e.AbstractTransferListenerAdapter - Downloaded https://repo.maven.apache.org/maven2/org/springframework/spring-webmvc/6.1.17/spring-webmvc-6.1.17.pom
2025-03-08 22:57:01,586 [Worker-14: Importing Maven projects] INFO  o.e.m.c.i.e.AbstractTransferListenerAdapter - Downloading https://repo.maven.apache.org/maven2/org/springframework/security/spring-security-oauth2-authorization-server/1.3.5/spring-security-oauth2-authorization-server-1.3.5.pom
2025-03-08 22:57:01,623 [Worker-14: Importing Maven projects] INFO  o.e.m.c.i.e.AbstractTransferListenerAdapter - Downloaded https://repo.maven.apache.org/maven2/org/springframework/security/spring-security-oauth2-authorization-server/1.3.5/spring-security-oauth2-authorization-server-1.3.5.pom
2025-03-08 22:57:01,722 [Worker-14: Importing Maven projects] INFO  o.e.m.c.i.e.AbstractTransferListenerAdapter - Downloading https://repo.maven.apache.org/maven2/org/springframework/security/spring-security-config/6.3.7/spring-security-config-6.3.7.pom
2025-03-08 22:57:01,766 [Worker-14: Importing Maven projects] INFO  o.e.m.c.i.e.AbstractTransferListenerAdapter - Downloaded https://repo.maven.apache.org/maven2/org/springframework/security/spring-security-config/6.3.7/spring-security-config-6.3.7.pom
2025-03-08 22:57:01,865 [Worker-14: Importing Maven projects] INFO  o.e.m.c.i.e.AbstractTransferListenerAdapter - Downloading https://repo.maven.apache.org/maven2/org/springframework/security/spring-security-core/6.3.7/spring-security-core-6.3.7.pom
2025-03-08 22:57:01,923 [Worker-14: Importing Maven projects] INFO  o.e.m.c.i.e.AbstractTransferListenerAdapter - Downloaded https://repo.maven.apache.org/maven2/org/springframework/security/spring-security-core/6.3.7/spring-security-core-6.3.7.pom
2025-03-08 22:57:02,019 [Worker-14: Importing Maven projects] INFO  o.e.m.c.i.e.AbstractTransferListenerAdapter - Downloading https://repo.maven.apache.org/maven2/org/springframework/security/spring-security-crypto/6.3.7/spring-security-crypto-6.3.7.pom
2025-03-08 22:57:02,070 [Worker-14: Importing Maven projects] INFO  o.e.m.c.i.e.AbstractTransferListenerAdapter - Downloaded https://repo.maven.apache.org/maven2/org/springframework/security/spring-security-crypto/6.3.7/spring-security-crypto-6.3.7.pom
2025-03-08 22:57:02,284 [Worker-14: Importing Maven projects] INFO  o.e.m.c.i.e.AbstractTransferListenerAdapter - Downloading https://repo.maven.apache.org/maven2/org/springframework/security/spring-security-web/6.3.7/spring-security-web-6.3.7.pom
2025-03-08 22:57:02,336 [Worker-14: Importing Maven projects] INFO  o.e.m.c.i.e.AbstractTransferListenerAdapter - Downloaded https://repo.maven.apache.org/maven2/org/springframework/security/spring-security-web/6.3.7/spring-security-web-6.3.7.pom
2025-03-08 22:57:02,487 [Worker-14: Importing Maven projects] INFO  o.e.m.c.i.e.AbstractTransferListenerAdapter - Downloading https://repo.maven.apache.org/maven2/org/springframework/security/spring-security-oauth2-core/6.3.7/spring-security-oauth2-core-6.3.7.pom
2025-03-08 22:57:02,546 [Worker-14: Importing Maven projects] INFO  o.e.m.c.i.e.AbstractTransferListenerAdapter - Downloaded https://repo.maven.apache.org/maven2/org/springframework/security/spring-security-oauth2-core/6.3.7/spring-security-oauth2-core-6.3.7.pom
2025-03-08 22:57:02,643 [Worker-14: Importing Maven projects] INFO  o.e.m.c.i.e.AbstractTransferListenerAdapter - Downloading https://repo.maven.apache.org/maven2/org/springframework/security/spring-security-oauth2-jose/6.3.7/spring-security-oauth2-jose-6.3.7.pom
2025-03-08 22:57:02,712 [Worker-14: Importing Maven projects] INFO  o.e.m.c.i.e.AbstractTransferListenerAdapter - Downloaded https://repo.maven.apache.org/maven2/org/springframework/security/spring-security-oauth2-jose/6.3.7/spring-security-oauth2-jose-6.3.7.pom
2025-03-08 22:57:02,812 [Worker-14: Importing Maven projects] INFO  o.e.m.c.i.e.AbstractTransferListenerAdapter - Downloading https://repo.maven.apache.org/maven2/com/nimbusds/nimbus-jose-jwt/9.37.3/nimbus-jose-jwt-9.37.3.pom
2025-03-08 22:57:02,871 [Worker-14: Importing Maven projects] INFO  o.e.m.c.i.e.AbstractTransferListenerAdapter - Downloaded https://repo.maven.apache.org/maven2/com/nimbusds/nimbus-jose-jwt/9.37.3/nimbus-jose-jwt-9.37.3.pom
2025-03-08 22:57:02,980 [Worker-14: Importing Maven projects] INFO  o.e.m.c.i.e.AbstractTransferListenerAdapter - Downloading https://repo.maven.apache.org/maven2/com/github/stephenc/jcip/jcip-annotations/1.0-1/jcip-annotations-1.0-1.pom
2025-03-08 22:57:03,050 [Worker-14: Importing Maven projects] INFO  o.e.m.c.i.e.AbstractTransferListenerAdapter - Downloaded https://repo.maven.apache.org/maven2/com/github/stephenc/jcip/jcip-annotations/1.0-1/jcip-annotations-1.0-1.pom
2025-03-08 22:57:03,144 [Worker-14: Importing Maven projects] INFO  o.e.m.c.i.e.AbstractTransferListenerAdapter - Downloading https://repo.maven.apache.org/maven2/org/springframework/security/spring-security-oauth2-resource-server/6.3.7/spring-security-oauth2-resource-server-6.3.7.pom
2025-03-08 22:57:03,223 [Worker-14: Importing Maven projects] INFO  o.e.m.c.i.e.AbstractTransferListenerAdapter - Downloaded https://repo.maven.apache.org/maven2/org/springframework/security/spring-security-oauth2-resource-server/6.3.7/spring-security-oauth2-resource-server-6.3.7.pom
2025-03-08 22:57:03,331 [Worker-14: Importing Maven projects] INFO  o.e.m.c.i.e.AbstractTransferListenerAdapter - Downloading https://repo.maven.apache.org/maven2/com/nimbusds/nimbus-jose-jwt/9.39.3/nimbus-jose-jwt-9.39.3.pom
2025-03-08 22:57:03,421 [Worker-14: Importing Maven projects] INFO  o.e.m.c.i.e.AbstractTransferListenerAdapter - Downloaded https://repo.maven.apache.org/maven2/com/nimbusds/nimbus-jose-jwt/9.39.3/nimbus-jose-jwt-9.39.3.pom
2025-03-08 22:57:03,545 [Worker-14: Importing Maven projects] INFO  o.e.m.c.i.e.AbstractTransferListenerAdapter - Downloading https://repo.maven.apache.org/maven2/org/springframework/boot/spring-boot-starter-security/3.3.9/spring-boot-starter-security-3.3.9.pom
2025-03-08 22:57:03,619 [Worker-14: Importing Maven projects] INFO  o.e.m.c.i.e.AbstractTransferListenerAdapter - Downloaded https://repo.maven.apache.org/maven2/org/springframework/boot/spring-boot-starter-security/3.3.9/spring-boot-starter-security-3.3.9.pom
2025-03-08 22:57:03,730 [Worker-14: Importing Maven projects] INFO  o.e.m.c.i.e.AbstractTransferListenerAdapter - Downloading https://repo.maven.apache.org/maven2/com/oracle/database/jdbc/ojdbc11/21.9.0.0/ojdbc11-21.9.0.0.pom
2025-03-08 22:57:03,812 [Worker-14: Importing Maven projects] INFO  o.e.m.c.i.e.AbstractTransferListenerAdapter - Downloaded https://repo.maven.apache.org/maven2/com/oracle/database/jdbc/ojdbc11/21.9.0.0/ojdbc11-21.9.0.0.pom
2025-03-08 22:57:03,908 [Worker-14: Importing Maven projects] INFO  o.e.m.c.i.e.AbstractTransferListenerAdapter - Downloading https://repo.maven.apache.org/maven2/org/springframework/boot/spring-boot-starter-test/3.3.9/spring-boot-starter-test-3.3.9.pom
2025-03-08 22:57:03,989 [Worker-14: Importing Maven projects] INFO  o.e.m.c.i.e.AbstractTransferListenerAdapter - Downloaded https://repo.maven.apache.org/maven2/org/springframework/boot/spring-boot-starter-test/3.3.9/spring-boot-starter-test-3.3.9.pom
2025-03-08 22:57:04,089 [Worker-14: Importing Maven projects] INFO  o.e.m.c.i.e.AbstractTransferListenerAdapter - Downloading https://repo.maven.apache.org/maven2/org/springframework/boot/spring-boot-test/3.3.9/spring-boot-test-3.3.9.pom
2025-03-08 22:57:04,152 [Worker-14: Importing Maven projects] INFO  o.e.m.c.i.e.AbstractTransferListenerAdapter - Downloaded https://repo.maven.apache.org/maven2/org/springframework/boot/spring-boot-test/3.3.9/spring-boot-test-3.3.9.pom
2025-03-08 22:57:04,248 [Worker-14: Importing Maven projects] INFO  o.e.m.c.i.e.AbstractTransferListenerAdapter - Downloading https://repo.maven.apache.org/maven2/org/springframework/spring-test/6.1.17/spring-test-6.1.17.pom
2025-03-08 22:57:04,306 [Worker-14: Importing Maven projects] INFO  o.e.m.c.i.e.AbstractTransferListenerAdapter - Downloaded https://repo.maven.apache.org/maven2/org/springframework/spring-test/6.1.17/spring-test-6.1.17.pom
2025-03-08 22:57:04,402 [Worker-14: Importing Maven projects] INFO  o.e.m.c.i.e.AbstractTransferListenerAdapter - Downloading https://repo.maven.apache.org/maven2/org/springframework/boot/spring-boot-test-autoconfigure/3.3.9/spring-boot-test-autoconfigure-3.3.9.pom
2025-03-08 22:57:04,480 [Worker-14: Importing Maven projects] INFO  o.e.m.c.i.e.AbstractTransferListenerAdapter - Downloaded https://repo.maven.apache.org/maven2/org/springframework/boot/spring-boot-test-autoconfigure/3.3.9/spring-boot-test-autoconfigure-3.3.9.pom
2025-03-08 22:57:04,580 [Worker-14: Importing Maven projects] INFO  o.e.m.c.i.e.AbstractTransferListenerAdapter - Downloading https://repo.maven.apache.org/maven2/com/jayway/jsonpath/json-path/2.9.0/json-path-2.9.0.pom
2025-03-08 22:57:04,633 [Worker-14: Importing Maven projects] INFO  o.e.m.c.i.e.AbstractTransferListenerAdapter - Downloaded https://repo.maven.apache.org/maven2/com/jayway/jsonpath/json-path/2.9.0/json-path-2.9.0.pom
2025-03-08 22:57:04,724 [Worker-14: Importing Maven projects] INFO  o.e.m.c.i.e.AbstractTransferListenerAdapter - Downloading https://repo.maven.apache.org/maven2/net/minidev/json-smart/2.5.2/json-smart-2.5.2.pom
2025-03-08 22:57:04,813 [Worker-14: Importing Maven projects] INFO  o.e.m.c.i.e.AbstractTransferListenerAdapter - Downloaded https://repo.maven.apache.org/maven2/net/minidev/json-smart/2.5.2/json-smart-2.5.2.pom
2025-03-08 22:57:04,935 [Worker-14: Importing Maven projects] INFO  o.e.m.c.i.e.AbstractTransferListenerAdapter - Downloading https://repo.maven.apache.org/maven2/net/minidev/accessors-smart/2.5.2/accessors-smart-2.5.2.pom
2025-03-08 22:57:05,026 [Worker-14: Importing Maven projects] INFO  o.e.m.c.i.e.AbstractTransferListenerAdapter - Downloaded https://repo.maven.apache.org/maven2/net/minidev/accessors-smart/2.5.2/accessors-smart-2.5.2.pom
2025-03-08 22:57:05,142 [Worker-14: Importing Maven projects] INFO  o.e.m.c.i.e.AbstractTransferListenerAdapter - Downloading https://repo.maven.apache.org/maven2/org/ow2/asm/asm/9.7.1/asm-9.7.1.pom
2025-03-08 22:57:05,218 [Worker-14: Importing Maven projects] INFO  o.e.m.c.i.e.AbstractTransferListenerAdapter - Downloaded https://repo.maven.apache.org/maven2/org/ow2/asm/asm/9.7.1/asm-9.7.1.pom
2025-03-08 22:57:05,315 [Worker-14: Importing Maven projects] INFO  o.e.m.c.i.e.AbstractTransferListenerAdapter - Downloading https://repo.maven.apache.org/maven2/org/assertj/assertj-core/3.25.3/assertj-core-3.25.3.pom
2025-03-08 22:57:05,388 [Worker-14: Importing Maven projects] INFO  o.e.m.c.i.e.AbstractTransferListenerAdapter - Downloaded https://repo.maven.apache.org/maven2/org/assertj/assertj-core/3.25.3/assertj-core-3.25.3.pom
2025-03-08 22:57:05,486 [Worker-14: Importing Maven projects] INFO  o.e.m.c.i.e.AbstractTransferListenerAdapter - Downloading https://repo.maven.apache.org/maven2/org/awaitility/awaitility/4.2.2/awaitility-4.2.2.pom
2025-03-08 22:57:05,558 [Worker-14: Importing Maven projects] INFO  o.e.m.c.i.e.AbstractTransferListenerAdapter - Downloaded https://repo.maven.apache.org/maven2/org/awaitility/awaitility/4.2.2/awaitility-4.2.2.pom
2025-03-08 22:57:05,650 [Worker-14: Importing Maven projects] INFO  o.e.m.c.i.e.AbstractTransferListenerAdapter - Downloading https://repo.maven.apache.org/maven2/org/awaitility/awaitility-parent/4.2.2/awaitility-parent-4.2.2.pom
2025-03-08 22:57:05,729 [Worker-14: Importing Maven projects] INFO  o.e.m.c.i.e.AbstractTransferListenerAdapter - Downloaded https://repo.maven.apache.org/maven2/org/awaitility/awaitility-parent/4.2.2/awaitility-parent-4.2.2.pom
2025-03-08 22:57:05,850 [Worker-14: Importing Maven projects] INFO  o.e.m.c.i.e.AbstractTransferListenerAdapter - Downloading https://repo.maven.apache.org/maven2/org/hamcrest/hamcrest/2.2/hamcrest-2.2.pom
2025-03-08 22:57:05,921 [Worker-14: Importing Maven projects] INFO  o.e.m.c.i.e.AbstractTransferListenerAdapter - Downloaded https://repo.maven.apache.org/maven2/org/hamcrest/hamcrest/2.2/hamcrest-2.2.pom
2025-03-08 22:57:06,019 [Worker-14: Importing Maven projects] INFO  o.e.m.c.i.e.AbstractTransferListenerAdapter - Downloading https://repo.maven.apache.org/maven2/org/junit/jupiter/junit-jupiter/5.10.5/junit-jupiter-5.10.5.pom
2025-03-08 22:57:06,092 [Worker-14: Importing Maven projects] INFO  o.e.m.c.i.e.AbstractTransferListenerAdapter - Downloaded https://repo.maven.apache.org/maven2/org/junit/jupiter/junit-jupiter/5.10.5/junit-jupiter-5.10.5.pom
2025-03-08 22:57:06,192 [Worker-14: Importing Maven projects] INFO  o.e.m.c.i.e.AbstractTransferListenerAdapter - Downloading https://repo.maven.apache.org/maven2/org/junit/jupiter/junit-jupiter-api/5.10.5/junit-jupiter-api-5.10.5.pom
2025-03-08 22:57:06,268 [Worker-14: Importing Maven projects] INFO  o.e.m.c.i.e.AbstractTransferListenerAdapter - Downloaded https://repo.maven.apache.org/maven2/org/junit/jupiter/junit-jupiter-api/5.10.5/junit-jupiter-api-5.10.5.pom
2025-03-08 22:57:06,365 [Worker-14: Importing Maven projects] INFO  o.e.m.c.i.e.AbstractTransferListenerAdapter - Downloading https://repo.maven.apache.org/maven2/org/opentest4j/opentest4j/1.3.0/opentest4j-1.3.0.pom
2025-03-08 22:57:06,447 [Worker-14: Importing Maven projects] INFO  o.e.m.c.i.e.AbstractTransferListenerAdapter - Downloaded https://repo.maven.apache.org/maven2/org/opentest4j/opentest4j/1.3.0/opentest4j-1.3.0.pom
2025-03-08 22:57:06,552 [Worker-14: Importing Maven projects] INFO  o.e.m.c.i.e.AbstractTransferListenerAdapter - Downloading https://repo.maven.apache.org/maven2/org/junit/platform/junit-platform-commons/1.10.5/junit-platform-commons-1.10.5.pom
2025-03-08 22:57:06,627 [Worker-14: Importing Maven projects] INFO  o.e.m.c.i.e.AbstractTransferListenerAdapter - Downloaded https://repo.maven.apache.org/maven2/org/junit/platform/junit-platform-commons/1.10.5/junit-platform-commons-1.10.5.pom
2025-03-08 22:57:06,727 [Worker-14: Importing Maven projects] INFO  o.e.m.c.i.e.AbstractTransferListenerAdapter - Downloading https://repo.maven.apache.org/maven2/org/apiguardian/apiguardian-api/1.1.2/apiguardian-api-1.1.2.pom
2025-03-08 22:57:06,800 [Worker-14: Importing Maven projects] INFO  o.e.m.c.i.e.AbstractTransferListenerAdapter - Downloaded https://repo.maven.apache.org/maven2/org/apiguardian/apiguardian-api/1.1.2/apiguardian-api-1.1.2.pom
2025-03-08 22:57:06,896 [Worker-14: Importing Maven projects] INFO  o.e.m.c.i.e.AbstractTransferListenerAdapter - Downloading https://repo.maven.apache.org/maven2/org/junit/jupiter/junit-jupiter-params/5.10.5/junit-jupiter-params-5.10.5.pom
2025-03-08 22:57:06,985 [Worker-14: Importing Maven projects] INFO  o.e.m.c.i.e.AbstractTransferListenerAdapter - Downloaded https://repo.maven.apache.org/maven2/org/junit/jupiter/junit-jupiter-params/5.10.5/junit-jupiter-params-5.10.5.pom
2025-03-08 22:57:07,082 [Worker-14: Importing Maven projects] INFO  o.e.m.c.i.e.AbstractTransferListenerAdapter - Downloading https://repo.maven.apache.org/maven2/org/junit/jupiter/junit-jupiter-engine/5.10.5/junit-jupiter-engine-5.10.5.pom
2025-03-08 22:57:07,157 [Worker-14: Importing Maven projects] INFO  o.e.m.c.i.e.AbstractTransferListenerAdapter - Downloaded https://repo.maven.apache.org/maven2/org/junit/jupiter/junit-jupiter-engine/5.10.5/junit-jupiter-engine-5.10.5.pom
2025-03-08 22:57:07,254 [Worker-14: Importing Maven projects] INFO  o.e.m.c.i.e.AbstractTransferListenerAdapter - Downloading https://repo.maven.apache.org/maven2/org/junit/platform/junit-platform-engine/1.10.5/junit-platform-engine-1.10.5.pom
2025-03-08 22:57:07,329 [Worker-14: Importing Maven projects] INFO  o.e.m.c.i.e.AbstractTransferListenerAdapter - Downloaded https://repo.maven.apache.org/maven2/org/junit/platform/junit-platform-engine/1.10.5/junit-platform-engine-1.10.5.pom
2025-03-08 22:57:07,428 [Worker-14: Importing Maven projects] INFO  o.e.m.c.i.e.AbstractTransferListenerAdapter - Downloading https://repo.maven.apache.org/maven2/org/mockito/mockito-core/5.11.0/mockito-core-5.11.0.pom
2025-03-08 22:57:07,503 [Worker-14: Importing Maven projects] INFO  o.e.m.c.i.e.AbstractTransferListenerAdapter - Downloaded https://repo.maven.apache.org/maven2/org/mockito/mockito-core/5.11.0/mockito-core-5.11.0.pom
2025-03-08 22:57:07,597 [Worker-14: Importing Maven projects] INFO  o.e.m.c.i.e.AbstractTransferListenerAdapter - Downloading https://repo.maven.apache.org/maven2/net/bytebuddy/byte-buddy-agent/1.14.19/byte-buddy-agent-1.14.19.pom
2025-03-08 22:57:07,677 [Worker-14: Importing Maven projects] INFO  o.e.m.c.i.e.AbstractTransferListenerAdapter - Downloaded https://repo.maven.apache.org/maven2/net/bytebuddy/byte-buddy-agent/1.14.19/byte-buddy-agent-1.14.19.pom
2025-03-08 22:57:07,797 [Worker-14: Importing Maven projects] INFO  o.e.m.c.i.e.AbstractTransferListenerAdapter - Downloading https://repo.maven.apache.org/maven2/org/objenesis/objenesis/3.3/objenesis-3.3.pom
2025-03-08 22:57:07,876 [Worker-14: Importing Maven projects] INFO  o.e.m.c.i.e.AbstractTransferListenerAdapter - Downloaded https://repo.maven.apache.org/maven2/org/objenesis/objenesis/3.3/objenesis-3.3.pom
2025-03-08 22:57:07,975 [Worker-14: Importing Maven projects] INFO  o.e.m.c.i.e.AbstractTransferListenerAdapter - Downloading https://repo.maven.apache.org/maven2/org/objenesis/objenesis-parent/3.3/objenesis-parent-3.3.pom
2025-03-08 22:57:08,074 [Worker-14: Importing Maven projects] INFO  o.e.m.c.i.e.AbstractTransferListenerAdapter - Downloaded https://repo.maven.apache.org/maven2/org/objenesis/objenesis-parent/3.3/objenesis-parent-3.3.pom
2025-03-08 22:57:08,193 [Worker-14: Importing Maven projects] INFO  o.e.m.c.i.e.AbstractTransferListenerAdapter - Downloading https://repo.maven.apache.org/maven2/org/mockito/mockito-junit-jupiter/5.11.0/mockito-junit-jupiter-5.11.0.pom
2025-03-08 22:57:08,267 [Worker-14: Importing Maven projects] INFO  o.e.m.c.i.e.AbstractTransferListenerAdapter - Downloaded https://repo.maven.apache.org/maven2/org/mockito/mockito-junit-jupiter/5.11.0/mockito-junit-jupiter-5.11.0.pom
2025-03-08 22:57:08,364 [Worker-14: Importing Maven projects] INFO  o.e.m.c.i.e.AbstractTransferListenerAdapter - Downloading https://repo.maven.apache.org/maven2/org/skyscreamer/jsonassert/1.5.3/jsonassert-1.5.3.pom
2025-03-08 22:57:08,446 [Worker-14: Importing Maven projects] INFO  o.e.m.c.i.e.AbstractTransferListenerAdapter - Downloaded https://repo.maven.apache.org/maven2/org/skyscreamer/jsonassert/1.5.3/jsonassert-1.5.3.pom
2025-03-08 22:57:08,552 [Worker-14: Importing Maven projects] INFO  o.e.m.c.i.e.AbstractTransferListenerAdapter - Downloading https://repo.maven.apache.org/maven2/com/vaadin/external/google/android-json/0.0.20131108.vaadin1/android-json-0.0.20131108.vaadin1.pom
2025-03-08 22:57:08,610 [Worker-14: Importing Maven projects] INFO  o.e.m.c.i.e.AbstractTransferListenerAdapter - Downloaded https://repo.maven.apache.org/maven2/com/vaadin/external/google/android-json/0.0.20131108.vaadin1/android-json-0.0.20131108.vaadin1.pom
2025-03-08 22:57:08,708 [Worker-14: Importing Maven projects] INFO  o.e.m.c.i.e.AbstractTransferListenerAdapter - Downloading https://repo.maven.apache.org/maven2/org/xmlunit/xmlunit-core/2.9.1/xmlunit-core-2.9.1.pom
2025-03-08 22:57:08,752 [Worker-14: Importing Maven projects] INFO  o.e.m.c.i.e.AbstractTransferListenerAdapter - Downloaded https://repo.maven.apache.org/maven2/org/xmlunit/xmlunit-core/2.9.1/xmlunit-core-2.9.1.pom
2025-03-08 22:57:08,839 [Worker-14: Importing Maven projects] INFO  o.e.m.c.i.e.AbstractTransferListenerAdapter - Downloading https://repo.maven.apache.org/maven2/org/xmlunit/xmlunit-parent/2.9.1/xmlunit-parent-2.9.1.pom
2025-03-08 22:57:08,891 [Worker-14: Importing Maven projects] INFO  o.e.m.c.i.e.AbstractTransferListenerAdapter - Downloaded https://repo.maven.apache.org/maven2/org/xmlunit/xmlunit-parent/2.9.1/xmlunit-parent-2.9.1.pom
2025-03-08 22:57:08,995 [Worker-14: Importing Maven projects] INFO  o.e.m.c.i.e.AbstractTransferListenerAdapter - Downloading https://repo.maven.apache.org/maven2/org/springframework/security/spring-security-test/6.3.7/spring-security-test-6.3.7.pom
2025-03-08 22:57:09,040 [Worker-14: Importing Maven projects] INFO  o.e.m.c.i.e.AbstractTransferListenerAdapter - Downloaded https://repo.maven.apache.org/maven2/org/springframework/security/spring-security-test/6.3.7/spring-security-test-6.3.7.pom
2025-03-08 22:57:09,168 [Worker-14: Importing Maven projects] INFO  o.e.m.c.i.e.AbstractTransferListenerAdapter - Downloading https://repo.maven.apache.org/maven2/org/springframework/boot/spring-boot-starter-data-jpa/3.3.9/spring-boot-starter-data-jpa-3.3.9.jar
2025-03-08 22:57:09,229 [Worker-14: Importing Maven projects] INFO  o.e.m.c.i.e.AbstractTransferListenerAdapter - Downloaded https://repo.maven.apache.org/maven2/org/springframework/boot/spring-boot-starter-data-jpa/3.3.9/spring-boot-starter-data-jpa-3.3.9.jar
2025-03-08 22:57:09,310 [BasicRepositoryConnector-repo.maven.apache.org-1-0] INFO  o.e.m.c.i.e.AbstractTransferListenerAdapter - Downloading https://repo.maven.apache.org/maven2/org/springframework/boot/spring-boot-starter-aop/3.3.9/spring-boot-starter-aop-3.3.9.jar
2025-03-08 22:57:09,317 [BasicRepositoryConnector-repo.maven.apache.org-1-1] INFO  o.e.m.c.i.e.AbstractTransferListenerAdapter - Downloading https://repo.maven.apache.org/maven2/org/aspectj/aspectjweaver/1.9.22.1/aspectjweaver-1.9.22.1.jar
2025-03-08 22:57:09,317 [BasicRepositoryConnector-repo.maven.apache.org-1-4] INFO  o.e.m.c.i.e.AbstractTransferListenerAdapter - Downloading https://repo.maven.apache.org/maven2/org/springframework/spring-jdbc/6.1.17/spring-jdbc-6.1.17.jar
2025-03-08 22:57:09,318 [BasicRepositoryConnector-repo.maven.apache.org-1-3] INFO  o.e.m.c.i.e.AbstractTransferListenerAdapter - Downloading https://repo.maven.apache.org/maven2/com/zaxxer/HikariCP/5.1.0/HikariCP-5.1.0.jar
2025-03-08 22:57:09,327 [BasicRepositoryConnector-repo.maven.apache.org-1-2] INFO  o.e.m.c.i.e.AbstractTransferListenerAdapter - Downloading https://repo.maven.apache.org/maven2/org/springframework/boot/spring-boot-starter-jdbc/3.3.9/spring-boot-starter-jdbc-3.3.9.jar
2025-03-08 22:57:09,381 [BasicRepositoryConnector-repo.maven.apache.org-1-0] INFO  o.e.m.c.i.e.AbstractTransferListenerAdapter - Downloaded https://repo.maven.apache.org/maven2/org/springframework/boot/spring-boot-starter-aop/3.3.9/spring-boot-starter-aop-3.3.9.jar
2025-03-08 22:57:09,411 [BasicRepositoryConnector-repo.maven.apache.org-1-2] INFO  o.e.m.c.i.e.AbstractTransferListenerAdapter - Downloaded https://repo.maven.apache.org/maven2/org/springframework/boot/spring-boot-starter-jdbc/3.3.9/spring-boot-starter-jdbc-3.3.9.jar
2025-03-08 22:57:09,468 [BasicRepositoryConnector-repo.maven.apache.org-1-0] INFO  o.e.m.c.i.e.AbstractTransferListenerAdapter - Downloading https://repo.maven.apache.org/maven2/org/hibernate/orm/hibernate-core/6.5.3.Final/hibernate-core-6.5.3.Final.jar
2025-03-08 22:57:09,496 [BasicRepositoryConnector-repo.maven.apache.org-1-2] INFO  o.e.m.c.i.e.AbstractTransferListenerAdapter - Downloading https://repo.maven.apache.org/maven2/jakarta/persistence/jakarta.persistence-api/3.1.0/jakarta.persistence-api-3.1.0.jar
2025-03-08 22:57:09,554 [BasicRepositoryConnector-repo.maven.apache.org-1-3] INFO  o.e.m.c.i.e.AbstractTransferListenerAdapter - Downloaded https://repo.maven.apache.org/maven2/com/zaxxer/HikariCP/5.1.0/HikariCP-5.1.0.jar
2025-03-08 22:57:09,568 [BasicRepositoryConnector-repo.maven.apache.org-1-2] INFO  o.e.m.c.i.e.AbstractTransferListenerAdapter - Downloaded https://repo.maven.apache.org/maven2/jakarta/persistence/jakarta.persistence-api/3.1.0/jakarta.persistence-api-3.1.0.jar
2025-03-08 22:57:09,587 [BasicRepositoryConnector-repo.maven.apache.org-1-1] INFO  o.e.m.c.i.e.AbstractTransferListenerAdapter - Downloaded https://repo.maven.apache.org/maven2/org/aspectj/aspectjweaver/1.9.22.1/aspectjweaver-1.9.22.1.jar
2025-03-08 22:57:09,631 [BasicRepositoryConnector-repo.maven.apache.org-1-4] INFO  o.e.m.c.i.e.AbstractTransferListenerAdapter - Downloaded https://repo.maven.apache.org/maven2/org/springframework/spring-jdbc/6.1.17/spring-jdbc-6.1.17.jar
2025-03-08 22:57:09,642 [BasicRepositoryConnector-repo.maven.apache.org-1-3] INFO  o.e.m.c.i.e.AbstractTransferListenerAdapter - Downloading https://repo.maven.apache.org/maven2/jakarta/transaction/jakarta.transaction-api/2.0.1/jakarta.transaction-api-2.0.1.jar
2025-03-08 22:57:09,656 [BasicRepositoryConnector-repo.maven.apache.org-1-2] INFO  o.e.m.c.i.e.AbstractTransferListenerAdapter - Downloading https://repo.maven.apache.org/maven2/org/jboss/logging/jboss-logging/3.5.3.Final/jboss-logging-3.5.3.Final.jar
2025-03-08 22:57:09,674 [BasicRepositoryConnector-repo.maven.apache.org-1-1] INFO  o.e.m.c.i.e.AbstractTransferListenerAdapter - Downloading https://repo.maven.apache.org/maven2/org/hibernate/common/hibernate-commons-annotations/6.0.6.Final/hibernate-commons-annotations-6.0.6.Final.jar
2025-03-08 22:57:09,701 [BasicRepositoryConnector-repo.maven.apache.org-1-2] INFO  o.e.m.c.i.e.AbstractTransferListenerAdapter - Downloaded https://repo.maven.apache.org/maven2/org/jboss/logging/jboss-logging/3.5.3.Final/jboss-logging-3.5.3.Final.jar
2025-03-08 22:57:09,720 [BasicRepositoryConnector-repo.maven.apache.org-1-4] INFO  o.e.m.c.i.e.AbstractTransferListenerAdapter - Downloading https://repo.maven.apache.org/maven2/io/smallrye/jandex/3.1.2/jandex-3.1.2.jar
2025-03-08 22:57:09,739 [BasicRepositoryConnector-repo.maven.apache.org-1-1] INFO  o.e.m.c.i.e.AbstractTransferListenerAdapter - Downloaded https://repo.maven.apache.org/maven2/org/hibernate/common/hibernate-commons-annotations/6.0.6.Final/hibernate-commons-annotations-6.0.6.Final.jar
2025-03-08 22:57:09,781 [BasicRepositoryConnector-repo.maven.apache.org-1-2] INFO  o.e.m.c.i.e.AbstractTransferListenerAdapter - Downloading https://repo.maven.apache.org/maven2/com/fasterxml/classmate/1.7.0/classmate-1.7.0.jar
2025-03-08 22:57:09,841 [BasicRepositoryConnector-repo.maven.apache.org-1-2] INFO  o.e.m.c.i.e.AbstractTransferListenerAdapter - Downloaded https://repo.maven.apache.org/maven2/com/fasterxml/classmate/1.7.0/classmate-1.7.0.jar
2025-03-08 22:57:09,868 [BasicRepositoryConnector-repo.maven.apache.org-1-4] INFO  o.e.m.c.i.e.AbstractTransferListenerAdapter - Downloaded https://repo.maven.apache.org/maven2/io/smallrye/jandex/3.1.2/jandex-3.1.2.jar
2025-03-08 22:57:09,924 [BasicRepositoryConnector-repo.maven.apache.org-1-2] INFO  o.e.m.c.i.e.AbstractTransferListenerAdapter - Downloading https://repo.maven.apache.org/maven2/org/glassfish/jaxb/jaxb-runtime/4.0.5/jaxb-runtime-4.0.5.jar
2025-03-08 22:57:09,948 [BasicRepositoryConnector-repo.maven.apache.org-1-4] INFO  o.e.m.c.i.e.AbstractTransferListenerAdapter - Downloading https://repo.maven.apache.org/maven2/org/glassfish/jaxb/jaxb-core/4.0.5/jaxb-core-4.0.5.jar
2025-03-08 22:57:10,009 [BasicRepositoryConnector-repo.maven.apache.org-1-4] INFO  o.e.m.c.i.e.AbstractTransferListenerAdapter - Downloaded https://repo.maven.apache.org/maven2/org/glassfish/jaxb/jaxb-core/4.0.5/jaxb-core-4.0.5.jar
2025-03-08 22:57:10,093 [BasicRepositoryConnector-repo.maven.apache.org-1-4] INFO  o.e.m.c.i.e.AbstractTransferListenerAdapter - Downloading https://repo.maven.apache.org/maven2/org/eclipse/angus/angus-activation/2.0.2/angus-activation-2.0.2.jar
2025-03-08 22:57:10,099 [BasicRepositoryConnector-repo.maven.apache.org-1-2] INFO  o.e.m.c.i.e.AbstractTransferListenerAdapter - Downloaded https://repo.maven.apache.org/maven2/org/glassfish/jaxb/jaxb-runtime/4.0.5/jaxb-runtime-4.0.5.jar
2025-03-08 22:57:10,188 [BasicRepositoryConnector-repo.maven.apache.org-1-2] INFO  o.e.m.c.i.e.AbstractTransferListenerAdapter - Downloading https://repo.maven.apache.org/maven2/org/glassfish/jaxb/txw2/4.0.5/txw2-4.0.5.jar
2025-03-08 22:57:10,234 [BasicRepositoryConnector-repo.maven.apache.org-1-1] INFO  o.e.m.c.i.e.AbstractTransferListenerAdapter - Downloading https://repo.maven.apache.org/maven2/net/bytebuddy/byte-buddy/1.14.19/byte-buddy-1.14.19.jar
2025-03-08 22:57:10,251 [BasicRepositoryConnector-repo.maven.apache.org-1-2] INFO  o.e.m.c.i.e.AbstractTransferListenerAdapter - Downloaded https://repo.maven.apache.org/maven2/org/glassfish/jaxb/txw2/4.0.5/txw2-4.0.5.jar
2025-03-08 22:57:10,293 [BasicRepositoryConnector-repo.maven.apache.org-1-3] INFO  o.e.m.c.i.e.AbstractTransferListenerAdapter - Downloaded https://repo.maven.apache.org/maven2/jakarta/transaction/jakarta.transaction-api/2.0.1/jakarta.transaction-api-2.0.1.jar
2025-03-08 22:57:10,336 [BasicRepositoryConnector-repo.maven.apache.org-1-2] INFO  o.e.m.c.i.e.AbstractTransferListenerAdapter - Downloading https://repo.maven.apache.org/maven2/com/sun/istack/istack-commons-runtime/4.1.2/istack-commons-runtime-4.1.2.jar
2025-03-08 22:57:10,350 [BasicRepositoryConnector-repo.maven.apache.org-1-0] INFO  o.e.m.c.i.e.AbstractTransferListenerAdapter - Downloaded https://repo.maven.apache.org/maven2/org/hibernate/orm/hibernate-core/6.5.3.Final/hibernate-core-6.5.3.Final.jar
2025-03-08 22:57:10,387 [BasicRepositoryConnector-repo.maven.apache.org-1-3] INFO  o.e.m.c.i.e.AbstractTransferListenerAdapter - Downloading https://repo.maven.apache.org/maven2/jakarta/inject/jakarta.inject-api/2.0.1/jakarta.inject-api-2.0.1.jar
2025-03-08 22:57:10,435 [BasicRepositoryConnector-repo.maven.apache.org-1-0] INFO  o.e.m.c.i.e.AbstractTransferListenerAdapter - Downloading https://repo.maven.apache.org/maven2/org/antlr/antlr4-runtime/4.13.0/antlr4-runtime-4.13.0.jar
2025-03-08 22:57:10,517 [BasicRepositoryConnector-repo.maven.apache.org-1-0] INFO  o.e.m.c.i.e.AbstractTransferListenerAdapter - Downloaded https://repo.maven.apache.org/maven2/org/antlr/antlr4-runtime/4.13.0/antlr4-runtime-4.13.0.jar
2025-03-08 22:57:10,701 [BasicRepositoryConnector-repo.maven.apache.org-1-1] INFO  o.e.m.c.i.e.AbstractTransferListenerAdapter - Downloaded https://repo.maven.apache.org/maven2/net/bytebuddy/byte-buddy/1.14.19/byte-buddy-1.14.19.jar
2025-03-08 22:57:10,729 [BasicRepositoryConnector-repo.maven.apache.org-1-3] INFO  o.e.m.c.i.e.AbstractTransferListenerAdapter - Downloaded https://repo.maven.apache.org/maven2/jakarta/inject/jakarta.inject-api/2.0.1/jakarta.inject-api-2.0.1.jar
2025-03-08 22:57:10,739 [BasicRepositoryConnector-repo.maven.apache.org-1-0] INFO  o.e.m.c.i.e.AbstractTransferListenerAdapter - Downloading https://repo.maven.apache.org/maven2/org/springframework/data/spring-data-jpa/3.3.9/spring-data-jpa-3.3.9.jar
2025-03-08 22:57:10,783 [BasicRepositoryConnector-repo.maven.apache.org-1-4] INFO  o.e.m.c.i.e.AbstractTransferListenerAdapter - Downloaded https://repo.maven.apache.org/maven2/org/eclipse/angus/angus-activation/2.0.2/angus-activation-2.0.2.jar
2025-03-08 22:57:10,825 [BasicRepositoryConnector-repo.maven.apache.org-1-3] INFO  o.e.m.c.i.e.AbstractTransferListenerAdapter - Downloading https://repo.maven.apache.org/maven2/org/springframework/spring-orm/6.1.17/spring-orm-6.1.17.jar
2025-03-08 22:57:10,850 [BasicRepositoryConnector-repo.maven.apache.org-1-0] INFO  o.e.m.c.i.e.AbstractTransferListenerAdapter - Downloaded https://repo.maven.apache.org/maven2/org/springframework/data/spring-data-jpa/3.3.9/spring-data-jpa-3.3.9.jar
2025-03-08 22:57:10,892 [BasicRepositoryConnector-repo.maven.apache.org-1-3] INFO  o.e.m.c.i.e.AbstractTransferListenerAdapter - Downloaded https://repo.maven.apache.org/maven2/org/springframework/spring-orm/6.1.17/spring-orm-6.1.17.jar
2025-03-08 22:57:10,930 [BasicRepositoryConnector-repo.maven.apache.org-1-0] INFO  o.e.m.c.i.e.AbstractTransferListenerAdapter - Downloading https://repo.maven.apache.org/maven2/org/springframework/spring-tx/6.1.17/spring-tx-6.1.17.jar
2025-03-08 22:57:10,985 [BasicRepositoryConnector-repo.maven.apache.org-1-1] INFO  o.e.m.c.i.e.AbstractTransferListenerAdapter - Downloading https://repo.maven.apache.org/maven2/org/springframework/data/spring-data-commons/3.3.9/spring-data-commons-3.3.9.jar
2025-03-08 22:57:10,992 [BasicRepositoryConnector-repo.maven.apache.org-1-3] INFO  o.e.m.c.i.e.AbstractTransferListenerAdapter - Downloading https://repo.maven.apache.org/maven2/org/springframework/spring-beans/6.1.17/spring-beans-6.1.17.jar
2025-03-08 22:57:11,018 [BasicRepositoryConnector-repo.maven.apache.org-1-0] INFO  o.e.m.c.i.e.AbstractTransferListenerAdapter - Downloaded https://repo.maven.apache.org/maven2/org/springframework/spring-tx/6.1.17/spring-tx-6.1.17.jar
2025-03-08 22:57:11,023 [BasicRepositoryConnector-repo.maven.apache.org-1-4] INFO  o.e.m.c.i.e.AbstractTransferListenerAdapter - Downloading https://repo.maven.apache.org/maven2/org/springframework/spring-context/6.1.17/spring-context-6.1.17.jar
2025-03-08 22:57:11,084 [BasicRepositoryConnector-repo.maven.apache.org-1-2] INFO  o.e.m.c.i.e.AbstractTransferListenerAdapter - Downloaded https://repo.maven.apache.org/maven2/com/sun/istack/istack-commons-runtime/4.1.2/istack-commons-runtime-4.1.2.jar
2025-03-08 22:57:11,089 [BasicRepositoryConnector-repo.maven.apache.org-1-1] INFO  o.e.m.c.i.e.AbstractTransferListenerAdapter - Downloaded https://repo.maven.apache.org/maven2/org/springframework/data/spring-data-commons/3.3.9/spring-data-commons-3.3.9.jar
2025-03-08 22:57:11,099 [BasicRepositoryConnector-repo.maven.apache.org-1-0] INFO  o.e.m.c.i.e.AbstractTransferListenerAdapter - Downloading https://repo.maven.apache.org/maven2/jakarta/annotation/jakarta.annotation-api/2.1.1/jakarta.annotation-api-2.1.1.jar
2025-03-08 22:57:11,120 [BasicRepositoryConnector-repo.maven.apache.org-1-4] INFO  o.e.m.c.i.e.AbstractTransferListenerAdapter - Downloaded https://repo.maven.apache.org/maven2/org/springframework/spring-context/6.1.17/spring-context-6.1.17.jar
2025-03-08 22:57:11,182 [BasicRepositoryConnector-repo.maven.apache.org-1-2] INFO  o.e.m.c.i.e.AbstractTransferListenerAdapter - Downloading https://repo.maven.apache.org/maven2/org/slf4j/slf4j-api/2.0.16/slf4j-api-2.0.16.jar
2025-03-08 22:57:11,182 [BasicRepositoryConnector-repo.maven.apache.org-1-1] INFO  o.e.m.c.i.e.AbstractTransferListenerAdapter - Downloading https://repo.maven.apache.org/maven2/org/springframework/spring-aspects/6.1.17/spring-aspects-6.1.17.jar
2025-03-08 22:57:11,197 [BasicRepositoryConnector-repo.maven.apache.org-1-3] INFO  o.e.m.c.i.e.AbstractTransferListenerAdapter - Downloaded https://repo.maven.apache.org/maven2/org/springframework/spring-beans/6.1.17/spring-beans-6.1.17.jar
2025-03-08 22:57:11,248 [BasicRepositoryConnector-repo.maven.apache.org-1-2] INFO  o.e.m.c.i.e.AbstractTransferListenerAdapter - Downloaded https://repo.maven.apache.org/maven2/org/slf4j/slf4j-api/2.0.16/slf4j-api-2.0.16.jar
2025-03-08 22:57:11,316 [BasicRepositoryConnector-repo.maven.apache.org-1-4] INFO  o.e.m.c.i.e.AbstractTransferListenerAdapter - Downloading https://repo.maven.apache.org/maven2/org/springframework/boot/spring-boot-starter-oauth2-authorization-server/3.3.9/spring-boot-starter-oauth2-authorization-server-3.3.9.jar
2025-03-08 22:57:11,328 [BasicRepositoryConnector-repo.maven.apache.org-1-2] INFO  o.e.m.c.i.e.AbstractTransferListenerAdapter - Downloading https://repo.maven.apache.org/maven2/org/springframework/security/spring-security-oauth2-core/6.3.7/spring-security-oauth2-core-6.3.7.jar
2025-03-08 22:57:11,409 [BasicRepositoryConnector-repo.maven.apache.org-1-3] INFO  o.e.m.c.i.e.AbstractTransferListenerAdapter - Downloading https://repo.maven.apache.org/maven2/org/springframework/security/spring-security-oauth2-authorization-server/1.3.5/spring-security-oauth2-authorization-server-1.3.5.jar
2025-03-08 22:57:11,414 [BasicRepositoryConnector-repo.maven.apache.org-1-2] INFO  o.e.m.c.i.e.AbstractTransferListenerAdapter - Downloaded https://repo.maven.apache.org/maven2/org/springframework/security/spring-security-oauth2-core/6.3.7/spring-security-oauth2-core-6.3.7.jar
2025-03-08 22:57:11,415 [BasicRepositoryConnector-repo.maven.apache.org-1-4] INFO  o.e.m.c.i.e.AbstractTransferListenerAdapter - Downloaded https://repo.maven.apache.org/maven2/org/springframework/boot/spring-boot-starter-oauth2-authorization-server/3.3.9/spring-boot-starter-oauth2-authorization-server-3.3.9.jar
2025-03-08 22:57:11,492 [BasicRepositoryConnector-repo.maven.apache.org-1-3] INFO  o.e.m.c.i.e.AbstractTransferListenerAdapter - Downloaded https://repo.maven.apache.org/maven2/org/springframework/security/spring-security-oauth2-authorization-server/1.3.5/spring-security-oauth2-authorization-server-1.3.5.jar
2025-03-08 22:57:11,493 [BasicRepositoryConnector-repo.maven.apache.org-1-2] INFO  o.e.m.c.i.e.AbstractTransferListenerAdapter - Downloading https://repo.maven.apache.org/maven2/org/springframework/security/spring-security-oauth2-jose/6.3.7/spring-security-oauth2-jose-6.3.7.jar
2025-03-08 22:57:11,498 [BasicRepositoryConnector-repo.maven.apache.org-1-4] INFO  o.e.m.c.i.e.AbstractTransferListenerAdapter - Downloading https://repo.maven.apache.org/maven2/org/springframework/security/spring-security-oauth2-resource-server/6.3.7/spring-security-oauth2-resource-server-6.3.7.jar
2025-03-08 22:57:11,560 [BasicRepositoryConnector-repo.maven.apache.org-1-2] INFO  o.e.m.c.i.e.AbstractTransferListenerAdapter - Downloaded https://repo.maven.apache.org/maven2/org/springframework/security/spring-security-oauth2-jose/6.3.7/spring-security-oauth2-jose-6.3.7.jar
2025-03-08 22:57:11,560 [BasicRepositoryConnector-repo.maven.apache.org-1-4] INFO  o.e.m.c.i.e.AbstractTransferListenerAdapter - Downloaded https://repo.maven.apache.org/maven2/org/springframework/security/spring-security-oauth2-resource-server/6.3.7/spring-security-oauth2-resource-server-6.3.7.jar
2025-03-08 22:57:11,571 [BasicRepositoryConnector-repo.maven.apache.org-1-3] INFO  o.e.m.c.i.e.AbstractTransferListenerAdapter - Downloading https://repo.maven.apache.org/maven2/com/nimbusds/nimbus-jose-jwt/9.39.3/nimbus-jose-jwt-9.39.3.jar
2025-03-08 22:57:11,645 [BasicRepositoryConnector-repo.maven.apache.org-1-2] INFO  o.e.m.c.i.e.AbstractTransferListenerAdapter - Downloading https://repo.maven.apache.org/maven2/com/fasterxml/jackson/core/jackson-annotations/2.17.3/jackson-annotations-2.17.3.jar
2025-03-08 22:57:11,648 [BasicRepositoryConnector-repo.maven.apache.org-1-4] INFO  o.e.m.c.i.e.AbstractTransferListenerAdapter - Downloading https://repo.maven.apache.org/maven2/com/fasterxml/jackson/core/jackson-databind/2.17.3/jackson-databind-2.17.3.jar
2025-03-08 22:57:11,666 [BasicRepositoryConnector-repo.maven.apache.org-1-3] INFO  o.e.m.c.i.e.AbstractTransferListenerAdapter - Downloaded https://repo.maven.apache.org/maven2/com/nimbusds/nimbus-jose-jwt/9.39.3/nimbus-jose-jwt-9.39.3.jar
2025-03-08 22:57:11,722 [BasicRepositoryConnector-repo.maven.apache.org-1-2] INFO  o.e.m.c.i.e.AbstractTransferListenerAdapter - Downloaded https://repo.maven.apache.org/maven2/com/fasterxml/jackson/core/jackson-annotations/2.17.3/jackson-annotations-2.17.3.jar
2025-03-08 22:57:11,756 [BasicRepositoryConnector-repo.maven.apache.org-1-3] INFO  o.e.m.c.i.e.AbstractTransferListenerAdapter - Downloading https://repo.maven.apache.org/maven2/com/fasterxml/jackson/core/jackson-core/2.17.3/jackson-core-2.17.3.jar
2025-03-08 22:57:11,757 [BasicRepositoryConnector-repo.maven.apache.org-1-0] INFO  o.e.m.c.i.e.AbstractTransferListenerAdapter - Downloaded https://repo.maven.apache.org/maven2/jakarta/annotation/jakarta.annotation-api/2.1.1/jakarta.annotation-api-2.1.1.jar
2025-03-08 22:57:11,761 [BasicRepositoryConnector-repo.maven.apache.org-1-4] INFO  o.e.m.c.i.e.AbstractTransferListenerAdapter - Downloaded https://repo.maven.apache.org/maven2/com/fasterxml/jackson/core/jackson-databind/2.17.3/jackson-databind-2.17.3.jar
2025-03-08 22:57:11,809 [BasicRepositoryConnector-repo.maven.apache.org-1-2] INFO  o.e.m.c.i.e.AbstractTransferListenerAdapter - Downloading https://repo.maven.apache.org/maven2/org/springframework/boot/spring-boot-starter-security/3.3.9/spring-boot-starter-security-3.3.9.jar
2025-03-08 22:57:11,839 [BasicRepositoryConnector-repo.maven.apache.org-1-0] INFO  o.e.m.c.i.e.AbstractTransferListenerAdapter - Downloading https://repo.maven.apache.org/maven2/org/springframework/boot/spring-boot-starter/3.3.9/spring-boot-starter-3.3.9.jar
2025-03-08 22:57:11,849 [BasicRepositoryConnector-repo.maven.apache.org-1-3] INFO  o.e.m.c.i.e.AbstractTransferListenerAdapter - Downloaded https://repo.maven.apache.org/maven2/com/fasterxml/jackson/core/jackson-core/2.17.3/jackson-core-2.17.3.jar
2025-03-08 22:57:11,902 [BasicRepositoryConnector-repo.maven.apache.org-1-2] INFO  o.e.m.c.i.e.AbstractTransferListenerAdapter - Downloaded https://repo.maven.apache.org/maven2/org/springframework/boot/spring-boot-starter-security/3.3.9/spring-boot-starter-security-3.3.9.jar
2025-03-08 22:57:11,925 [BasicRepositoryConnector-repo.maven.apache.org-1-0] INFO  o.e.m.c.i.e.AbstractTransferListenerAdapter - Downloaded https://repo.maven.apache.org/maven2/org/springframework/boot/spring-boot-starter/3.3.9/spring-boot-starter-3.3.9.jar
2025-03-08 22:57:11,987 [BasicRepositoryConnector-repo.maven.apache.org-1-2] INFO  o.e.m.c.i.e.AbstractTransferListenerAdapter - Downloading https://repo.maven.apache.org/maven2/org/springframework/boot/spring-boot-starter-logging/3.3.9/spring-boot-starter-logging-3.3.9.jar
2025-03-08 22:57:12,019 [BasicRepositoryConnector-repo.maven.apache.org-1-0] INFO  o.e.m.c.i.e.AbstractTransferListenerAdapter - Downloading https://repo.maven.apache.org/maven2/ch/qos/logback/logback-classic/1.5.16/logback-classic-1.5.16.jar
2025-03-08 22:57:12,063 [BasicRepositoryConnector-repo.maven.apache.org-1-2] INFO  o.e.m.c.i.e.AbstractTransferListenerAdapter - Downloaded https://repo.maven.apache.org/maven2/org/springframework/boot/spring-boot-starter-logging/3.3.9/spring-boot-starter-logging-3.3.9.jar
2025-03-08 22:57:12,066 [BasicRepositoryConnector-repo.maven.apache.org-1-3] INFO  o.e.m.c.i.e.AbstractTransferListenerAdapter - Downloading https://repo.maven.apache.org/maven2/org/springframework/boot/spring-boot-autoconfigure/3.3.9/spring-boot-autoconfigure-3.3.9.jar
2025-03-08 22:57:12,084 [BasicRepositoryConnector-repo.maven.apache.org-1-0] INFO  o.e.m.c.i.e.AbstractTransferListenerAdapter - Downloaded https://repo.maven.apache.org/maven2/ch/qos/logback/logback-classic/1.5.16/logback-classic-1.5.16.jar
2025-03-08 22:57:12,148 [BasicRepositoryConnector-repo.maven.apache.org-1-2] INFO  o.e.m.c.i.e.AbstractTransferListenerAdapter - Downloading https://repo.maven.apache.org/maven2/ch/qos/logback/logback-core/1.5.16/logback-core-1.5.16.jar
2025-03-08 22:57:12,170 [BasicRepositoryConnector-repo.maven.apache.org-1-0] INFO  o.e.m.c.i.e.AbstractTransferListenerAdapter - Downloading https://repo.maven.apache.org/maven2/org/apache/logging/log4j/log4j-to-slf4j/2.23.1/log4j-to-slf4j-2.23.1.jar
2025-03-08 22:57:12,177 [BasicRepositoryConnector-repo.maven.apache.org-1-1] INFO  o.e.m.c.i.e.AbstractTransferListenerAdapter - Downloaded https://repo.maven.apache.org/maven2/org/springframework/spring-aspects/6.1.17/spring-aspects-6.1.17.jar
2025-03-08 22:57:12,219 [BasicRepositoryConnector-repo.maven.apache.org-1-2] INFO  o.e.m.c.i.e.AbstractTransferListenerAdapter - Downloaded https://repo.maven.apache.org/maven2/ch/qos/logback/logback-core/1.5.16/logback-core-1.5.16.jar
2025-03-08 22:57:12,256 [BasicRepositoryConnector-repo.maven.apache.org-1-1] INFO  o.e.m.c.i.e.AbstractTransferListenerAdapter - Downloading https://repo.maven.apache.org/maven2/org/apache/logging/log4j/log4j-api/2.23.1/log4j-api-2.23.1.jar
2025-03-08 22:57:12,259 [BasicRepositoryConnector-repo.maven.apache.org-1-3] INFO  o.e.m.c.i.e.AbstractTransferListenerAdapter - Downloaded https://repo.maven.apache.org/maven2/org/springframework/boot/spring-boot-autoconfigure/3.3.9/spring-boot-autoconfigure-3.3.9.jar
2025-03-08 22:57:12,309 [BasicRepositoryConnector-repo.maven.apache.org-1-2] INFO  o.e.m.c.i.e.AbstractTransferListenerAdapter - Downloading https://repo.maven.apache.org/maven2/org/slf4j/jul-to-slf4j/2.0.16/jul-to-slf4j-2.0.16.jar
2025-03-08 22:57:12,330 [BasicRepositoryConnector-repo.maven.apache.org-1-1] INFO  o.e.m.c.i.e.AbstractTransferListenerAdapter - Downloaded https://repo.maven.apache.org/maven2/org/apache/logging/log4j/log4j-api/2.23.1/log4j-api-2.23.1.jar
2025-03-08 22:57:12,338 [BasicRepositoryConnector-repo.maven.apache.org-1-3] INFO  o.e.m.c.i.e.AbstractTransferListenerAdapter - Downloading https://repo.maven.apache.org/maven2/org/yaml/snakeyaml/2.2/snakeyaml-2.2.jar
2025-03-08 22:57:12,410 [BasicRepositoryConnector-repo.maven.apache.org-1-1] INFO  o.e.m.c.i.e.AbstractTransferListenerAdapter - Downloading https://repo.maven.apache.org/maven2/org/springframework/spring-aop/6.1.17/spring-aop-6.1.17.jar
2025-03-08 22:57:12,411 [BasicRepositoryConnector-repo.maven.apache.org-1-3] INFO  o.e.m.c.i.e.AbstractTransferListenerAdapter - Downloaded https://repo.maven.apache.org/maven2/org/yaml/snakeyaml/2.2/snakeyaml-2.2.jar
2025-03-08 22:57:12,421 [BasicRepositoryConnector-repo.maven.apache.org-1-2] INFO  o.e.m.c.i.e.AbstractTransferListenerAdapter - Downloaded https://repo.maven.apache.org/maven2/org/slf4j/jul-to-slf4j/2.0.16/jul-to-slf4j-2.0.16.jar
2025-03-08 22:57:12,484 [BasicRepositoryConnector-repo.maven.apache.org-1-1] INFO  o.e.m.c.i.e.AbstractTransferListenerAdapter - Downloaded https://repo.maven.apache.org/maven2/org/springframework/spring-aop/6.1.17/spring-aop-6.1.17.jar
2025-03-08 22:57:12,499 [BasicRepositoryConnector-repo.maven.apache.org-1-2] INFO  o.e.m.c.i.e.AbstractTransferListenerAdapter - Downloading https://repo.maven.apache.org/maven2/org/springframework/security/spring-security-web/6.3.7/spring-security-web-6.3.7.jar
2025-03-08 22:57:12,540 [BasicRepositoryConnector-repo.maven.apache.org-1-4] INFO  o.e.m.c.i.e.AbstractTransferListenerAdapter - Downloading https://repo.maven.apache.org/maven2/org/springframework/boot/spring-boot/3.3.9/spring-boot-3.3.9.jar
2025-03-08 22:57:12,571 [BasicRepositoryConnector-repo.maven.apache.org-1-1] INFO  o.e.m.c.i.e.AbstractTransferListenerAdapter - Downloading https://repo.maven.apache.org/maven2/org/springframework/spring-expression/6.1.17/spring-expression-6.1.17.jar
2025-03-08 22:57:12,589 [BasicRepositoryConnector-repo.maven.apache.org-1-2] INFO  o.e.m.c.i.e.AbstractTransferListenerAdapter - Downloaded https://repo.maven.apache.org/maven2/org/springframework/security/spring-security-web/6.3.7/spring-security-web-6.3.7.jar
2025-03-08 22:57:12,629 [BasicRepositoryConnector-repo.maven.apache.org-1-3] INFO  o.e.m.c.i.e.AbstractTransferListenerAdapter - Downloading https://repo.maven.apache.org/maven2/org/springframework/security/spring-security-config/6.3.7/spring-security-config-6.3.7.jar
2025-03-08 22:57:12,629 [BasicRepositoryConnector-repo.maven.apache.org-1-0] INFO  o.e.m.c.i.e.AbstractTransferListenerAdapter - Downloaded https://repo.maven.apache.org/maven2/org/apache/logging/log4j/log4j-to-slf4j/2.23.1/log4j-to-slf4j-2.23.1.jar
2025-03-08 22:57:12,632 [BasicRepositoryConnector-repo.maven.apache.org-1-1] INFO  o.e.m.c.i.e.AbstractTransferListenerAdapter - Downloaded https://repo.maven.apache.org/maven2/org/springframework/spring-expression/6.1.17/spring-expression-6.1.17.jar
2025-03-08 22:57:12,672 [BasicRepositoryConnector-repo.maven.apache.org-1-2] INFO  o.e.m.c.i.e.AbstractTransferListenerAdapter - Downloading https://repo.maven.apache.org/maven2/org/springframework/boot/spring-boot-starter-web/3.3.9/spring-boot-starter-web-3.3.9.jar
2025-03-08 22:57:12,727 [BasicRepositoryConnector-repo.maven.apache.org-1-0] INFO  o.e.m.c.i.e.AbstractTransferListenerAdapter - Downloading https://repo.maven.apache.org/maven2/org/springframework/boot/spring-boot-starter-json/3.3.9/spring-boot-starter-json-3.3.9.jar
2025-03-08 22:57:12,727 [BasicRepositoryConnector-repo.maven.apache.org-1-1] INFO  o.e.m.c.i.e.AbstractTransferListenerAdapter - Downloading https://repo.maven.apache.org/maven2/com/fasterxml/jackson/datatype/jackson-datatype-jdk8/2.17.3/jackson-datatype-jdk8-2.17.3.jar
2025-03-08 22:57:12,738 [BasicRepositoryConnector-repo.maven.apache.org-1-3] INFO  o.e.m.c.i.e.AbstractTransferListenerAdapter - Downloaded https://repo.maven.apache.org/maven2/org/springframework/security/spring-security-config/6.3.7/spring-security-config-6.3.7.jar
2025-03-08 22:57:12,757 [BasicRepositoryConnector-repo.maven.apache.org-1-2] INFO  o.e.m.c.i.e.AbstractTransferListenerAdapter - Downloaded https://repo.maven.apache.org/maven2/org/springframework/boot/spring-boot-starter-web/3.3.9/spring-boot-starter-web-3.3.9.jar
2025-03-08 22:57:12,805 [BasicRepositoryConnector-repo.maven.apache.org-1-0] INFO  o.e.m.c.i.e.AbstractTransferListenerAdapter - Downloaded https://repo.maven.apache.org/maven2/org/springframework/boot/spring-boot-starter-json/3.3.9/spring-boot-starter-json-3.3.9.jar
2025-03-08 22:57:12,837 [BasicRepositoryConnector-repo.maven.apache.org-1-3] INFO  o.e.m.c.i.e.AbstractTransferListenerAdapter - Downloading https://repo.maven.apache.org/maven2/com/fasterxml/jackson/datatype/jackson-datatype-jsr310/2.17.3/jackson-datatype-jsr310-2.17.3.jar
2025-03-08 22:57:12,849 [BasicRepositoryConnector-repo.maven.apache.org-1-2] INFO  o.e.m.c.i.e.AbstractTransferListenerAdapter - Downloading https://repo.maven.apache.org/maven2/com/fasterxml/jackson/module/jackson-module-parameter-names/2.17.3/jackson-module-parameter-names-2.17.3.jar
2025-03-08 22:57:12,863 [BasicRepositoryConnector-repo.maven.apache.org-1-4] INFO  o.e.m.c.i.e.AbstractTransferListenerAdapter - Downloaded https://repo.maven.apache.org/maven2/org/springframework/boot/spring-boot/3.3.9/spring-boot-3.3.9.jar
2025-03-08 22:57:12,896 [BasicRepositoryConnector-repo.maven.apache.org-1-0] INFO  o.e.m.c.i.e.AbstractTransferListenerAdapter - Downloading https://repo.maven.apache.org/maven2/org/springframework/boot/spring-boot-starter-tomcat/3.3.9/spring-boot-starter-tomcat-3.3.9.jar
2025-03-08 22:57:12,897 [BasicRepositoryConnector-repo.maven.apache.org-1-3] INFO  o.e.m.c.i.e.AbstractTransferListenerAdapter - Downloaded https://repo.maven.apache.org/maven2/com/fasterxml/jackson/datatype/jackson-datatype-jsr310/2.17.3/jackson-datatype-jsr310-2.17.3.jar
2025-03-08 22:57:12,941 [BasicRepositoryConnector-repo.maven.apache.org-1-4] INFO  o.e.m.c.i.e.AbstractTransferListenerAdapter - Downloading https://repo.maven.apache.org/maven2/org/apache/tomcat/embed/tomcat-embed-core/10.1.36/tomcat-embed-core-10.1.36.jar
2025-03-08 22:57:12,976 [BasicRepositoryConnector-repo.maven.apache.org-1-0] INFO  o.e.m.c.i.e.AbstractTransferListenerAdapter - Downloaded https://repo.maven.apache.org/maven2/org/springframework/boot/spring-boot-starter-tomcat/3.3.9/spring-boot-starter-tomcat-3.3.9.jar
2025-03-08 22:57:13,009 [BasicRepositoryConnector-repo.maven.apache.org-1-3] INFO  o.e.m.c.i.e.AbstractTransferListenerAdapter - Downloading https://repo.maven.apache.org/maven2/org/apache/tomcat/embed/tomcat-embed-el/10.1.36/tomcat-embed-el-10.1.36.jar
2025-03-08 22:57:13,068 [BasicRepositoryConnector-repo.maven.apache.org-1-0] INFO  o.e.m.c.i.e.AbstractTransferListenerAdapter - Downloading https://repo.maven.apache.org/maven2/org/apache/tomcat/embed/tomcat-embed-websocket/10.1.36/tomcat-embed-websocket-10.1.36.jar
2025-03-08 22:57:13,111 [BasicRepositoryConnector-repo.maven.apache.org-1-3] INFO  o.e.m.c.i.e.AbstractTransferListenerAdapter - Downloaded https://repo.maven.apache.org/maven2/org/apache/tomcat/embed/tomcat-embed-el/10.1.36/tomcat-embed-el-10.1.36.jar
2025-03-08 22:57:13,138 [BasicRepositoryConnector-repo.maven.apache.org-1-4] INFO  o.e.m.c.i.e.AbstractTransferListenerAdapter - Downloaded https://repo.maven.apache.org/maven2/org/apache/tomcat/embed/tomcat-embed-core/10.1.36/tomcat-embed-core-10.1.36.jar
2025-03-08 22:57:13,148 [BasicRepositoryConnector-repo.maven.apache.org-1-0] INFO  o.e.m.c.i.e.AbstractTransferListenerAdapter - Downloaded https://repo.maven.apache.org/maven2/org/apache/tomcat/embed/tomcat-embed-websocket/10.1.36/tomcat-embed-websocket-10.1.36.jar
2025-03-08 22:57:13,218 [BasicRepositoryConnector-repo.maven.apache.org-1-4] INFO  o.e.m.c.i.e.AbstractTransferListenerAdapter - Downloading https://repo.maven.apache.org/maven2/io/micrometer/micrometer-observation/1.13.11/micrometer-observation-1.13.11.jar
2025-03-08 22:57:13,225 [BasicRepositoryConnector-repo.maven.apache.org-1-0] INFO  o.e.m.c.i.e.AbstractTransferListenerAdapter - Downloading https://repo.maven.apache.org/maven2/io/micrometer/micrometer-commons/1.13.11/micrometer-commons-1.13.11.jar
2025-03-08 22:57:13,314 [BasicRepositoryConnector-repo.maven.apache.org-1-4] INFO  o.e.m.c.i.e.AbstractTransferListenerAdapter - Downloaded https://repo.maven.apache.org/maven2/io/micrometer/micrometer-observation/1.13.11/micrometer-observation-1.13.11.jar
2025-03-08 22:57:13,319 [BasicRepositoryConnector-repo.maven.apache.org-1-2] INFO  o.e.m.c.i.e.AbstractTransferListenerAdapter - Downloaded https://repo.maven.apache.org/maven2/com/fasterxml/jackson/module/jackson-module-parameter-names/2.17.3/jackson-module-parameter-names-2.17.3.jar
2025-03-08 22:57:13,349 [BasicRepositoryConnector-repo.maven.apache.org-1-3] INFO  o.e.m.c.i.e.AbstractTransferListenerAdapter - Downloading https://repo.maven.apache.org/maven2/org/springframework/spring-web/6.1.17/spring-web-6.1.17.jar
2025-03-08 22:57:13,402 [BasicRepositoryConnector-repo.maven.apache.org-1-2] INFO  o.e.m.c.i.e.AbstractTransferListenerAdapter - Downloading https://repo.maven.apache.org/maven2/com/oracle/database/jdbc/ojdbc11/21.9.0.0/ojdbc11-21.9.0.0.jar
2025-03-08 22:57:13,473 [BasicRepositoryConnector-repo.maven.apache.org-1-3] INFO  o.e.m.c.i.e.AbstractTransferListenerAdapter - Downloaded https://repo.maven.apache.org/maven2/org/springframework/spring-web/6.1.17/spring-web-6.1.17.jar
2025-03-08 22:57:13,537 [BasicRepositoryConnector-repo.maven.apache.org-1-4] INFO  o.e.m.c.i.e.AbstractTransferListenerAdapter - Downloading https://repo.maven.apache.org/maven2/org/springframework/spring-webmvc/6.1.17/spring-webmvc-6.1.17.jar
2025-03-08 22:57:13,568 [BasicRepositoryConnector-repo.maven.apache.org-1-3] INFO  o.e.m.c.i.e.AbstractTransferListenerAdapter - Downloading https://repo.maven.apache.org/maven2/org/springframework/boot/spring-boot-starter-test/3.3.9/spring-boot-starter-test-3.3.9.jar
2025-03-08 22:57:13,602 [BasicRepositoryConnector-repo.maven.apache.org-1-2] INFO  o.e.m.c.i.e.AbstractTransferListenerAdapter - Downloaded https://repo.maven.apache.org/maven2/com/oracle/database/jdbc/ojdbc11/21.9.0.0/ojdbc11-21.9.0.0.jar
2025-03-08 22:57:13,657 [BasicRepositoryConnector-repo.maven.apache.org-1-3] INFO  o.e.m.c.i.e.AbstractTransferListenerAdapter - Downloaded https://repo.maven.apache.org/maven2/org/springframework/boot/spring-boot-starter-test/3.3.9/spring-boot-starter-test-3.3.9.jar
2025-03-08 22:57:13,697 [BasicRepositoryConnector-repo.maven.apache.org-1-2] INFO  o.e.m.c.i.e.AbstractTransferListenerAdapter - Downloading https://repo.maven.apache.org/maven2/org/springframework/boot/spring-boot-test/3.3.9/spring-boot-test-3.3.9.jar
2025-03-08 22:57:13,738 [BasicRepositoryConnector-repo.maven.apache.org-1-3] INFO  o.e.m.c.i.e.AbstractTransferListenerAdapter - Downloading https://repo.maven.apache.org/maven2/org/springframework/boot/spring-boot-test-autoconfigure/3.3.9/spring-boot-test-autoconfigure-3.3.9.jar
2025-03-08 22:57:13,755 [BasicRepositoryConnector-repo.maven.apache.org-1-4] INFO  o.e.m.c.i.e.AbstractTransferListenerAdapter - Downloaded https://repo.maven.apache.org/maven2/org/springframework/spring-webmvc/6.1.17/spring-webmvc-6.1.17.jar
2025-03-08 22:57:13,780 [BasicRepositoryConnector-repo.maven.apache.org-1-1] INFO  o.e.m.c.i.e.AbstractTransferListenerAdapter - Downloaded https://repo.maven.apache.org/maven2/com/fasterxml/jackson/datatype/jackson-datatype-jdk8/2.17.3/jackson-datatype-jdk8-2.17.3.jar
2025-03-08 22:57:13,787 [BasicRepositoryConnector-repo.maven.apache.org-1-2] INFO  o.e.m.c.i.e.AbstractTransferListenerAdapter - Downloaded https://repo.maven.apache.org/maven2/org/springframework/boot/spring-boot-test/3.3.9/spring-boot-test-3.3.9.jar
2025-03-08 22:57:13,810 [BasicRepositoryConnector-repo.maven.apache.org-1-3] INFO  o.e.m.c.i.e.AbstractTransferListenerAdapter - Downloaded https://repo.maven.apache.org/maven2/org/springframework/boot/spring-boot-test-autoconfigure/3.3.9/spring-boot-test-autoconfigure-3.3.9.jar
2025-03-08 22:57:13,836 [BasicRepositoryConnector-repo.maven.apache.org-1-4] INFO  o.e.m.c.i.e.AbstractTransferListenerAdapter - Downloading https://repo.maven.apache.org/maven2/com/jayway/jsonpath/json-path/2.9.0/json-path-2.9.0.jar
2025-03-08 22:57:13,892 [BasicRepositoryConnector-repo.maven.apache.org-1-2] INFO  o.e.m.c.i.e.AbstractTransferListenerAdapter - Downloading https://repo.maven.apache.org/maven2/jakarta/activation/jakarta.activation-api/2.1.3/jakarta.activation-api-2.1.3.jar
2025-03-08 22:57:13,892 [BasicRepositoryConnector-repo.maven.apache.org-1-1] INFO  o.e.m.c.i.e.AbstractTransferListenerAdapter - Downloading https://repo.maven.apache.org/maven2/jakarta/xml/bind/jakarta.xml.bind-api/4.0.2/jakarta.xml.bind-api-4.0.2.jar
2025-03-08 22:57:13,912 [BasicRepositoryConnector-repo.maven.apache.org-1-3] INFO  o.e.m.c.i.e.AbstractTransferListenerAdapter - Downloading https://repo.maven.apache.org/maven2/net/minidev/json-smart/2.5.2/json-smart-2.5.2.jar
2025-03-08 22:57:13,920 [BasicRepositoryConnector-repo.maven.apache.org-1-4] INFO  o.e.m.c.i.e.AbstractTransferListenerAdapter - Downloaded https://repo.maven.apache.org/maven2/com/jayway/jsonpath/json-path/2.9.0/json-path-2.9.0.jar
2025-03-08 22:57:13,952 [BasicRepositoryConnector-repo.maven.apache.org-1-2] INFO  o.e.m.c.i.e.AbstractTransferListenerAdapter - Downloaded https://repo.maven.apache.org/maven2/jakarta/activation/jakarta.activation-api/2.1.3/jakarta.activation-api-2.1.3.jar
2025-03-08 22:57:13,961 [BasicRepositoryConnector-repo.maven.apache.org-1-1] INFO  o.e.m.c.i.e.AbstractTransferListenerAdapter - Downloaded https://repo.maven.apache.org/maven2/jakarta/xml/bind/jakarta.xml.bind-api/4.0.2/jakarta.xml.bind-api-4.0.2.jar
2025-03-08 22:57:13,981 [BasicRepositoryConnector-repo.maven.apache.org-1-3] INFO  o.e.m.c.i.e.AbstractTransferListenerAdapter - Downloaded https://repo.maven.apache.org/maven2/net/minidev/json-smart/2.5.2/json-smart-2.5.2.jar
2025-03-08 22:57:14,010 [BasicRepositoryConnector-repo.maven.apache.org-1-4] INFO  o.e.m.c.i.e.AbstractTransferListenerAdapter - Downloading https://repo.maven.apache.org/maven2/net/minidev/accessors-smart/2.5.2/accessors-smart-2.5.2.jar
2025-03-08 22:57:14,046 [BasicRepositoryConnector-repo.maven.apache.org-1-2] INFO  o.e.m.c.i.e.AbstractTransferListenerAdapter - Downloading https://repo.maven.apache.org/maven2/org/ow2/asm/asm/9.7.1/asm-9.7.1.jar
2025-03-08 22:57:14,058 [BasicRepositoryConnector-repo.maven.apache.org-1-1] INFO  o.e.m.c.i.e.AbstractTransferListenerAdapter - Downloading https://repo.maven.apache.org/maven2/org/assertj/assertj-core/3.25.3/assertj-core-3.25.3.jar
2025-03-08 22:57:14,072 [BasicRepositoryConnector-repo.maven.apache.org-1-3] INFO  o.e.m.c.i.e.AbstractTransferListenerAdapter - Downloading https://repo.maven.apache.org/maven2/org/awaitility/awaitility/4.2.2/awaitility-4.2.2.jar
2025-03-08 22:57:14,113 [BasicRepositoryConnector-repo.maven.apache.org-1-2] INFO  o.e.m.c.i.e.AbstractTransferListenerAdapter - Downloaded https://repo.maven.apache.org/maven2/org/ow2/asm/asm/9.7.1/asm-9.7.1.jar
2025-03-08 22:57:14,145 [BasicRepositoryConnector-repo.maven.apache.org-1-3] INFO  o.e.m.c.i.e.AbstractTransferListenerAdapter - Downloaded https://repo.maven.apache.org/maven2/org/awaitility/awaitility/4.2.2/awaitility-4.2.2.jar
2025-03-08 22:57:14,174 [BasicRepositoryConnector-repo.maven.apache.org-1-1] INFO  o.e.m.c.i.e.AbstractTransferListenerAdapter - Downloaded https://repo.maven.apache.org/maven2/org/assertj/assertj-core/3.25.3/assertj-core-3.25.3.jar
2025-03-08 22:57:14,201 [BasicRepositoryConnector-repo.maven.apache.org-1-2] INFO  o.e.m.c.i.e.AbstractTransferListenerAdapter - Downloading https://repo.maven.apache.org/maven2/org/hamcrest/hamcrest/2.2/hamcrest-2.2.jar
2025-03-08 22:57:14,231 [BasicRepositoryConnector-repo.maven.apache.org-1-3] INFO  o.e.m.c.i.e.AbstractTransferListenerAdapter - Downloading https://repo.maven.apache.org/maven2/org/junit/jupiter/junit-jupiter/5.10.5/junit-jupiter-5.10.5.jar
2025-03-08 22:57:14,265 [BasicRepositoryConnector-repo.maven.apache.org-1-2] INFO  o.e.m.c.i.e.AbstractTransferListenerAdapter - Downloaded https://repo.maven.apache.org/maven2/org/hamcrest/hamcrest/2.2/hamcrest-2.2.jar
2025-03-08 22:57:14,269 [BasicRepositoryConnector-repo.maven.apache.org-1-1] INFO  o.e.m.c.i.e.AbstractTransferListenerAdapter - Downloading https://repo.maven.apache.org/maven2/org/junit/jupiter/junit-jupiter-api/5.10.5/junit-jupiter-api-5.10.5.jar
2025-03-08 22:57:14,335 [BasicRepositoryConnector-repo.maven.apache.org-1-1] INFO  o.e.m.c.i.e.AbstractTransferListenerAdapter - Downloaded https://repo.maven.apache.org/maven2/org/junit/jupiter/junit-jupiter-api/5.10.5/junit-jupiter-api-5.10.5.jar
2025-03-08 22:57:14,356 [BasicRepositoryConnector-repo.maven.apache.org-1-2] INFO  o.e.m.c.i.e.AbstractTransferListenerAdapter - Downloading https://repo.maven.apache.org/maven2/org/opentest4j/opentest4j/1.3.0/opentest4j-1.3.0.jar
2025-03-08 22:57:14,387 [BasicRepositoryConnector-repo.maven.apache.org-1-3] INFO  o.e.m.c.i.e.AbstractTransferListenerAdapter - Downloaded https://repo.maven.apache.org/maven2/org/junit/jupiter/junit-jupiter/5.10.5/junit-jupiter-5.10.5.jar
2025-03-08 22:57:14,462 [BasicRepositoryConnector-repo.maven.apache.org-1-1] INFO  o.e.m.c.i.e.AbstractTransferListenerAdapter - Downloading https://repo.maven.apache.org/maven2/org/junit/platform/junit-platform-commons/1.10.5/junit-platform-commons-1.10.5.jar
2025-03-08 22:57:14,474 [BasicRepositoryConnector-repo.maven.apache.org-1-3] INFO  o.e.m.c.i.e.AbstractTransferListenerAdapter - Downloading https://repo.maven.apache.org/maven2/org/apiguardian/apiguardian-api/1.1.2/apiguardian-api-1.1.2.jar
2025-03-08 22:57:14,502 [BasicRepositoryConnector-repo.maven.apache.org-1-0] INFO  o.e.m.c.i.e.AbstractTransferListenerAdapter - Downloaded https://repo.maven.apache.org/maven2/io/micrometer/micrometer-commons/1.13.11/micrometer-commons-1.13.11.jar
2025-03-08 22:57:14,529 [BasicRepositoryConnector-repo.maven.apache.org-1-1] INFO  o.e.m.c.i.e.AbstractTransferListenerAdapter - Downloaded https://repo.maven.apache.org/maven2/org/junit/platform/junit-platform-commons/1.10.5/junit-platform-commons-1.10.5.jar
2025-03-08 22:57:14,578 [BasicRepositoryConnector-repo.maven.apache.org-1-0] INFO  o.e.m.c.i.e.AbstractTransferListenerAdapter - Downloading https://repo.maven.apache.org/maven2/org/junit/jupiter/junit-jupiter-params/5.10.5/junit-jupiter-params-5.10.5.jar
2025-03-08 22:57:14,607 [BasicRepositoryConnector-repo.maven.apache.org-1-1] INFO  o.e.m.c.i.e.AbstractTransferListenerAdapter - Downloading https://repo.maven.apache.org/maven2/org/junit/jupiter/junit-jupiter-engine/5.10.5/junit-jupiter-engine-5.10.5.jar
2025-03-08 22:57:14,632 [BasicRepositoryConnector-repo.maven.apache.org-1-3] INFO  o.e.m.c.i.e.AbstractTransferListenerAdapter - Downloaded https://repo.maven.apache.org/maven2/org/apiguardian/apiguardian-api/1.1.2/apiguardian-api-1.1.2.jar
2025-03-08 22:57:14,666 [BasicRepositoryConnector-repo.maven.apache.org-1-0] INFO  o.e.m.c.i.e.AbstractTransferListenerAdapter - Downloaded https://repo.maven.apache.org/maven2/org/junit/jupiter/junit-jupiter-params/5.10.5/junit-jupiter-params-5.10.5.jar
2025-03-08 22:57:14,683 [BasicRepositoryConnector-repo.maven.apache.org-1-1] INFO  o.e.m.c.i.e.AbstractTransferListenerAdapter - Downloaded https://repo.maven.apache.org/maven2/org/junit/jupiter/junit-jupiter-engine/5.10.5/junit-jupiter-engine-5.10.5.jar
2025-03-08 22:57:14,709 [BasicRepositoryConnector-repo.maven.apache.org-1-3] INFO  o.e.m.c.i.e.AbstractTransferListenerAdapter - Downloading https://repo.maven.apache.org/maven2/org/junit/platform/junit-platform-engine/1.10.5/junit-platform-engine-1.10.5.jar
2025-03-08 22:57:14,716 [BasicRepositoryConnector-repo.maven.apache.org-1-4] INFO  o.e.m.c.i.e.AbstractTransferListenerAdapter - Downloaded https://repo.maven.apache.org/maven2/net/minidev/accessors-smart/2.5.2/accessors-smart-2.5.2.jar
2025-03-08 22:57:14,741 [BasicRepositoryConnector-repo.maven.apache.org-1-2] INFO  o.e.m.c.i.e.AbstractTransferListenerAdapter - Downloaded https://repo.maven.apache.org/maven2/org/opentest4j/opentest4j/1.3.0/opentest4j-1.3.0.jar
2025-03-08 22:57:14,753 [BasicRepositoryConnector-repo.maven.apache.org-1-0] INFO  o.e.m.c.i.e.AbstractTransferListenerAdapter - Downloading https://repo.maven.apache.org/maven2/org/mockito/mockito-core/5.11.0/mockito-core-5.11.0.jar
2025-03-08 22:57:14,768 [BasicRepositoryConnector-repo.maven.apache.org-1-1] INFO  o.e.m.c.i.e.AbstractTransferListenerAdapter - Downloading https://repo.maven.apache.org/maven2/net/bytebuddy/byte-buddy-agent/1.14.19/byte-buddy-agent-1.14.19.jar
2025-03-08 22:57:14,787 [BasicRepositoryConnector-repo.maven.apache.org-1-3] INFO  o.e.m.c.i.e.AbstractTransferListenerAdapter - Downloaded https://repo.maven.apache.org/maven2/org/junit/platform/junit-platform-engine/1.10.5/junit-platform-engine-1.10.5.jar
2025-03-08 22:57:14,799 [BasicRepositoryConnector-repo.maven.apache.org-1-4] INFO  o.e.m.c.i.e.AbstractTransferListenerAdapter - Downloading https://repo.maven.apache.org/maven2/org/objenesis/objenesis/3.3/objenesis-3.3.jar
2025-03-08 22:57:14,823 [BasicRepositoryConnector-repo.maven.apache.org-1-2] INFO  o.e.m.c.i.e.AbstractTransferListenerAdapter - Downloading https://repo.maven.apache.org/maven2/org/mockito/mockito-junit-jupiter/5.11.0/mockito-junit-jupiter-5.11.0.jar
2025-03-08 22:57:14,829 [BasicRepositoryConnector-repo.maven.apache.org-1-0] INFO  o.e.m.c.i.e.AbstractTransferListenerAdapter - Downloaded https://repo.maven.apache.org/maven2/org/mockito/mockito-core/5.11.0/mockito-core-5.11.0.jar
2025-03-08 22:57:14,870 [BasicRepositoryConnector-repo.maven.apache.org-1-1] INFO  o.e.m.c.i.e.AbstractTransferListenerAdapter - Downloaded https://repo.maven.apache.org/maven2/net/bytebuddy/byte-buddy-agent/1.14.19/byte-buddy-agent-1.14.19.jar
2025-03-08 22:57:14,873 [BasicRepositoryConnector-repo.maven.apache.org-1-3] INFO  o.e.m.c.i.e.AbstractTransferListenerAdapter - Downloading https://repo.maven.apache.org/maven2/org/skyscreamer/jsonassert/1.5.3/jsonassert-1.5.3.jar
2025-03-08 22:57:14,912 [BasicRepositoryConnector-repo.maven.apache.org-1-0] INFO  o.e.m.c.i.e.AbstractTransferListenerAdapter - Downloading https://repo.maven.apache.org/maven2/com/vaadin/external/google/android-json/0.0.20131108.vaadin1/android-json-0.0.20131108.vaadin1.jar
2025-03-08 22:57:15,166 [BasicRepositoryConnector-repo.maven.apache.org-1-2] INFO  o.e.m.c.i.e.AbstractTransferListenerAdapter - Downloaded https://repo.maven.apache.org/maven2/org/mockito/mockito-junit-jupiter/5.11.0/mockito-junit-jupiter-5.11.0.jar
2025-03-08 22:57:15,239 [BasicRepositoryConnector-repo.maven.apache.org-1-1] INFO  o.e.m.c.i.e.AbstractTransferListenerAdapter - Downloading https://repo.maven.apache.org/maven2/org/springframework/spring-core/6.1.17/spring-core-6.1.17.jar
2025-03-08 22:57:15,243 [BasicRepositoryConnector-repo.maven.apache.org-1-0] INFO  o.e.m.c.i.e.AbstractTransferListenerAdapter - Downloaded https://repo.maven.apache.org/maven2/com/vaadin/external/google/android-json/0.0.20131108.vaadin1/android-json-0.0.20131108.vaadin1.jar
2025-03-08 22:57:15,258 [BasicRepositoryConnector-repo.maven.apache.org-1-2] INFO  o.e.m.c.i.e.AbstractTransferListenerAdapter - Downloading https://repo.maven.apache.org/maven2/org/springframework/spring-jcl/6.1.17/spring-jcl-6.1.17.jar
2025-03-08 22:57:15,333 [BasicRepositoryConnector-repo.maven.apache.org-1-0] INFO  o.e.m.c.i.e.AbstractTransferListenerAdapter - Downloading https://repo.maven.apache.org/maven2/org/springframework/spring-test/6.1.17/spring-test-6.1.17.jar
2025-03-08 22:57:15,364 [BasicRepositoryConnector-repo.maven.apache.org-1-1] INFO  o.e.m.c.i.e.AbstractTransferListenerAdapter - Downloaded https://repo.maven.apache.org/maven2/org/springframework/spring-core/6.1.17/spring-core-6.1.17.jar
2025-03-08 22:57:15,444 [BasicRepositoryConnector-repo.maven.apache.org-1-0] INFO  o.e.m.c.i.e.AbstractTransferListenerAdapter - Downloaded https://repo.maven.apache.org/maven2/org/springframework/spring-test/6.1.17/spring-test-6.1.17.jar
2025-03-08 22:57:15,456 [BasicRepositoryConnector-repo.maven.apache.org-1-1] INFO  o.e.m.c.i.e.AbstractTransferListenerAdapter - Downloading https://repo.maven.apache.org/maven2/org/xmlunit/xmlunit-core/2.9.1/xmlunit-core-2.9.1.jar
2025-03-08 22:57:15,525 [BasicRepositoryConnector-repo.maven.apache.org-1-1] INFO  o.e.m.c.i.e.AbstractTransferListenerAdapter - Downloaded https://repo.maven.apache.org/maven2/org/xmlunit/xmlunit-core/2.9.1/xmlunit-core-2.9.1.jar
2025-03-08 22:57:15,536 [BasicRepositoryConnector-repo.maven.apache.org-1-0] INFO  o.e.m.c.i.e.AbstractTransferListenerAdapter - Downloading https://repo.maven.apache.org/maven2/org/springframework/security/spring-security-test/6.3.7/spring-security-test-6.3.7.jar
2025-03-08 22:57:15,546 [BasicRepositoryConnector-repo.maven.apache.org-1-3] INFO  o.e.m.c.i.e.AbstractTransferListenerAdapter - Downloaded https://repo.maven.apache.org/maven2/org/skyscreamer/jsonassert/1.5.3/jsonassert-1.5.3.jar
2025-03-08 22:57:15,602 [BasicRepositoryConnector-repo.maven.apache.org-1-0] INFO  o.e.m.c.i.e.AbstractTransferListenerAdapter - Downloaded https://repo.maven.apache.org/maven2/org/springframework/security/spring-security-test/6.3.7/spring-security-test-6.3.7.jar
2025-03-08 22:57:15,622 [BasicRepositoryConnector-repo.maven.apache.org-1-1] INFO  o.e.m.c.i.e.AbstractTransferListenerAdapter - Downloading https://repo.maven.apache.org/maven2/org/springframework/security/spring-security-core/6.3.7/spring-security-core-6.3.7.jar
2025-03-08 22:57:15,627 [BasicRepositoryConnector-repo.maven.apache.org-1-3] INFO  o.e.m.c.i.e.AbstractTransferListenerAdapter - Downloading https://repo.maven.apache.org/maven2/org/springframework/security/spring-security-crypto/6.3.7/spring-security-crypto-6.3.7.jar
2025-03-08 22:57:15,683 [BasicRepositoryConnector-repo.maven.apache.org-1-3] INFO  o.e.m.c.i.e.AbstractTransferListenerAdapter - Downloaded https://repo.maven.apache.org/maven2/org/springframework/security/spring-security-crypto/6.3.7/spring-security-crypto-6.3.7.jar
2025-03-08 22:57:15,686 [BasicRepositoryConnector-repo.maven.apache.org-1-1] INFO  o.e.m.c.i.e.AbstractTransferListenerAdapter - Downloaded https://repo.maven.apache.org/maven2/org/springframework/security/spring-security-core/6.3.7/spring-security-core-6.3.7.jar
2025-03-08 22:57:15,789 [BasicRepositoryConnector-repo.maven.apache.org-1-2] INFO  o.e.m.c.i.e.AbstractTransferListenerAdapter - Downloaded https://repo.maven.apache.org/maven2/org/springframework/spring-jcl/6.1.17/spring-jcl-6.1.17.jar
2025-03-08 22:57:15,994 [BasicRepositoryConnector-repo.maven.apache.org-1-4] INFO  o.e.m.c.i.e.AbstractTransferListenerAdapter - Downloaded https://repo.maven.apache.org/maven2/org/objenesis/objenesis/3.3/objenesis-3.3.jar
2025-03-08 22:57:16,772 [Worker-14: Importing Maven projects] INFO  o.e.m.c.i.e.AbstractTransferListenerAdapter - Downloading https://repo.maven.apache.org/maven2/org/apache/maven/plugins/maven-resources-plugin/3.3.1/maven-resources-plugin-3.3.1.pom
2025-03-08 22:57:16,814 [Worker-14: Importing Maven projects] INFO  o.e.m.c.i.e.AbstractTransferListenerAdapter - Downloaded https://repo.maven.apache.org/maven2/org/apache/maven/plugins/maven-resources-plugin/3.3.1/maven-resources-plugin-3.3.1.pom
2025-03-08 22:57:16,904 [Worker-14: Importing Maven projects] INFO  o.e.m.c.i.e.AbstractTransferListenerAdapter - Downloading https://repo.maven.apache.org/maven2/org/apache/maven/plugins/maven-plugins/39/maven-plugins-39.pom
2025-03-08 22:57:16,943 [Worker-14: Importing Maven projects] INFO  o.e.m.c.i.e.AbstractTransferListenerAdapter - Downloaded https://repo.maven.apache.org/maven2/org/apache/maven/plugins/maven-plugins/39/maven-plugins-39.pom
2025-03-08 22:57:17,056 [Worker-14: Importing Maven projects] INFO  o.e.m.c.i.e.AbstractTransferListenerAdapter - Downloading https://repo.maven.apache.org/maven2/org/apache/maven/plugins/maven-surefire-plugin/3.2.5/maven-surefire-plugin-3.2.5.pom
2025-03-08 22:57:17,092 [Worker-14: Importing Maven projects] INFO  o.e.m.c.i.e.AbstractTransferListenerAdapter - Downloaded https://repo.maven.apache.org/maven2/org/apache/maven/plugins/maven-surefire-plugin/3.2.5/maven-surefire-plugin-3.2.5.pom
2025-03-08 22:57:17,184 [Worker-14: Importing Maven projects] INFO  o.e.m.c.i.e.AbstractTransferListenerAdapter - Downloading https://repo.maven.apache.org/maven2/org/apache/maven/surefire/surefire/3.2.5/surefire-3.2.5.pom
2025-03-08 22:57:17,227 [Worker-14: Importing Maven projects] INFO  o.e.m.c.i.e.AbstractTransferListenerAdapter - Downloaded https://repo.maven.apache.org/maven2/org/apache/maven/surefire/surefire/3.2.5/surefire-3.2.5.pom
2025-03-08 22:57:17,351 [Worker-14: Importing Maven projects] INFO  o.e.m.c.i.e.AbstractTransferListenerAdapter - Downloading https://repo.maven.apache.org/maven2/org/apache/maven/plugins/maven-jar-plugin/3.4.2/maven-jar-plugin-3.4.2.pom
2025-03-08 22:57:17,398 [Worker-14: Importing Maven projects] INFO  o.e.m.c.i.e.AbstractTransferListenerAdapter - Downloaded https://repo.maven.apache.org/maven2/org/apache/maven/plugins/maven-jar-plugin/3.4.2/maven-jar-plugin-3.4.2.pom
2025-03-08 22:57:17,487 [Worker-14: Importing Maven projects] INFO  o.e.m.c.i.e.AbstractTransferListenerAdapter - Downloading https://repo.maven.apache.org/maven2/org/apache/maven/plugins/maven-plugins/42/maven-plugins-42.pom
2025-03-08 22:57:17,537 [Worker-14: Importing Maven projects] INFO  o.e.m.c.i.e.AbstractTransferListenerAdapter - Downloaded https://repo.maven.apache.org/maven2/org/apache/maven/plugins/maven-plugins/42/maven-plugins-42.pom
2025-03-08 22:57:17,624 [Worker-14: Importing Maven projects] INFO  o.e.m.c.i.e.AbstractTransferListenerAdapter - Downloading https://repo.maven.apache.org/maven2/org/apache/maven/maven-parent/42/maven-parent-42.pom
2025-03-08 22:57:17,670 [Worker-14: Importing Maven projects] INFO  o.e.m.c.i.e.AbstractTransferListenerAdapter - Downloaded https://repo.maven.apache.org/maven2/org/apache/maven/maven-parent/42/maven-parent-42.pom
2025-03-08 22:57:17,782 [Worker-14: Importing Maven projects] INFO  o.e.m.c.i.e.AbstractTransferListenerAdapter - Downloading https://repo.maven.apache.org/maven2/org/apache/apache/32/apache-32.pom
2025-03-08 22:57:17,835 [Worker-14: Importing Maven projects] INFO  o.e.m.c.i.e.AbstractTransferListenerAdapter - Downloaded https://repo.maven.apache.org/maven2/org/apache/apache/32/apache-32.pom
2025-03-08 22:57:17,961 [Worker-14: Importing Maven projects] INFO  o.e.m.c.i.e.AbstractTransferListenerAdapter - Downloading https://repo.maven.apache.org/maven2/org/apache/maven/shared/file-management/3.1.0/file-management-3.1.0.pom
2025-03-08 22:57:18,006 [Worker-14: Importing Maven projects] INFO  o.e.m.c.i.e.AbstractTransferListenerAdapter - Downloaded https://repo.maven.apache.org/maven2/org/apache/maven/shared/file-management/3.1.0/file-management-3.1.0.pom
2025-03-08 22:57:18,092 [Worker-14: Importing Maven projects] INFO  o.e.m.c.i.e.AbstractTransferListenerAdapter - Downloading https://repo.maven.apache.org/maven2/org/apache/maven/shared/maven-shared-components/36/maven-shared-components-36.pom
2025-03-08 22:57:18,142 [Worker-14: Importing Maven projects] INFO  o.e.m.c.i.e.AbstractTransferListenerAdapter - Downloaded https://repo.maven.apache.org/maven2/org/apache/maven/shared/maven-shared-components/36/maven-shared-components-36.pom
2025-03-08 22:57:18,232 [Worker-14: Importing Maven projects] INFO  o.e.m.c.i.e.AbstractTransferListenerAdapter - Downloading https://repo.maven.apache.org/maven2/org/apache/maven/maven-parent/36/maven-parent-36.pom
2025-03-08 22:57:18,272 [Worker-14: Importing Maven projects] INFO  o.e.m.c.i.e.AbstractTransferListenerAdapter - Downloaded https://repo.maven.apache.org/maven2/org/apache/maven/maven-parent/36/maven-parent-36.pom
2025-03-08 22:57:18,371 [Worker-14: Importing Maven projects] INFO  o.e.m.c.i.e.AbstractTransferListenerAdapter - Downloading https://repo.maven.apache.org/maven2/org/apache/apache/26/apache-26.pom
2025-03-08 22:57:18,424 [Worker-14: Importing Maven projects] INFO  o.e.m.c.i.e.AbstractTransferListenerAdapter - Downloaded https://repo.maven.apache.org/maven2/org/apache/apache/26/apache-26.pom
2025-03-08 22:57:18,527 [Worker-14: Importing Maven projects] INFO  o.e.m.c.i.e.AbstractTransferListenerAdapter - Downloading https://repo.maven.apache.org/maven2/org/codehaus/plexus/plexus-utils/4.0.1/plexus-utils-4.0.1.pom
2025-03-08 22:57:18,570 [Worker-14: Importing Maven projects] INFO  o.e.m.c.i.e.AbstractTransferListenerAdapter - Downloaded https://repo.maven.apache.org/maven2/org/codehaus/plexus/plexus-utils/4.0.1/plexus-utils-4.0.1.pom
2025-03-08 22:57:18,665 [Worker-14: Importing Maven projects] INFO  o.e.m.c.i.e.AbstractTransferListenerAdapter - Downloading https://repo.maven.apache.org/maven2/commons-io/commons-io/2.16.1/commons-io-2.16.1.pom
2025-03-08 22:57:18,711 [Worker-14: Importing Maven projects] INFO  o.e.m.c.i.e.AbstractTransferListenerAdapter - Downloaded https://repo.maven.apache.org/maven2/commons-io/commons-io/2.16.1/commons-io-2.16.1.pom
2025-03-08 22:57:18,813 [Worker-14: Importing Maven projects] INFO  o.e.m.c.i.e.AbstractTransferListenerAdapter - Downloading https://repo.maven.apache.org/maven2/org/apache/commons/commons-parent/69/commons-parent-69.pom
2025-03-08 22:57:18,852 [Worker-14: Importing Maven projects] INFO  o.e.m.c.i.e.AbstractTransferListenerAdapter - Downloaded https://repo.maven.apache.org/maven2/org/apache/commons/commons-parent/69/commons-parent-69.pom
2025-03-08 22:57:18,962 [Worker-14: Importing Maven projects] INFO  o.e.m.c.i.e.AbstractTransferListenerAdapter - Downloading https://repo.maven.apache.org/maven2/org/apache/maven/maven-archiver/3.6.2/maven-archiver-3.6.2.pom
2025-03-08 22:57:19,004 [Worker-14: Importing Maven projects] INFO  o.e.m.c.i.e.AbstractTransferListenerAdapter - Downloaded https://repo.maven.apache.org/maven2/org/apache/maven/maven-archiver/3.6.2/maven-archiver-3.6.2.pom
2025-03-08 22:57:19,095 [Worker-14: Importing Maven projects] INFO  o.e.m.c.i.e.AbstractTransferListenerAdapter - Downloading https://repo.maven.apache.org/maven2/org/apache/maven/shared/maven-shared-components/41/maven-shared-components-41.pom
2025-03-08 22:57:19,138 [Worker-14: Importing Maven projects] INFO  o.e.m.c.i.e.AbstractTransferListenerAdapter - Downloaded https://repo.maven.apache.org/maven2/org/apache/maven/shared/maven-shared-components/41/maven-shared-components-41.pom
2025-03-08 22:57:19,229 [Worker-14: Importing Maven projects] INFO  o.e.m.c.i.e.AbstractTransferListenerAdapter - Downloading https://repo.maven.apache.org/maven2/org/codehaus/plexus/plexus-archiver/4.9.2/plexus-archiver-4.9.2.pom
2025-03-08 22:57:19,270 [Worker-14: Importing Maven projects] INFO  o.e.m.c.i.e.AbstractTransferListenerAdapter - Downloaded https://repo.maven.apache.org/maven2/org/codehaus/plexus/plexus-archiver/4.9.2/plexus-archiver-4.9.2.pom
2025-03-08 22:57:19,360 [Worker-14: Importing Maven projects] INFO  o.e.m.c.i.e.AbstractTransferListenerAdapter - Downloading https://repo.maven.apache.org/maven2/org/codehaus/plexus/plexus-io/3.4.2/plexus-io-3.4.2.pom
2025-03-08 22:57:19,401 [Worker-14: Importing Maven projects] INFO  o.e.m.c.i.e.AbstractTransferListenerAdapter - Downloaded https://repo.maven.apache.org/maven2/org/codehaus/plexus/plexus-io/3.4.2/plexus-io-3.4.2.pom
2025-03-08 22:57:19,485 [Worker-14: Importing Maven projects] INFO  o.e.m.c.i.e.AbstractTransferListenerAdapter - Downloading https://repo.maven.apache.org/maven2/org/codehaus/plexus/plexus/16/plexus-16.pom
2025-03-08 22:57:19,522 [Worker-14: Importing Maven projects] INFO  o.e.m.c.i.e.AbstractTransferListenerAdapter - Downloaded https://repo.maven.apache.org/maven2/org/codehaus/plexus/plexus/16/plexus-16.pom
2025-03-08 22:57:19,624 [Worker-14: Importing Maven projects] INFO  o.e.m.c.i.e.AbstractTransferListenerAdapter - Downloading https://repo.maven.apache.org/maven2/org/junit/junit-bom/5.10.1/junit-bom-5.10.1.pom
2025-03-08 22:57:19,665 [Worker-14: Importing Maven projects] INFO  o.e.m.c.i.e.AbstractTransferListenerAdapter - Downloaded https://repo.maven.apache.org/maven2/org/junit/junit-bom/5.10.1/junit-bom-5.10.1.pom
2025-03-08 22:57:19,766 [Worker-14: Importing Maven projects] INFO  o.e.m.c.i.e.AbstractTransferListenerAdapter - Downloading https://repo.maven.apache.org/maven2/org/apache/commons/commons-compress/1.26.1/commons-compress-1.26.1.pom
2025-03-08 22:57:19,812 [Worker-14: Importing Maven projects] INFO  o.e.m.c.i.e.AbstractTransferListenerAdapter - Downloaded https://repo.maven.apache.org/maven2/org/apache/commons/commons-compress/1.26.1/commons-compress-1.26.1.pom
2025-03-08 22:57:19,914 [Worker-14: Importing Maven projects] INFO  o.e.m.c.i.e.AbstractTransferListenerAdapter - Downloading https://repo.maven.apache.org/maven2/org/apache/commons/commons-parent/66/commons-parent-66.pom
2025-03-08 22:57:19,957 [Worker-14: Importing Maven projects] INFO  o.e.m.c.i.e.AbstractTransferListenerAdapter - Downloaded https://repo.maven.apache.org/maven2/org/apache/commons/commons-parent/66/commons-parent-66.pom
2025-03-08 22:57:20,063 [Worker-14: Importing Maven projects] INFO  o.e.m.c.i.e.AbstractTransferListenerAdapter - Downloading https://repo.maven.apache.org/maven2/commons-codec/commons-codec/1.16.1/commons-codec-1.16.1.pom
2025-03-08 22:57:20,117 [Worker-14: Importing Maven projects] INFO  o.e.m.c.i.e.AbstractTransferListenerAdapter - Downloaded https://repo.maven.apache.org/maven2/commons-codec/commons-codec/1.16.1/commons-codec-1.16.1.pom
2025-03-08 22:57:20,226 [Worker-14: Importing Maven projects] INFO  o.e.m.c.i.e.AbstractTransferListenerAdapter - Downloading https://repo.maven.apache.org/maven2/org/apache/commons/commons-lang3/3.14.0/commons-lang3-3.14.0.pom
2025-03-08 22:57:20,273 [Worker-14: Importing Maven projects] INFO  o.e.m.c.i.e.AbstractTransferListenerAdapter - Downloaded https://repo.maven.apache.org/maven2/org/apache/commons/commons-lang3/3.14.0/commons-lang3-3.14.0.pom
2025-03-08 22:57:20,378 [Worker-14: Importing Maven projects] INFO  o.e.m.c.i.e.AbstractTransferListenerAdapter - Downloading https://repo.maven.apache.org/maven2/org/apache/commons/commons-parent/64/commons-parent-64.pom
2025-03-08 22:57:20,426 [Worker-14: Importing Maven projects] INFO  o.e.m.c.i.e.AbstractTransferListenerAdapter - Downloaded https://repo.maven.apache.org/maven2/org/apache/commons/commons-parent/64/commons-parent-64.pom
2025-03-08 22:57:20,532 [Worker-14: Importing Maven projects] INFO  o.e.m.c.i.e.AbstractTransferListenerAdapter - Downloading https://repo.maven.apache.org/maven2/org/apache/apache/30/apache-30.pom
2025-03-08 22:57:20,574 [Worker-14: Importing Maven projects] INFO  o.e.m.c.i.e.AbstractTransferListenerAdapter - Downloaded https://repo.maven.apache.org/maven2/org/apache/apache/30/apache-30.pom
2025-03-08 22:57:20,674 [Worker-14: Importing Maven projects] INFO  o.e.m.c.i.e.AbstractTransferListenerAdapter - Downloading https://repo.maven.apache.org/maven2/org/iq80/snappy/snappy/0.4/snappy-0.4.pom
2025-03-08 22:57:20,716 [Worker-14: Importing Maven projects] INFO  o.e.m.c.i.e.AbstractTransferListenerAdapter - Downloaded https://repo.maven.apache.org/maven2/org/iq80/snappy/snappy/0.4/snappy-0.4.pom
2025-03-08 22:57:20,817 [Worker-14: Importing Maven projects] INFO  o.e.m.c.i.e.AbstractTransferListenerAdapter - Downloading https://repo.maven.apache.org/maven2/org/tukaani/xz/1.9/xz-1.9.pom
2025-03-08 22:57:20,859 [Worker-14: Importing Maven projects] INFO  o.e.m.c.i.e.AbstractTransferListenerAdapter - Downloaded https://repo.maven.apache.org/maven2/org/tukaani/xz/1.9/xz-1.9.pom
2025-03-08 22:57:20,948 [Worker-14: Importing Maven projects] INFO  o.e.m.c.i.e.AbstractTransferListenerAdapter - Downloading https://repo.maven.apache.org/maven2/com/github/luben/zstd-jni/1.5.5-11/zstd-jni-1.5.5-11.pom
2025-03-08 22:57:20,991 [Worker-14: Importing Maven projects] INFO  o.e.m.c.i.e.AbstractTransferListenerAdapter - Downloaded https://repo.maven.apache.org/maven2/com/github/luben/zstd-jni/1.5.5-11/zstd-jni-1.5.5-11.pom
2025-03-08 22:57:21,080 [Worker-14: Importing Maven projects] INFO  o.e.m.c.i.e.AbstractTransferListenerAdapter - Downloading https://repo.maven.apache.org/maven2/org/codehaus/plexus/plexus-interpolation/1.27/plexus-interpolation-1.27.pom
2025-03-08 22:57:21,124 [Worker-14: Importing Maven projects] INFO  o.e.m.c.i.e.AbstractTransferListenerAdapter - Downloaded https://repo.maven.apache.org/maven2/org/codehaus/plexus/plexus-interpolation/1.27/plexus-interpolation-1.27.pom
2025-03-08 22:57:21,222 [Worker-14: Importing Maven projects] INFO  o.e.m.c.i.e.AbstractTransferListenerAdapter - Downloading https://repo.maven.apache.org/maven2/org/apache/maven/shared/file-management/3.1.0/file-management-3.1.0.jar
2025-03-08 22:57:21,729 [Worker-14: Importing Maven projects] INFO  o.e.m.c.i.e.AbstractTransferListenerAdapter - Downloaded https://repo.maven.apache.org/maven2/org/apache/maven/shared/file-management/3.1.0/file-management-3.1.0.jar
2025-03-08 22:57:21,909 [BasicRepositoryConnector-repo.maven.apache.org-2-0] INFO  o.e.m.c.i.e.AbstractTransferListenerAdapter - Downloading https://repo.maven.apache.org/maven2/org/codehaus/plexus/plexus-utils/4.0.1/plexus-utils-4.0.1.jar
2025-03-08 22:57:21,909 [BasicRepositoryConnector-repo.maven.apache.org-2-2] INFO  o.e.m.c.i.e.AbstractTransferListenerAdapter - Downloading https://repo.maven.apache.org/maven2/org/apache/maven/maven-archiver/3.6.2/maven-archiver-3.6.2.jar
2025-03-08 22:57:21,909 [BasicRepositoryConnector-repo.maven.apache.org-2-3] INFO  o.e.m.c.i.e.AbstractTransferListenerAdapter - Downloading https://repo.maven.apache.org/maven2/org/codehaus/plexus/plexus-interpolation/1.27/plexus-interpolation-1.27.jar
2025-03-08 22:57:21,911 [BasicRepositoryConnector-repo.maven.apache.org-2-1] INFO  o.e.m.c.i.e.AbstractTransferListenerAdapter - Downloading https://repo.maven.apache.org/maven2/commons-io/commons-io/2.16.1/commons-io-2.16.1.jar
2025-03-08 22:57:21,927 [BasicRepositoryConnector-repo.maven.apache.org-2-4] INFO  o.e.m.c.i.e.AbstractTransferListenerAdapter - Downloading https://repo.maven.apache.org/maven2/org/codehaus/plexus/plexus-archiver/4.9.2/plexus-archiver-4.9.2.jar
2025-03-08 22:57:21,990 [BasicRepositoryConnector-repo.maven.apache.org-2-3] INFO  o.e.m.c.i.e.AbstractTransferListenerAdapter - Downloaded https://repo.maven.apache.org/maven2/org/codehaus/plexus/plexus-interpolation/1.27/plexus-interpolation-1.27.jar
2025-03-08 22:57:21,995 [BasicRepositoryConnector-repo.maven.apache.org-2-0] INFO  o.e.m.c.i.e.AbstractTransferListenerAdapter - Downloaded https://repo.maven.apache.org/maven2/org/codehaus/plexus/plexus-utils/4.0.1/plexus-utils-4.0.1.jar
2025-03-08 22:57:22,012 [BasicRepositoryConnector-repo.maven.apache.org-2-1] INFO  o.e.m.c.i.e.AbstractTransferListenerAdapter - Downloaded https://repo.maven.apache.org/maven2/commons-io/commons-io/2.16.1/commons-io-2.16.1.jar
2025-03-08 22:57:22,017 [BasicRepositoryConnector-repo.maven.apache.org-2-4] INFO  o.e.m.c.i.e.AbstractTransferListenerAdapter - Downloaded https://repo.maven.apache.org/maven2/org/codehaus/plexus/plexus-archiver/4.9.2/plexus-archiver-4.9.2.jar
2025-03-08 22:57:22,070 [BasicRepositoryConnector-repo.maven.apache.org-2-3] INFO  o.e.m.c.i.e.AbstractTransferListenerAdapter - Downloading https://repo.maven.apache.org/maven2/org/codehaus/plexus/plexus-io/3.4.2/plexus-io-3.4.2.jar
2025-03-08 22:57:22,080 [BasicRepositoryConnector-repo.maven.apache.org-2-0] INFO  o.e.m.c.i.e.AbstractTransferListenerAdapter - Downloading https://repo.maven.apache.org/maven2/org/apache/commons/commons-compress/1.26.1/commons-compress-1.26.1.jar
2025-03-08 22:57:22,099 [BasicRepositoryConnector-repo.maven.apache.org-2-4] INFO  o.e.m.c.i.e.AbstractTransferListenerAdapter - Downloading https://repo.maven.apache.org/maven2/commons-codec/commons-codec/1.16.1/commons-codec-1.16.1.jar
2025-03-08 22:57:22,099 [BasicRepositoryConnector-repo.maven.apache.org-2-1] INFO  o.e.m.c.i.e.AbstractTransferListenerAdapter - Downloading https://repo.maven.apache.org/maven2/org/apache/commons/commons-lang3/3.14.0/commons-lang3-3.14.0.jar
2025-03-08 22:57:22,125 [BasicRepositoryConnector-repo.maven.apache.org-2-3] INFO  o.e.m.c.i.e.AbstractTransferListenerAdapter - Downloaded https://repo.maven.apache.org/maven2/org/codehaus/plexus/plexus-io/3.4.2/plexus-io-3.4.2.jar
2025-03-08 22:57:22,171 [BasicRepositoryConnector-repo.maven.apache.org-2-1] INFO  o.e.m.c.i.e.AbstractTransferListenerAdapter - Downloaded https://repo.maven.apache.org/maven2/org/apache/commons/commons-lang3/3.14.0/commons-lang3-3.14.0.jar
2025-03-08 22:57:22,182 [BasicRepositoryConnector-repo.maven.apache.org-2-0] INFO  o.e.m.c.i.e.AbstractTransferListenerAdapter - Downloaded https://repo.maven.apache.org/maven2/org/apache/commons/commons-compress/1.26.1/commons-compress-1.26.1.jar
2025-03-08 22:57:22,202 [BasicRepositoryConnector-repo.maven.apache.org-2-4] INFO  o.e.m.c.i.e.AbstractTransferListenerAdapter - Downloaded https://repo.maven.apache.org/maven2/commons-codec/commons-codec/1.16.1/commons-codec-1.16.1.jar
2025-03-08 22:57:22,205 [BasicRepositoryConnector-repo.maven.apache.org-2-3] INFO  o.e.m.c.i.e.AbstractTransferListenerAdapter - Downloading https://repo.maven.apache.org/maven2/org/iq80/snappy/snappy/0.4/snappy-0.4.jar
2025-03-08 22:57:22,252 [BasicRepositoryConnector-repo.maven.apache.org-2-3] INFO  o.e.m.c.i.e.AbstractTransferListenerAdapter - Downloaded https://repo.maven.apache.org/maven2/org/iq80/snappy/snappy/0.4/snappy-0.4.jar
2025-03-08 22:57:22,260 [BasicRepositoryConnector-repo.maven.apache.org-2-1] INFO  o.e.m.c.i.e.AbstractTransferListenerAdapter - Downloading https://repo.maven.apache.org/maven2/org/tukaani/xz/1.9/xz-1.9.jar
2025-03-08 22:57:22,265 [BasicRepositoryConnector-repo.maven.apache.org-2-0] INFO  o.e.m.c.i.e.AbstractTransferListenerAdapter - Downloading https://repo.maven.apache.org/maven2/com/github/luben/zstd-jni/1.5.5-11/zstd-jni-1.5.5-11.jar
2025-03-08 22:57:22,320 [BasicRepositoryConnector-repo.maven.apache.org-2-1] INFO  o.e.m.c.i.e.AbstractTransferListenerAdapter - Downloaded https://repo.maven.apache.org/maven2/org/tukaani/xz/1.9/xz-1.9.jar
2025-03-08 22:57:22,328 [BasicRepositoryConnector-repo.maven.apache.org-2-2] INFO  o.e.m.c.i.e.AbstractTransferListenerAdapter - Downloaded https://repo.maven.apache.org/maven2/org/apache/maven/maven-archiver/3.6.2/maven-archiver-3.6.2.jar
2025-03-08 22:57:22,534 [BasicRepositoryConnector-repo.maven.apache.org-2-0] INFO  o.e.m.c.i.e.AbstractTransferListenerAdapter - Downloaded https://repo.maven.apache.org/maven2/com/github/luben/zstd-jni/1.5.5-11/zstd-jni-1.5.5-11.jar
2025-03-08 22:57:23,441 [Worker-14: Importing Maven projects] INFO  o.e.m.c.i.e.AbstractTransferListenerAdapter - Downloading https://repo.maven.apache.org/maven2/org/codehaus/plexus/plexus-interpolation/1.26/plexus-interpolation-1.26.pom
2025-03-08 22:57:23,489 [Worker-14: Importing Maven projects] INFO  o.e.m.c.i.e.AbstractTransferListenerAdapter - Downloaded https://repo.maven.apache.org/maven2/org/codehaus/plexus/plexus-interpolation/1.26/plexus-interpolation-1.26.pom
2025-03-08 22:57:23,578 [Worker-14: Importing Maven projects] INFO  o.e.m.c.i.e.AbstractTransferListenerAdapter - Downloading https://repo.maven.apache.org/maven2/org/codehaus/plexus/plexus/5.1/plexus-5.1.pom
2025-03-08 22:57:23,625 [Worker-14: Importing Maven projects] INFO  o.e.m.c.i.e.AbstractTransferListenerAdapter - Downloaded https://repo.maven.apache.org/maven2/org/codehaus/plexus/plexus/5.1/plexus-5.1.pom
2025-03-08 22:57:23,725 [Worker-14: Importing Maven projects] INFO  o.e.m.c.i.e.AbstractTransferListenerAdapter - Downloading https://repo.maven.apache.org/maven2/org/codehaus/plexus/plexus-utils/3.5.1/plexus-utils-3.5.1.pom
2025-03-08 22:57:23,768 [Worker-14: Importing Maven projects] INFO  o.e.m.c.i.e.AbstractTransferListenerAdapter - Downloaded https://repo.maven.apache.org/maven2/org/codehaus/plexus/plexus-utils/3.5.1/plexus-utils-3.5.1.pom
2025-03-08 22:57:23,868 [Worker-14: Importing Maven projects] INFO  o.e.m.c.i.e.AbstractTransferListenerAdapter - Downloading https://repo.maven.apache.org/maven2/org/codehaus/plexus/plexus/10/plexus-10.pom
2025-03-08 22:57:23,912 [Worker-14: Importing Maven projects] INFO  o.e.m.c.i.e.AbstractTransferListenerAdapter - Downloaded https://repo.maven.apache.org/maven2/org/codehaus/plexus/plexus/10/plexus-10.pom
2025-03-08 22:57:24,014 [Worker-14: Importing Maven projects] INFO  o.e.m.c.i.e.AbstractTransferListenerAdapter - Downloading https://repo.maven.apache.org/maven2/org/apache/maven/shared/maven-filtering/3.3.1/maven-filtering-3.3.1.pom
2025-03-08 22:57:24,059 [Worker-14: Importing Maven projects] INFO  o.e.m.c.i.e.AbstractTransferListenerAdapter - Downloaded https://repo.maven.apache.org/maven2/org/apache/maven/shared/maven-filtering/3.3.1/maven-filtering-3.3.1.pom
2025-03-08 22:57:24,159 [Worker-14: Importing Maven projects] INFO  o.e.m.c.i.e.AbstractTransferListenerAdapter - Downloading https://repo.maven.apache.org/maven2/org/sonatype/plexus/plexus-build-api/0.0.7/plexus-build-api-0.0.7.pom
2025-03-08 22:57:24,201 [Worker-14: Importing Maven projects] INFO  o.e.m.c.i.e.AbstractTransferListenerAdapter - Downloaded https://repo.maven.apache.org/maven2/org/sonatype/plexus/plexus-build-api/0.0.7/plexus-build-api-0.0.7.pom
2025-03-08 22:57:24,260 [Worker-6: Download sources and javadoc] INFO  o.e.m.c.i.e.AbstractTransferListenerAdapter - Downloading https://repo.maven.apache.org/maven2/org/springframework/boot/spring-boot-starter-data-jpa/3.3.9/spring-boot-starter-data-jpa-3.3.9-sources.jar
2025-03-08 22:57:24,270 [Worker-6: Download sources and javadoc] INFO  o.e.m.c.i.e.AbstractTransferListenerAdapter - Downloaded https://repo.maven.apache.org/maven2/org/springframework/boot/spring-boot-starter-data-jpa/3.3.9/spring-boot-starter-data-jpa-3.3.9-sources.jar
2025-03-08 22:57:24,276 [Worker-6: Download sources and javadoc] INFO  o.e.m.j.internal.DownloadSourcesJob - Downloaded sources for org.springframework.boot:spring-boot-starter-data-jpa:3.3.9
2025-03-08 22:57:24,294 [Worker-14: Importing Maven projects] INFO  o.e.m.c.i.e.AbstractTransferListenerAdapter - Downloading https://repo.maven.apache.org/maven2/org/sonatype/spice/spice-parent/15/spice-parent-15.pom
2025-03-08 22:57:24,329 [Worker-14: Importing Maven projects] INFO  o.e.m.c.i.e.AbstractTransferListenerAdapter - Downloaded https://repo.maven.apache.org/maven2/org/sonatype/spice/spice-parent/15/spice-parent-15.pom
2025-03-08 22:57:24,427 [Worker-14: Importing Maven projects] INFO  o.e.m.c.i.e.AbstractTransferListenerAdapter - Downloading https://repo.maven.apache.org/maven2/org/sonatype/forge/forge-parent/5/forge-parent-5.pom
2025-03-08 22:57:24,475 [Worker-14: Importing Maven projects] INFO  o.e.m.c.i.e.AbstractTransferListenerAdapter - Downloaded https://repo.maven.apache.org/maven2/org/sonatype/forge/forge-parent/5/forge-parent-5.pom
2025-03-08 22:57:24,540 [Worker-6: Download sources and javadoc] INFO  o.e.m.c.i.e.AbstractTransferListenerAdapter - Downloading https://repo.maven.apache.org/maven2/org/springframework/boot/spring-boot-starter-aop/3.3.9/spring-boot-starter-aop-3.3.9-sources.jar
2025-03-08 22:57:24,572 [Worker-14: Importing Maven projects] INFO  o.e.m.c.i.e.AbstractTransferListenerAdapter - Downloading https://repo.maven.apache.org/maven2/org/codehaus/plexus/plexus-utils/3.5.0/plexus-utils-3.5.0.pom
2025-03-08 22:57:24,611 [Worker-6: Download sources and javadoc] INFO  o.e.m.c.i.e.AbstractTransferListenerAdapter - Downloaded https://repo.maven.apache.org/maven2/org/springframework/boot/spring-boot-starter-aop/3.3.9/spring-boot-starter-aop-3.3.9-sources.jar
2025-03-08 22:57:24,617 [Worker-6: Download sources and javadoc] INFO  o.e.m.j.internal.DownloadSourcesJob - Downloaded sources for org.springframework.boot:spring-boot-starter-aop:3.3.9
2025-03-08 22:57:24,621 [Worker-14: Importing Maven projects] INFO  o.e.m.c.i.e.AbstractTransferListenerAdapter - Downloaded https://repo.maven.apache.org/maven2/org/codehaus/plexus/plexus-utils/3.5.0/plexus-utils-3.5.0.pom
2025-03-08 22:57:24,717 [Worker-14: Importing Maven projects] INFO  o.e.m.c.i.e.AbstractTransferListenerAdapter - Downloading https://repo.maven.apache.org/maven2/org/apache/commons/commons-lang3/3.12.0/commons-lang3-3.12.0.pom
2025-03-08 22:57:24,770 [Worker-14: Importing Maven projects] INFO  o.e.m.c.i.e.AbstractTransferListenerAdapter - Downloaded https://repo.maven.apache.org/maven2/org/apache/commons/commons-lang3/3.12.0/commons-lang3-3.12.0.pom
2025-03-08 22:57:24,876 [Worker-14: Importing Maven projects] INFO  o.e.m.c.i.e.AbstractTransferListenerAdapter - Downloading https://repo.maven.apache.org/maven2/org/junit/junit-bom/5.7.1/junit-bom-5.7.1.pom
2025-03-08 22:57:24,887 [Worker-6: Download sources and javadoc] INFO  o.e.m.c.i.e.AbstractTransferListenerAdapter - Downloading https://repo.maven.apache.org/maven2/org/aspectj/aspectjweaver/1.9.22.1/aspectjweaver-1.9.22.1-sources.jar
2025-03-08 22:57:24,921 [Worker-14: Importing Maven projects] INFO  o.e.m.c.i.e.AbstractTransferListenerAdapter - Downloaded https://repo.maven.apache.org/maven2/org/junit/junit-bom/5.7.1/junit-bom-5.7.1.pom
2025-03-08 22:57:25,020 [Worker-14: Importing Maven projects] INFO  o.e.m.c.i.e.AbstractTransferListenerAdapter - Downloading https://repo.maven.apache.org/maven2/org/codehaus/plexus/plexus-interpolation/1.26/plexus-interpolation-1.26.jar
2025-03-08 22:57:25,059 [Worker-14: Importing Maven projects] INFO  o.e.m.c.i.e.AbstractTransferListenerAdapter - Downloaded https://repo.maven.apache.org/maven2/org/codehaus/plexus/plexus-interpolation/1.26/plexus-interpolation-1.26.jar
2025-03-08 22:57:25,140 [BasicRepositoryConnector-repo.maven.apache.org-3-0] INFO  o.e.m.c.i.e.AbstractTransferListenerAdapter - Downloading https://repo.maven.apache.org/maven2/org/codehaus/plexus/plexus-utils/3.5.1/plexus-utils-3.5.1.jar
2025-03-08 22:57:25,142 [BasicRepositoryConnector-repo.maven.apache.org-3-2] INFO  o.e.m.c.i.e.AbstractTransferListenerAdapter - Downloading https://repo.maven.apache.org/maven2/org/sonatype/plexus/plexus-build-api/0.0.7/plexus-build-api-0.0.7.jar
2025-03-08 22:57:25,153 [BasicRepositoryConnector-repo.maven.apache.org-3-3] INFO  o.e.m.c.i.e.AbstractTransferListenerAdapter - Downloading https://repo.maven.apache.org/maven2/org/apache/commons/commons-lang3/3.12.0/commons-lang3-3.12.0.jar
2025-03-08 22:57:25,154 [BasicRepositoryConnector-repo.maven.apache.org-3-1] INFO  o.e.m.c.i.e.AbstractTransferListenerAdapter - Downloading https://repo.maven.apache.org/maven2/org/apache/maven/shared/maven-filtering/3.3.1/maven-filtering-3.3.1.jar
2025-03-08 22:57:25,212 [BasicRepositoryConnector-repo.maven.apache.org-3-0] INFO  o.e.m.c.i.e.AbstractTransferListenerAdapter - Downloaded https://repo.maven.apache.org/maven2/org/codehaus/plexus/plexus-utils/3.5.1/plexus-utils-3.5.1.jar
2025-03-08 22:57:25,217 [BasicRepositoryConnector-repo.maven.apache.org-3-1] INFO  o.e.m.c.i.e.AbstractTransferListenerAdapter - Downloaded https://repo.maven.apache.org/maven2/org/apache/maven/shared/maven-filtering/3.3.1/maven-filtering-3.3.1.jar
2025-03-08 22:57:25,230 [BasicRepositoryConnector-repo.maven.apache.org-3-3] INFO  o.e.m.c.i.e.AbstractTransferListenerAdapter - Downloaded https://repo.maven.apache.org/maven2/org/apache/commons/commons-lang3/3.12.0/commons-lang3-3.12.0.jar
2025-03-08 22:57:25,397 [BasicRepositoryConnector-repo.maven.apache.org-3-2] INFO  o.e.m.c.i.e.AbstractTransferListenerAdapter - Downloaded https://repo.maven.apache.org/maven2/org/sonatype/plexus/plexus-build-api/0.0.7/plexus-build-api-0.0.7.jar
2025-03-08 22:57:25,422 [Worker-6: Download sources and javadoc] INFO  o.e.m.c.i.e.AbstractTransferListenerAdapter - Downloaded https://repo.maven.apache.org/maven2/org/aspectj/aspectjweaver/1.9.22.1/aspectjweaver-1.9.22.1-sources.jar
2025-03-08 22:57:25,431 [Worker-6: Download sources and javadoc] INFO  o.e.m.j.internal.DownloadSourcesJob - Downloaded sources for org.aspectj:aspectjweaver:1.9.22.1
2025-03-08 22:57:25,526 [Worker-14: Importing Maven projects] INFO  o.e.m.j.i.AbstractJavaProjectConfigurator - Adding source folder /login/src/main/java
2025-03-08 22:57:25,529 [Worker-14: Importing Maven projects] INFO  o.e.m.j.i.AbstractJavaProjectConfigurator - Adding resource folder /login/src/main/resources
2025-03-08 22:57:25,539 [Worker-14: Importing Maven projects] INFO  o.e.m.j.i.AbstractJavaProjectConfigurator - Adding resource folder /login/src/main/resources
2025-03-08 22:57:25,552 [Worker-14: Importing Maven projects] INFO  o.e.m.j.i.AbstractJavaProjectConfigurator - Adding source folder /login/src/test/java
2025-03-08 22:57:25,553 [Worker-14: Importing Maven projects] INFO  o.e.m.j.i.AbstractJavaProjectConfigurator - Adding resource folder /login/src/test/resources
2025-03-08 22:57:25,695 [Worker-6: Download sources and javadoc] INFO  o.e.m.c.i.e.AbstractTransferListenerAdapter - Downloading https://repo.maven.apache.org/maven2/org/springframework/boot/spring-boot-starter-jdbc/3.3.9/spring-boot-starter-jdbc-3.3.9-sources.jar
2025-03-08 22:57:25,778 [Worker-6: Download sources and javadoc] INFO  o.e.m.c.i.e.AbstractTransferListenerAdapter - Downloaded https://repo.maven.apache.org/maven2/org/springframework/boot/spring-boot-starter-jdbc/3.3.9/spring-boot-starter-jdbc-3.3.9-sources.jar
2025-03-08 22:57:25,786 [Worker-6: Download sources and javadoc] INFO  o.e.m.j.internal.DownloadSourcesJob - Downloaded sources for org.springframework.boot:spring-boot-starter-jdbc:3.3.9
2025-03-08 22:57:26,063 [Worker-6: Download sources and javadoc] INFO  o.e.m.c.i.e.AbstractTransferListenerAdapter - Downloading https://repo.maven.apache.org/maven2/com/zaxxer/HikariCP/5.1.0/HikariCP-5.1.0-sources.jar
2025-03-08 22:57:26,308 [Worker-14: Importing Maven projects] INFO  o.e.m.c.i.p.ProjectConfigurationManager - Imported and configured 1 project(s) in 68 sec
2025-03-08 22:57:26,365 [Worker-6: Download sources and javadoc] INFO  o.e.m.c.i.e.AbstractTransferListenerAdapter - Downloaded https://repo.maven.apache.org/maven2/com/zaxxer/HikariCP/5.1.0/HikariCP-5.1.0-sources.jar
2025-03-08 22:57:26,373 [Worker-6: Download sources and javadoc] INFO  o.e.m.j.internal.DownloadSourcesJob - Downloaded sources for com.zaxxer:HikariCP:5.1.0
2025-03-08 22:57:26,640 [Worker-6: Download sources and javadoc] INFO  o.e.m.c.i.e.AbstractTransferListenerAdapter - Downloading https://repo.maven.apache.org/maven2/org/springframework/spring-jdbc/6.1.17/spring-jdbc-6.1.17-sources.jar
2025-03-08 22:57:27,030 [Worker-6: Download sources and javadoc] INFO  o.e.m.c.i.e.AbstractTransferListenerAdapter - Downloaded https://repo.maven.apache.org/maven2/org/springframework/spring-jdbc/6.1.17/spring-jdbc-6.1.17-sources.jar
2025-03-08 22:57:27,039 [Worker-6: Download sources and javadoc] INFO  o.e.m.j.internal.DownloadSourcesJob - Downloaded sources for org.springframework:spring-jdbc:6.1.17
2025-03-08 22:57:27,336 [Worker-6: Download sources and javadoc] INFO  o.e.m.c.i.e.AbstractTransferListenerAdapter - Downloading https://repo.maven.apache.org/maven2/org/hibernate/orm/hibernate-core/6.5.3.Final/hibernate-core-6.5.3.Final-sources.jar
2025-03-08 22:57:28,029 [Worker-6: Download sources and javadoc] INFO  o.e.m.c.i.e.AbstractTransferListenerAdapter - Downloaded https://repo.maven.apache.org/maven2/org/hibernate/orm/hibernate-core/6.5.3.Final/hibernate-core-6.5.3.Final-sources.jar
2025-03-08 22:57:28,034 [Worker-6: Download sources and javadoc] INFO  o.e.m.j.internal.DownloadSourcesJob - Downloaded sources for org.hibernate.orm:hibernate-core:6.5.3.Final
2025-03-08 22:57:28,074 [Worker-24: Building] INFO  o.a.m.s.f.DefaultMavenResourcesFiltering - Copying 1 resource from src\main\resources to target\classes
2025-03-08 22:57:28,097 [Worker-24: Building] INFO  o.a.m.s.f.DefaultMavenResourcesFiltering - Copying 0 resource from src\main\resources to target\classes
2025-03-08 22:57:28,105 [Worker-24: Building] INFO  o.a.m.s.f.DefaultMavenResourcesFiltering - skip non existing resourceDirectory D:\Desenvolvimento Software\PetAmigo\API\login\src\test\resources
2025-03-08 22:57:28,294 [Worker-6: Download sources and javadoc] INFO  o.e.m.c.i.e.AbstractTransferListenerAdapter - Downloading https://repo.maven.apache.org/maven2/jakarta/persistence/jakarta.persistence-api/3.1.0/jakarta.persistence-api-3.1.0-sources.jar
2025-03-08 22:57:28,584 [Worker-6: Download sources and javadoc] INFO  o.e.m.c.i.e.AbstractTransferListenerAdapter - Downloaded https://repo.maven.apache.org/maven2/jakarta/persistence/jakarta.persistence-api/3.1.0/jakarta.persistence-api-3.1.0-sources.jar
2025-03-08 22:57:28,590 [Worker-6: Download sources and javadoc] INFO  o.e.m.j.internal.DownloadSourcesJob - Downloaded sources for jakarta.persistence:jakarta.persistence-api:3.1.0
2025-03-08 22:57:28,851 [Worker-6: Download sources and javadoc] INFO  o.e.m.c.i.e.AbstractTransferListenerAdapter - Downloading https://repo.maven.apache.org/maven2/jakarta/transaction/jakarta.transaction-api/2.0.1/jakarta.transaction-api-2.0.1-sources.jar
2025-03-08 22:57:29,396 [Worker-6: Download sources and javadoc] INFO  o.e.m.c.i.e.AbstractTransferListenerAdapter - Downloaded https://repo.maven.apache.org/maven2/jakarta/transaction/jakarta.transaction-api/2.0.1/jakarta.transaction-api-2.0.1-sources.jar
2025-03-08 22:57:29,401 [Worker-6: Download sources and javadoc] INFO  o.e.m.j.internal.DownloadSourcesJob - Downloaded sources for jakarta.transaction:jakarta.transaction-api:2.0.1
2025-03-08 22:57:29,687 [Worker-6: Download sources and javadoc] INFO  o.e.m.c.i.e.AbstractTransferListenerAdapter - Downloading https://repo.maven.apache.org/maven2/org/jboss/logging/jboss-logging/3.5.3.Final/jboss-logging-3.5.3.Final-sources.jar
2025-03-08 22:57:30,573 [Worker-6: Download sources and javadoc] INFO  o.e.m.c.i.e.AbstractTransferListenerAdapter - Downloaded https://repo.maven.apache.org/maven2/org/jboss/logging/jboss-logging/3.5.3.Final/jboss-logging-3.5.3.Final-sources.jar
2025-03-08 22:57:30,580 [Worker-6: Download sources and javadoc] INFO  o.e.m.j.internal.DownloadSourcesJob - Downloaded sources for org.jboss.logging:jboss-logging:3.5.3.Final
2025-03-08 22:57:30,844 [Worker-6: Download sources and javadoc] INFO  o.e.m.c.i.e.AbstractTransferListenerAdapter - Downloading https://repo.maven.apache.org/maven2/org/hibernate/common/hibernate-commons-annotations/6.0.6.Final/hibernate-commons-annotations-6.0.6.Final-sources.jar
2025-03-08 22:57:31,868 [Worker-6: Download sources and javadoc] INFO  o.e.m.c.i.e.AbstractTransferListenerAdapter - Downloaded https://repo.maven.apache.org/maven2/org/hibernate/common/hibernate-commons-annotations/6.0.6.Final/hibernate-commons-annotations-6.0.6.Final-sources.jar
2025-03-08 22:57:31,875 [Worker-6: Download sources and javadoc] INFO  o.e.m.j.internal.DownloadSourcesJob - Downloaded sources for org.hibernate.common:hibernate-commons-annotations:6.0.6.Final
2025-03-08 22:57:32,140 [Worker-6: Download sources and javadoc] INFO  o.e.m.c.i.e.AbstractTransferListenerAdapter - Downloading https://repo.maven.apache.org/maven2/io/smallrye/jandex/3.1.2/jandex-3.1.2-sources.jar
2025-03-08 22:57:32,383 [Worker-6: Download sources and javadoc] INFO  o.e.m.c.i.e.AbstractTransferListenerAdapter - Downloaded https://repo.maven.apache.org/maven2/io/smallrye/jandex/3.1.2/jandex-3.1.2-sources.jar
2025-03-08 22:57:32,389 [Worker-6: Download sources and javadoc] INFO  o.e.m.j.internal.DownloadSourcesJob - Downloaded sources for io.smallrye:jandex:3.1.2
2025-03-08 22:57:32,637 [Worker-6: Download sources and javadoc] INFO  o.e.m.c.i.e.AbstractTransferListenerAdapter - Downloading https://repo.maven.apache.org/maven2/com/fasterxml/classmate/1.7.0/classmate-1.7.0-sources.jar
2025-03-08 22:57:32,762 [Worker-6: Download sources and javadoc] INFO  o.e.m.c.i.e.AbstractTransferListenerAdapter - Downloaded https://repo.maven.apache.org/maven2/com/fasterxml/classmate/1.7.0/classmate-1.7.0-sources.jar
2025-03-08 22:57:32,770 [Worker-6: Download sources and javadoc] INFO  o.e.m.j.internal.DownloadSourcesJob - Downloaded sources for com.fasterxml:classmate:1.7.0
2025-03-08 22:57:33,042 [Worker-6: Download sources and javadoc] INFO  o.e.m.c.i.e.AbstractTransferListenerAdapter - Downloading https://repo.maven.apache.org/maven2/net/bytebuddy/byte-buddy/1.14.19/byte-buddy-1.14.19-sources.jar
2025-03-08 22:57:33,522 [Worker-6: Download sources and javadoc] INFO  o.e.m.c.i.e.AbstractTransferListenerAdapter - Downloaded https://repo.maven.apache.org/maven2/net/bytebuddy/byte-buddy/1.14.19/byte-buddy-1.14.19-sources.jar
2025-03-08 22:57:33,529 [Worker-6: Download sources and javadoc] INFO  o.e.m.j.internal.DownloadSourcesJob - Downloaded sources for net.bytebuddy:byte-buddy:1.14.19
2025-03-08 22:57:33,789 [Worker-6: Download sources and javadoc] INFO  o.e.m.c.i.e.AbstractTransferListenerAdapter - Downloading https://repo.maven.apache.org/maven2/org/glassfish/jaxb/jaxb-runtime/4.0.5/jaxb-runtime-4.0.5-sources.jar
2025-03-08 22:57:34,179 [Worker-6: Download sources and javadoc] INFO  o.e.m.c.i.e.AbstractTransferListenerAdapter - Downloaded https://repo.maven.apache.org/maven2/org/glassfish/jaxb/jaxb-runtime/4.0.5/jaxb-runtime-4.0.5-sources.jar
2025-03-08 22:57:34,184 [Worker-6: Download sources and javadoc] INFO  o.e.m.j.internal.DownloadSourcesJob - Downloaded sources for org.glassfish.jaxb:jaxb-runtime:4.0.5
2025-03-08 22:57:34,444 [Worker-6: Download sources and javadoc] INFO  o.e.m.c.i.e.AbstractTransferListenerAdapter - Downloading https://repo.maven.apache.org/maven2/org/glassfish/jaxb/jaxb-core/4.0.5/jaxb-core-4.0.5-sources.jar
2025-03-08 22:57:34,651 [Worker-6: Download sources and javadoc] INFO  o.e.m.c.i.e.AbstractTransferListenerAdapter - Downloaded https://repo.maven.apache.org/maven2/org/glassfish/jaxb/jaxb-core/4.0.5/jaxb-core-4.0.5-sources.jar
2025-03-08 22:57:34,658 [Worker-6: Download sources and javadoc] INFO  o.e.m.j.internal.DownloadSourcesJob - Downloaded sources for org.glassfish.jaxb:jaxb-core:4.0.5
2025-03-08 22:57:34,912 [Worker-6: Download sources and javadoc] INFO  o.e.m.c.i.e.AbstractTransferListenerAdapter - Downloading https://repo.maven.apache.org/maven2/org/eclipse/angus/angus-activation/2.0.2/angus-activation-2.0.2-sources.jar
2025-03-08 22:57:35,292 [Worker-6: Download sources and javadoc] INFO  o.e.m.c.i.e.AbstractTransferListenerAdapter - Downloaded https://repo.maven.apache.org/maven2/org/eclipse/angus/angus-activation/2.0.2/angus-activation-2.0.2-sources.jar
2025-03-08 22:57:35,297 [Worker-6: Download sources and javadoc] INFO  o.e.m.j.internal.DownloadSourcesJob - Downloaded sources for org.eclipse.angus:angus-activation:2.0.2
2025-03-08 22:57:35,560 [Worker-6: Download sources and javadoc] INFO  o.e.m.c.i.e.AbstractTransferListenerAdapter - Downloading https://repo.maven.apache.org/maven2/org/glassfish/jaxb/txw2/4.0.5/txw2-4.0.5-sources.jar
2025-03-08 22:57:35,718 [Worker-6: Download sources and javadoc] INFO  o.e.m.c.i.e.AbstractTransferListenerAdapter - Downloaded https://repo.maven.apache.org/maven2/org/glassfish/jaxb/txw2/4.0.5/txw2-4.0.5-sources.jar
2025-03-08 22:57:35,724 [Worker-6: Download sources and javadoc] INFO  o.e.m.j.internal.DownloadSourcesJob - Downloaded sources for org.glassfish.jaxb:txw2:4.0.5
2025-03-08 22:57:35,982 [Worker-6: Download sources and javadoc] INFO  o.e.m.c.i.e.AbstractTransferListenerAdapter - Downloading https://repo.maven.apache.org/maven2/com/sun/istack/istack-commons-runtime/4.1.2/istack-commons-runtime-4.1.2-sources.jar
2025-03-08 22:57:36,572 [Worker-6: Download sources and javadoc] INFO  o.e.m.c.i.e.AbstractTransferListenerAdapter - Downloaded https://repo.maven.apache.org/maven2/com/sun/istack/istack-commons-runtime/4.1.2/istack-commons-runtime-4.1.2-sources.jar
2025-03-08 22:57:36,578 [Worker-6: Download sources and javadoc] INFO  o.e.m.j.internal.DownloadSourcesJob - Downloaded sources for com.sun.istack:istack-commons-runtime:4.1.2
2025-03-08 22:57:36,839 [Worker-6: Download sources and javadoc] INFO  o.e.m.c.i.e.AbstractTransferListenerAdapter - Downloading https://repo.maven.apache.org/maven2/jakarta/inject/jakarta.inject-api/2.0.1/jakarta.inject-api-2.0.1-sources.jar
2025-03-08 22:57:37,120 [Worker-6: Download sources and javadoc] INFO  o.e.m.c.i.e.AbstractTransferListenerAdapter - Downloaded https://repo.maven.apache.org/maven2/jakarta/inject/jakarta.inject-api/2.0.1/jakarta.inject-api-2.0.1-sources.jar
2025-03-08 22:57:37,126 [Worker-6: Download sources and javadoc] INFO  o.e.m.j.internal.DownloadSourcesJob - Downloaded sources for jakarta.inject:jakarta.inject-api:2.0.1
2025-03-08 22:57:37,391 [Worker-6: Download sources and javadoc] INFO  o.e.m.c.i.e.AbstractTransferListenerAdapter - Downloading https://repo.maven.apache.org/maven2/org/antlr/antlr4-runtime/4.13.0/antlr4-runtime-4.13.0-sources.jar
2025-03-08 22:57:37,709 [Worker-6: Download sources and javadoc] INFO  o.e.m.c.i.e.AbstractTransferListenerAdapter - Downloaded https://repo.maven.apache.org/maven2/org/antlr/antlr4-runtime/4.13.0/antlr4-runtime-4.13.0-sources.jar
2025-03-08 22:57:37,715 [Worker-6: Download sources and javadoc] INFO  o.e.m.j.internal.DownloadSourcesJob - Downloaded sources for org.antlr:antlr4-runtime:4.13.0
2025-03-08 22:57:37,965 [Worker-6: Download sources and javadoc] INFO  o.e.m.c.i.e.AbstractTransferListenerAdapter - Downloading https://repo.maven.apache.org/maven2/org/springframework/data/spring-data-jpa/3.3.9/spring-data-jpa-3.3.9-sources.jar
2025-03-08 22:57:38,364 [Worker-6: Download sources and javadoc] INFO  o.e.m.c.i.e.AbstractTransferListenerAdapter - Downloaded https://repo.maven.apache.org/maven2/org/springframework/data/spring-data-jpa/3.3.9/spring-data-jpa-3.3.9-sources.jar
2025-03-08 22:57:38,371 [Worker-6: Download sources and javadoc] INFO  o.e.m.j.internal.DownloadSourcesJob - Downloaded sources for org.springframework.data:spring-data-jpa:3.3.9
2025-03-08 22:57:38,630 [Worker-6: Download sources and javadoc] INFO  o.e.m.c.i.e.AbstractTransferListenerAdapter - Downloading https://repo.maven.apache.org/maven2/org/springframework/data/spring-data-commons/3.3.9/spring-data-commons-3.3.9-sources.jar
2025-03-08 22:57:39,680 [Worker-6: Download sources and javadoc] INFO  o.e.m.c.i.e.AbstractTransferListenerAdapter - Downloaded https://repo.maven.apache.org/maven2/org/springframework/data/spring-data-commons/3.3.9/spring-data-commons-3.3.9-sources.jar
2025-03-08 22:57:39,687 [Worker-6: Download sources and javadoc] INFO  o.e.m.j.internal.DownloadSourcesJob - Downloaded sources for org.springframework.data:spring-data-commons:3.3.9
2025-03-08 22:57:39,943 [Worker-6: Download sources and javadoc] INFO  o.e.m.c.i.e.AbstractTransferListenerAdapter - Downloading https://repo.maven.apache.org/maven2/org/springframework/spring-orm/6.1.17/spring-orm-6.1.17-sources.jar
2025-03-08 22:57:40,177 [Worker-6: Download sources and javadoc] INFO  o.e.m.c.i.e.AbstractTransferListenerAdapter - Downloaded https://repo.maven.apache.org/maven2/org/springframework/spring-orm/6.1.17/spring-orm-6.1.17-sources.jar
2025-03-08 22:57:40,183 [Worker-6: Download sources and javadoc] INFO  o.e.m.j.internal.DownloadSourcesJob - Downloaded sources for org.springframework:spring-orm:6.1.17
2025-03-08 22:57:40,573 [Worker-6: Download sources and javadoc] INFO  o.e.m.c.i.e.AbstractTransferListenerAdapter - Downloading https://repo.maven.apache.org/maven2/org/springframework/spring-context/6.1.17/spring-context-6.1.17-sources.jar
2025-03-08 22:57:41,741 [Worker-6: Download sources and javadoc] INFO  o.e.m.c.i.e.AbstractTransferListenerAdapter - Downloaded https://repo.maven.apache.org/maven2/org/springframework/spring-context/6.1.17/spring-context-6.1.17-sources.jar
2025-03-08 22:57:41,748 [Worker-6: Download sources and javadoc] INFO  o.e.m.j.internal.DownloadSourcesJob - Downloaded sources for org.springframework:spring-context:6.1.17
2025-03-08 22:57:42,014 [Worker-6: Download sources and javadoc] INFO  o.e.m.c.i.e.AbstractTransferListenerAdapter - Downloading https://repo.maven.apache.org/maven2/org/springframework/spring-tx/6.1.17/spring-tx-6.1.17-sources.jar
2025-03-08 22:57:42,314 [Worker-6: Download sources and javadoc] INFO  o.e.m.c.i.e.AbstractTransferListenerAdapter - Downloaded https://repo.maven.apache.org/maven2/org/springframework/spring-tx/6.1.17/spring-tx-6.1.17-sources.jar
2025-03-08 22:57:42,320 [Worker-6: Download sources and javadoc] INFO  o.e.m.j.internal.DownloadSourcesJob - Downloaded sources for org.springframework:spring-tx:6.1.17
2025-03-08 22:57:42,579 [Worker-6: Download sources and javadoc] INFO  o.e.m.c.i.e.AbstractTransferListenerAdapter - Downloading https://repo.maven.apache.org/maven2/org/springframework/spring-beans/6.1.17/spring-beans-6.1.17-sources.jar
2025-03-08 22:57:42,973 [Worker-6: Download sources and javadoc] INFO  o.e.m.c.i.e.AbstractTransferListenerAdapter - Downloaded https://repo.maven.apache.org/maven2/org/springframework/spring-beans/6.1.17/spring-beans-6.1.17-sources.jar
2025-03-08 22:57:42,980 [Worker-6: Download sources and javadoc] INFO  o.e.m.j.internal.DownloadSourcesJob - Downloaded sources for org.springframework:spring-beans:6.1.17
2025-03-08 22:57:43,234 [Worker-6: Download sources and javadoc] INFO  o.e.m.c.i.e.AbstractTransferListenerAdapter - Downloading https://repo.maven.apache.org/maven2/jakarta/annotation/jakarta.annotation-api/2.1.1/jakarta.annotation-api-2.1.1-sources.jar
2025-03-08 22:57:43,744 [Worker-6: Download sources and javadoc] INFO  o.e.m.c.i.e.AbstractTransferListenerAdapter - Downloaded https://repo.maven.apache.org/maven2/jakarta/annotation/jakarta.annotation-api/2.1.1/jakarta.annotation-api-2.1.1-sources.jar
2025-03-08 22:57:43,750 [Worker-6: Download sources and javadoc] INFO  o.e.m.j.internal.DownloadSourcesJob - Downloaded sources for jakarta.annotation:jakarta.annotation-api:2.1.1
2025-03-08 22:57:44,008 [Worker-6: Download sources and javadoc] INFO  o.e.m.c.i.e.AbstractTransferListenerAdapter - Downloading https://repo.maven.apache.org/maven2/org/slf4j/slf4j-api/2.0.16/slf4j-api-2.0.16-sources.jar
2025-03-08 22:57:44,141 [Worker-6: Download sources and javadoc] INFO  o.e.m.c.i.e.AbstractTransferListenerAdapter - Downloaded https://repo.maven.apache.org/maven2/org/slf4j/slf4j-api/2.0.16/slf4j-api-2.0.16-sources.jar
2025-03-08 22:57:44,146 [Worker-6: Download sources and javadoc] INFO  o.e.m.j.internal.DownloadSourcesJob - Downloaded sources for org.slf4j:slf4j-api:2.0.16
2025-03-08 22:57:44,519 [Worker-6: Download sources and javadoc] INFO  o.e.m.c.i.e.AbstractTransferListenerAdapter - Downloading https://repo.maven.apache.org/maven2/org/springframework/spring-aspects/6.1.17/spring-aspects-6.1.17-sources.jar
2025-03-08 22:57:45,250 [Worker-6: Download sources and javadoc] INFO  o.e.m.c.i.e.AbstractTransferListenerAdapter - Downloaded https://repo.maven.apache.org/maven2/org/springframework/spring-aspects/6.1.17/spring-aspects-6.1.17-sources.jar
2025-03-08 22:57:45,258 [Worker-6: Download sources and javadoc] INFO  o.e.m.j.internal.DownloadSourcesJob - Downloaded sources for org.springframework:spring-aspects:6.1.17
2025-03-08 22:57:45,676 [Worker-6: Download sources and javadoc] INFO  o.e.m.c.i.e.AbstractTransferListenerAdapter - Downloading https://repo.maven.apache.org/maven2/org/springframework/boot/spring-boot-starter-oauth2-authorization-server/3.3.9/spring-boot-starter-oauth2-authorization-server-3.3.9-sources.jar
2025-03-08 22:57:45,687 [Worker-6: Download sources and javadoc] INFO  o.e.m.c.i.e.AbstractTransferListenerAdapter - Downloaded https://repo.maven.apache.org/maven2/org/springframework/boot/spring-boot-starter-oauth2-authorization-server/3.3.9/spring-boot-starter-oauth2-authorization-server-3.3.9-sources.jar
2025-03-08 22:57:45,694 [Worker-6: Download sources and javadoc] INFO  o.e.m.j.internal.DownloadSourcesJob - Downloaded sources for org.springframework.boot:spring-boot-starter-oauth2-authorization-server:3.3.9
2025-03-08 22:57:46,086 [Worker-6: Download sources and javadoc] INFO  o.e.m.c.i.e.AbstractTransferListenerAdapter - Downloading https://repo.maven.apache.org/maven2/org/springframework/security/spring-security-oauth2-authorization-server/1.3.5/spring-security-oauth2-authorization-server-1.3.5-sources.jar
2025-03-08 22:57:46,406 [Worker-6: Download sources and javadoc] INFO  o.e.m.c.i.e.AbstractTransferListenerAdapter - Downloaded https://repo.maven.apache.org/maven2/org/springframework/security/spring-security-oauth2-authorization-server/1.3.5/spring-security-oauth2-authorization-server-1.3.5-sources.jar
2025-03-08 22:57:46,413 [Worker-6: Download sources and javadoc] INFO  o.e.m.j.internal.DownloadSourcesJob - Downloaded sources for org.springframework.security:spring-security-oauth2-authorization-server:1.3.5
2025-03-08 22:57:46,784 [Worker-6: Download sources and javadoc] INFO  o.e.m.c.i.e.AbstractTransferListenerAdapter - Downloading https://repo.maven.apache.org/maven2/org/springframework/security/spring-security-oauth2-core/6.3.7/spring-security-oauth2-core-6.3.7-sources.jar
2025-03-08 22:57:46,945 [Worker-6: Download sources and javadoc] INFO  o.e.m.c.i.e.AbstractTransferListenerAdapter - Downloaded https://repo.maven.apache.org/maven2/org/springframework/security/spring-security-oauth2-core/6.3.7/spring-security-oauth2-core-6.3.7-sources.jar
2025-03-08 22:57:46,952 [Worker-6: Download sources and javadoc] INFO  o.e.m.j.internal.DownloadSourcesJob - Downloaded sources for org.springframework.security:spring-security-oauth2-core:6.3.7
2025-03-08 22:57:47,214 [Worker-6: Download sources and javadoc] INFO  o.e.m.c.i.e.AbstractTransferListenerAdapter - Downloading https://repo.maven.apache.org/maven2/org/springframework/security/spring-security-oauth2-jose/6.3.7/spring-security-oauth2-jose-6.3.7-sources.jar
2025-03-08 22:57:47,345 [Worker-6: Download sources and javadoc] INFO  o.e.m.c.i.e.AbstractTransferListenerAdapter - Downloaded https://repo.maven.apache.org/maven2/org/springframework/security/spring-security-oauth2-jose/6.3.7/spring-security-oauth2-jose-6.3.7-sources.jar
2025-03-08 22:57:47,350 [Worker-6: Download sources and javadoc] INFO  o.e.m.j.internal.DownloadSourcesJob - Downloaded sources for org.springframework.security:spring-security-oauth2-jose:6.3.7
2025-03-08 22:57:47,618 [Worker-6: Download sources and javadoc] INFO  o.e.m.c.i.e.AbstractTransferListenerAdapter - Downloading https://repo.maven.apache.org/maven2/org/springframework/security/spring-security-oauth2-resource-server/6.3.7/spring-security-oauth2-resource-server-6.3.7-sources.jar
2025-03-08 22:57:47,758 [Worker-6: Download sources and javadoc] INFO  o.e.m.c.i.e.AbstractTransferListenerAdapter - Downloaded https://repo.maven.apache.org/maven2/org/springframework/security/spring-security-oauth2-resource-server/6.3.7/spring-security-oauth2-resource-server-6.3.7-sources.jar
2025-03-08 22:57:47,764 [Worker-6: Download sources and javadoc] INFO  o.e.m.j.internal.DownloadSourcesJob - Downloaded sources for org.springframework.security:spring-security-oauth2-resource-server:6.3.7
2025-03-08 22:57:48,027 [Worker-6: Download sources and javadoc] INFO  o.e.m.c.i.e.AbstractTransferListenerAdapter - Downloading https://repo.maven.apache.org/maven2/com/nimbusds/nimbus-jose-jwt/9.39.3/nimbus-jose-jwt-9.39.3-sources.jar
2025-03-08 22:57:48,349 [Worker-6: Download sources and javadoc] INFO  o.e.m.c.i.e.AbstractTransferListenerAdapter - Downloaded https://repo.maven.apache.org/maven2/com/nimbusds/nimbus-jose-jwt/9.39.3/nimbus-jose-jwt-9.39.3-sources.jar
2025-03-08 22:57:48,354 [Worker-6: Download sources and javadoc] INFO  o.e.m.j.internal.DownloadSourcesJob - Downloaded sources for com.nimbusds:nimbus-jose-jwt:9.39.3
2025-03-08 22:57:48,608 [Worker-6: Download sources and javadoc] INFO  o.e.m.c.i.e.AbstractTransferListenerAdapter - Downloading https://repo.maven.apache.org/maven2/com/fasterxml/jackson/core/jackson-databind/2.17.3/jackson-databind-2.17.3-sources.jar
2025-03-08 22:57:49,084 [Worker-6: Download sources and javadoc] INFO  o.e.m.c.i.e.AbstractTransferListenerAdapter - Downloaded https://repo.maven.apache.org/maven2/com/fasterxml/jackson/core/jackson-databind/2.17.3/jackson-databind-2.17.3-sources.jar
2025-03-08 22:57:49,090 [Worker-6: Download sources and javadoc] INFO  o.e.m.j.internal.DownloadSourcesJob - Downloaded sources for com.fasterxml.jackson.core:jackson-databind:2.17.3
2025-03-08 22:57:49,341 [Worker-6: Download sources and javadoc] INFO  o.e.m.c.i.e.AbstractTransferListenerAdapter - Downloading https://repo.maven.apache.org/maven2/com/fasterxml/jackson/core/jackson-annotations/2.17.3/jackson-annotations-2.17.3-sources.jar
2025-03-08 22:57:49,479 [Worker-6: Download sources and javadoc] INFO  o.e.m.c.i.e.AbstractTransferListenerAdapter - Downloaded https://repo.maven.apache.org/maven2/com/fasterxml/jackson/core/jackson-annotations/2.17.3/jackson-annotations-2.17.3-sources.jar
2025-03-08 22:57:49,487 [Worker-6: Download sources and javadoc] INFO  o.e.m.j.internal.DownloadSourcesJob - Downloaded sources for com.fasterxml.jackson.core:jackson-annotations:2.17.3
2025-03-08 22:57:49,749 [Worker-6: Download sources and javadoc] INFO  o.e.m.c.i.e.AbstractTransferListenerAdapter - Downloading https://repo.maven.apache.org/maven2/com/fasterxml/jackson/core/jackson-core/2.17.3/jackson-core-2.17.3-sources.jar
2025-03-08 22:57:50,073 [Worker-6: Download sources and javadoc] INFO  o.e.m.c.i.e.AbstractTransferListenerAdapter - Downloaded https://repo.maven.apache.org/maven2/com/fasterxml/jackson/core/jackson-core/2.17.3/jackson-core-2.17.3-sources.jar
2025-03-08 22:57:50,078 [Worker-6: Download sources and javadoc] INFO  o.e.m.j.internal.DownloadSourcesJob - Downloaded sources for com.fasterxml.jackson.core:jackson-core:2.17.3
2025-03-08 22:57:50,326 [Worker-6: Download sources and javadoc] INFO  o.e.m.c.i.e.AbstractTransferListenerAdapter - Downloading https://repo.maven.apache.org/maven2/org/springframework/boot/spring-boot-starter-security/3.3.9/spring-boot-starter-security-3.3.9-sources.jar
2025-03-08 22:57:50,334 [Worker-6: Download sources and javadoc] INFO  o.e.m.c.i.e.AbstractTransferListenerAdapter - Downloaded https://repo.maven.apache.org/maven2/org/springframework/boot/spring-boot-starter-security/3.3.9/spring-boot-starter-security-3.3.9-sources.jar
2025-03-08 22:57:50,340 [Worker-6: Download sources and javadoc] INFO  o.e.m.j.internal.DownloadSourcesJob - Downloaded sources for org.springframework.boot:spring-boot-starter-security:3.3.9
2025-03-08 22:57:50,589 [Worker-6: Download sources and javadoc] INFO  o.e.m.c.i.e.AbstractTransferListenerAdapter - Downloading https://repo.maven.apache.org/maven2/org/springframework/boot/spring-boot-starter/3.3.9/spring-boot-starter-3.3.9-sources.jar
2025-03-08 22:57:50,652 [Worker-6: Download sources and javadoc] INFO  o.e.m.c.i.e.AbstractTransferListenerAdapter - Downloaded https://repo.maven.apache.org/maven2/org/springframework/boot/spring-boot-starter/3.3.9/spring-boot-starter-3.3.9-sources.jar
2025-03-08 22:57:50,659 [Worker-6: Download sources and javadoc] INFO  o.e.m.j.internal.DownloadSourcesJob - Downloaded sources for org.springframework.boot:spring-boot-starter:3.3.9
2025-03-08 22:57:51,154 [Worker-6: Download sources and javadoc] INFO  o.e.m.c.i.e.AbstractTransferListenerAdapter - Downloading https://repo.maven.apache.org/maven2/org/springframework/boot/spring-boot/3.3.9/spring-boot-3.3.9-sources.jar
2025-03-08 22:57:52,126 [Worker-6: Download sources and javadoc] INFO  o.e.m.c.i.e.AbstractTransferListenerAdapter - Downloaded https://repo.maven.apache.org/maven2/org/springframework/boot/spring-boot/3.3.9/spring-boot-3.3.9-sources.jar
2025-03-08 22:57:52,133 [Worker-6: Download sources and javadoc] INFO  o.e.m.j.internal.DownloadSourcesJob - Downloaded sources for org.springframework.boot:spring-boot:3.3.9
2025-03-08 22:57:52,508 [Worker-6: Download sources and javadoc] INFO  o.e.m.c.i.e.AbstractTransferListenerAdapter - Downloading https://repo.maven.apache.org/maven2/org/springframework/boot/spring-boot-autoconfigure/3.3.9/spring-boot-autoconfigure-3.3.9-sources.jar
2025-03-08 22:57:52,965 [Worker-6: Download sources and javadoc] INFO  o.e.m.c.i.e.AbstractTransferListenerAdapter - Downloaded https://repo.maven.apache.org/maven2/org/springframework/boot/spring-boot-autoconfigure/3.3.9/spring-boot-autoconfigure-3.3.9-sources.jar
2025-03-08 22:57:52,970 [Worker-6: Download sources and javadoc] INFO  o.e.m.j.internal.DownloadSourcesJob - Downloaded sources for org.springframework.boot:spring-boot-autoconfigure:3.3.9
2025-03-08 22:57:53,229 [Worker-6: Download sources and javadoc] INFO  o.e.m.c.i.e.AbstractTransferListenerAdapter - Downloading https://repo.maven.apache.org/maven2/org/springframework/boot/spring-boot-starter-logging/3.3.9/spring-boot-starter-logging-3.3.9-sources.jar
2025-03-08 22:57:53,288 [Worker-6: Download sources and javadoc] INFO  o.e.m.c.i.e.AbstractTransferListenerAdapter - Downloaded https://repo.maven.apache.org/maven2/org/springframework/boot/spring-boot-starter-logging/3.3.9/spring-boot-starter-logging-3.3.9-sources.jar
2025-03-08 22:57:53,293 [Worker-6: Download sources and javadoc] INFO  o.e.m.j.internal.DownloadSourcesJob - Downloaded sources for org.springframework.boot:spring-boot-starter-logging:3.3.9
2025-03-08 22:57:53,580 [Worker-6: Download sources and javadoc] INFO  o.e.m.c.i.e.AbstractTransferListenerAdapter - Downloading https://repo.maven.apache.org/maven2/ch/qos/logback/logback-classic/1.5.16/logback-classic-1.5.16-sources.jar
2025-03-08 22:57:53,917 [Worker-6: Download sources and javadoc] INFO  o.e.m.c.i.e.AbstractTransferListenerAdapter - Downloaded https://repo.maven.apache.org/maven2/ch/qos/logback/logback-classic/1.5.16/logback-classic-1.5.16-sources.jar
2025-03-08 22:57:53,923 [Worker-6: Download sources and javadoc] INFO  o.e.m.j.internal.DownloadSourcesJob - Downloaded sources for ch.qos.logback:logback-classic:1.5.16
2025-03-08 22:57:54,179 [Worker-6: Download sources and javadoc] INFO  o.e.m.c.i.e.AbstractTransferListenerAdapter - Downloading https://repo.maven.apache.org/maven2/ch/qos/logback/logback-core/1.5.16/logback-core-1.5.16-sources.jar
2025-03-08 22:57:54,505 [Worker-6: Download sources and javadoc] INFO  o.e.m.c.i.e.AbstractTransferListenerAdapter - Downloaded https://repo.maven.apache.org/maven2/ch/qos/logback/logback-core/1.5.16/logback-core-1.5.16-sources.jar
2025-03-08 22:57:54,511 [Worker-6: Download sources and javadoc] INFO  o.e.m.j.internal.DownloadSourcesJob - Downloaded sources for ch.qos.logback:logback-core:1.5.16
2025-03-08 22:57:54,793 [Worker-6: Download sources and javadoc] INFO  o.e.m.c.i.e.AbstractTransferListenerAdapter - Downloading https://repo.maven.apache.org/maven2/org/apache/logging/log4j/log4j-to-slf4j/2.23.1/log4j-to-slf4j-2.23.1-sources.jar
2025-03-08 22:57:55,129 [Worker-6: Download sources and javadoc] INFO  o.e.m.c.i.e.AbstractTransferListenerAdapter - Downloaded https://repo.maven.apache.org/maven2/org/apache/logging/log4j/log4j-to-slf4j/2.23.1/log4j-to-slf4j-2.23.1-sources.jar
2025-03-08 22:57:55,135 [Worker-6: Download sources and javadoc] INFO  o.e.m.j.internal.DownloadSourcesJob - Downloaded sources for org.apache.logging.log4j:log4j-to-slf4j:2.23.1
2025-03-08 22:57:55,392 [Worker-6: Download sources and javadoc] INFO  o.e.m.c.i.e.AbstractTransferListenerAdapter - Downloading https://repo.maven.apache.org/maven2/org/apache/logging/log4j/log4j-api/2.23.1/log4j-api-2.23.1-sources.jar
2025-03-08 22:57:55,709 [Worker-6: Download sources and javadoc] INFO  o.e.m.c.i.e.AbstractTransferListenerAdapter - Downloaded https://repo.maven.apache.org/maven2/org/apache/logging/log4j/log4j-api/2.23.1/log4j-api-2.23.1-sources.jar
2025-03-08 22:57:55,716 [Worker-6: Download sources and javadoc] INFO  o.e.m.j.internal.DownloadSourcesJob - Downloaded sources for org.apache.logging.log4j:log4j-api:2.23.1
2025-03-08 22:57:55,964 [Worker-6: Download sources and javadoc] INFO  o.e.m.c.i.e.AbstractTransferListenerAdapter - Downloading https://repo.maven.apache.org/maven2/org/slf4j/jul-to-slf4j/2.0.16/jul-to-slf4j-2.0.16-sources.jar
2025-03-08 22:57:56,056 [Worker-6: Download sources and javadoc] INFO  o.e.m.c.i.e.AbstractTransferListenerAdapter - Downloaded https://repo.maven.apache.org/maven2/org/slf4j/jul-to-slf4j/2.0.16/jul-to-slf4j-2.0.16-sources.jar
2025-03-08 22:57:56,060 [Worker-6: Download sources and javadoc] INFO  o.e.m.j.internal.DownloadSourcesJob - Downloaded sources for org.slf4j:jul-to-slf4j:2.0.16
2025-03-08 22:57:56,312 [Worker-6: Download sources and javadoc] INFO  o.e.m.c.i.e.AbstractTransferListenerAdapter - Downloading https://repo.maven.apache.org/maven2/org/yaml/snakeyaml/2.2/snakeyaml-2.2-sources.jar
2025-03-08 22:57:56,554 [Worker-6: Download sources and javadoc] INFO  o.e.m.c.i.e.AbstractTransferListenerAdapter - Downloaded https://repo.maven.apache.org/maven2/org/yaml/snakeyaml/2.2/snakeyaml-2.2-sources.jar
2025-03-08 22:57:56,561 [Worker-6: Download sources and javadoc] INFO  o.e.m.j.internal.DownloadSourcesJob - Downloaded sources for org.yaml:snakeyaml:2.2
2025-03-08 22:57:56,815 [Worker-6: Download sources and javadoc] INFO  o.e.m.c.i.e.AbstractTransferListenerAdapter - Downloading https://repo.maven.apache.org/maven2/org/springframework/spring-aop/6.1.17/spring-aop-6.1.17-sources.jar
2025-03-08 22:57:57,151 [Worker-6: Download sources and javadoc] INFO  o.e.m.c.i.e.AbstractTransferListenerAdapter - Downloaded https://repo.maven.apache.org/maven2/org/springframework/spring-aop/6.1.17/spring-aop-6.1.17-sources.jar
2025-03-08 22:57:57,157 [Worker-6: Download sources and javadoc] INFO  o.e.m.j.internal.DownloadSourcesJob - Downloaded sources for org.springframework:spring-aop:6.1.17
2025-03-08 22:57:57,544 [Worker-6: Download sources and javadoc] INFO  o.e.m.c.i.e.AbstractTransferListenerAdapter - Downloading https://repo.maven.apache.org/maven2/org/springframework/security/spring-security-config/6.3.7/spring-security-config-6.3.7-sources.jar
2025-03-08 22:57:58,091 [Worker-6: Download sources and javadoc] INFO  o.e.m.c.i.e.AbstractTransferListenerAdapter - Downloaded https://repo.maven.apache.org/maven2/org/springframework/security/spring-security-config/6.3.7/spring-security-config-6.3.7-sources.jar
2025-03-08 22:57:58,096 [Worker-6: Download sources and javadoc] INFO  o.e.m.j.internal.DownloadSourcesJob - Downloaded sources for org.springframework.security:spring-security-config:6.3.7
2025-03-08 22:57:58,356 [Worker-6: Download sources and javadoc] INFO  o.e.m.c.i.e.AbstractTransferListenerAdapter - Downloading https://repo.maven.apache.org/maven2/org/springframework/security/spring-security-web/6.3.7/spring-security-web-6.3.7-sources.jar
2025-03-08 22:57:58,751 [Worker-6: Download sources and javadoc] INFO  o.e.m.c.i.e.AbstractTransferListenerAdapter - Downloaded https://repo.maven.apache.org/maven2/org/springframework/security/spring-security-web/6.3.7/spring-security-web-6.3.7-sources.jar
2025-03-08 22:57:58,758 [Worker-6: Download sources and javadoc] INFO  o.e.m.j.internal.DownloadSourcesJob - Downloaded sources for org.springframework.security:spring-security-web:6.3.7
2025-03-08 22:57:59,129 [Worker-6: Download sources and javadoc] INFO  o.e.m.c.i.e.AbstractTransferListenerAdapter - Downloading https://repo.maven.apache.org/maven2/org/springframework/spring-expression/6.1.17/spring-expression-6.1.17-sources.jar
2025-03-08 22:57:59,370 [Worker-6: Download sources and javadoc] INFO  o.e.m.c.i.e.AbstractTransferListenerAdapter - Downloaded https://repo.maven.apache.org/maven2/org/springframework/spring-expression/6.1.17/spring-expression-6.1.17-sources.jar
2025-03-08 22:57:59,377 [Worker-6: Download sources and javadoc] INFO  o.e.m.j.internal.DownloadSourcesJob - Downloaded sources for org.springframework:spring-expression:6.1.17
2025-03-08 22:57:59,631 [Worker-6: Download sources and javadoc] INFO  o.e.m.c.i.e.AbstractTransferListenerAdapter - Downloading https://repo.maven.apache.org/maven2/org/springframework/boot/spring-boot-starter-web/3.3.9/spring-boot-starter-web-3.3.9-sources.jar
2025-03-08 22:57:59,693 [Worker-6: Download sources and javadoc] INFO  o.e.m.c.i.e.AbstractTransferListenerAdapter - Downloaded https://repo.maven.apache.org/maven2/org/springframework/boot/spring-boot-starter-web/3.3.9/spring-boot-starter-web-3.3.9-sources.jar
2025-03-08 22:57:59,700 [Worker-6: Download sources and javadoc] INFO  o.e.m.j.internal.DownloadSourcesJob - Downloaded sources for org.springframework.boot:spring-boot-starter-web:3.3.9
2025-03-08 22:57:59,949 [Worker-6: Download sources and javadoc] INFO  o.e.m.c.i.e.AbstractTransferListenerAdapter - Downloading https://repo.maven.apache.org/maven2/org/springframework/boot/spring-boot-starter-json/3.3.9/spring-boot-starter-json-3.3.9-sources.jar
2025-03-08 22:58:00,010 [Worker-6: Download sources and javadoc] INFO  o.e.m.c.i.e.AbstractTransferListenerAdapter - Downloaded https://repo.maven.apache.org/maven2/org/springframework/boot/spring-boot-starter-json/3.3.9/spring-boot-starter-json-3.3.9-sources.jar
2025-03-08 22:58:00,016 [Worker-6: Download sources and javadoc] INFO  o.e.m.j.internal.DownloadSourcesJob - Downloaded sources for org.springframework.boot:spring-boot-starter-json:3.3.9
2025-03-08 22:58:00,267 [Worker-6: Download sources and javadoc] INFO  o.e.m.c.i.e.AbstractTransferListenerAdapter - Downloading https://repo.maven.apache.org/maven2/com/fasterxml/jackson/datatype/jackson-datatype-jdk8/2.17.3/jackson-datatype-jdk8-2.17.3-sources.jar
2025-03-08 22:58:01,233 [Worker-6: Download sources and javadoc] INFO  o.e.m.c.i.e.AbstractTransferListenerAdapter - Downloaded https://repo.maven.apache.org/maven2/com/fasterxml/jackson/datatype/jackson-datatype-jdk8/2.17.3/jackson-datatype-jdk8-2.17.3-sources.jar
2025-03-08 22:58:01,245 [Worker-6: Download sources and javadoc] INFO  o.e.m.j.internal.DownloadSourcesJob - Downloaded sources for com.fasterxml.jackson.datatype:jackson-datatype-jdk8:2.17.3
2025-03-08 22:58:01,528 [Worker-6: Download sources and javadoc] INFO  o.e.m.c.i.e.AbstractTransferListenerAdapter - Downloading https://repo.maven.apache.org/maven2/com/fasterxml/jackson/datatype/jackson-datatype-jsr310/2.17.3/jackson-datatype-jsr310-2.17.3-sources.jar
2025-03-08 22:58:01,700 [Worker-6: Download sources and javadoc] INFO  o.e.m.c.i.e.AbstractTransferListenerAdapter - Downloaded https://repo.maven.apache.org/maven2/com/fasterxml/jackson/datatype/jackson-datatype-jsr310/2.17.3/jackson-datatype-jsr310-2.17.3-sources.jar
2025-03-08 22:58:01,707 [Worker-6: Download sources and javadoc] INFO  o.e.m.j.internal.DownloadSourcesJob - Downloaded sources for com.fasterxml.jackson.datatype:jackson-datatype-jsr310:2.17.3
2025-03-08 22:58:01,972 [Worker-6: Download sources and javadoc] INFO  o.e.m.c.i.e.AbstractTransferListenerAdapter - Downloading https://repo.maven.apache.org/maven2/com/fasterxml/jackson/module/jackson-module-parameter-names/2.17.3/jackson-module-parameter-names-2.17.3-sources.jar
2025-03-08 22:58:02,112 [Worker-6: Download sources and javadoc] INFO  o.e.m.c.i.e.AbstractTransferListenerAdapter - Downloaded https://repo.maven.apache.org/maven2/com/fasterxml/jackson/module/jackson-module-parameter-names/2.17.3/jackson-module-parameter-names-2.17.3-sources.jar
2025-03-08 22:58:02,119 [Worker-6: Download sources and javadoc] INFO  o.e.m.j.internal.DownloadSourcesJob - Downloaded sources for com.fasterxml.jackson.module:jackson-module-parameter-names:2.17.3
2025-03-08 22:58:02,370 [Worker-6: Download sources and javadoc] INFO  o.e.m.c.i.e.AbstractTransferListenerAdapter - Downloading https://repo.maven.apache.org/maven2/org/springframework/boot/spring-boot-starter-tomcat/3.3.9/spring-boot-starter-tomcat-3.3.9-sources.jar
2025-03-08 22:58:02,439 [Worker-6: Download sources and javadoc] INFO  o.e.m.c.i.e.AbstractTransferListenerAdapter - Downloaded https://repo.maven.apache.org/maven2/org/springframework/boot/spring-boot-starter-tomcat/3.3.9/spring-boot-starter-tomcat-3.3.9-sources.jar
2025-03-08 22:58:02,445 [Worker-6: Download sources and javadoc] INFO  o.e.m.j.internal.DownloadSourcesJob - Downloaded sources for org.springframework.boot:spring-boot-starter-tomcat:3.3.9
2025-03-08 22:58:02,708 [Worker-6: Download sources and javadoc] INFO  o.e.m.c.i.e.AbstractTransferListenerAdapter - Downloading https://repo.maven.apache.org/maven2/org/apache/tomcat/embed/tomcat-embed-core/10.1.36/tomcat-embed-core-10.1.36-sources.jar
2025-03-08 22:58:03,936 [Worker-6: Download sources and javadoc] INFO  o.e.m.c.i.e.AbstractTransferListenerAdapter - Downloaded https://repo.maven.apache.org/maven2/org/apache/tomcat/embed/tomcat-embed-core/10.1.36/tomcat-embed-core-10.1.36-sources.jar
2025-03-08 22:58:03,946 [Worker-6: Download sources and javadoc] INFO  o.e.m.j.internal.DownloadSourcesJob - Downloaded sources for org.apache.tomcat.embed:tomcat-embed-core:10.1.36
2025-03-08 22:58:04,202 [Worker-6: Download sources and javadoc] INFO  o.e.m.c.i.e.AbstractTransferListenerAdapter - Downloading https://repo.maven.apache.org/maven2/org/apache/tomcat/embed/tomcat-embed-el/10.1.36/tomcat-embed-el-10.1.36-sources.jar
2025-03-08 22:58:04,441 [Worker-6: Download sources and javadoc] INFO  o.e.m.c.i.e.AbstractTransferListenerAdapter - Downloaded https://repo.maven.apache.org/maven2/org/apache/tomcat/embed/tomcat-embed-el/10.1.36/tomcat-embed-el-10.1.36-sources.jar
2025-03-08 22:58:04,446 [Worker-6: Download sources and javadoc] INFO  o.e.m.j.internal.DownloadSourcesJob - Downloaded sources for org.apache.tomcat.embed:tomcat-embed-el:10.1.36
2025-03-08 22:58:04,715 [Worker-6: Download sources and javadoc] INFO  o.e.m.c.i.e.AbstractTransferListenerAdapter - Downloading https://repo.maven.apache.org/maven2/org/apache/tomcat/embed/tomcat-embed-websocket/10.1.36/tomcat-embed-websocket-10.1.36-sources.jar
2025-03-08 22:58:05,020 [Worker-6: Download sources and javadoc] INFO  o.e.m.c.i.e.AbstractTransferListenerAdapter - Downloaded https://repo.maven.apache.org/maven2/org/apache/tomcat/embed/tomcat-embed-websocket/10.1.36/tomcat-embed-websocket-10.1.36-sources.jar
2025-03-08 22:58:05,026 [Worker-6: Download sources and javadoc] INFO  o.e.m.j.internal.DownloadSourcesJob - Downloaded sources for org.apache.tomcat.embed:tomcat-embed-websocket:10.1.36
2025-03-08 22:58:05,402 [Worker-6: Download sources and javadoc] INFO  o.e.m.c.i.e.AbstractTransferListenerAdapter - Downloading https://repo.maven.apache.org/maven2/org/springframework/spring-web/6.1.17/spring-web-6.1.17-sources.jar
2025-03-08 22:58:06,427 [Worker-6: Download sources and javadoc] INFO  o.e.m.c.i.e.AbstractTransferListenerAdapter - Downloaded https://repo.maven.apache.org/maven2/org/springframework/spring-web/6.1.17/spring-web-6.1.17-sources.jar
2025-03-08 22:58:06,432 [Worker-6: Download sources and javadoc] INFO  o.e.m.j.internal.DownloadSourcesJob - Downloaded sources for org.springframework:spring-web:6.1.17
2025-03-08 22:58:06,696 [Worker-6: Download sources and javadoc] INFO  o.e.m.c.i.e.AbstractTransferListenerAdapter - Downloading https://repo.maven.apache.org/maven2/io/micrometer/micrometer-observation/1.13.11/micrometer-observation-1.13.11-sources.jar
2025-03-08 22:58:06,825 [Worker-6: Download sources and javadoc] INFO  o.e.m.c.i.e.AbstractTransferListenerAdapter - Downloaded https://repo.maven.apache.org/maven2/io/micrometer/micrometer-observation/1.13.11/micrometer-observation-1.13.11-sources.jar
2025-03-08 22:58:06,830 [Worker-6: Download sources and javadoc] INFO  o.e.m.j.internal.DownloadSourcesJob - Downloaded sources for io.micrometer:micrometer-observation:1.13.11
2025-03-08 22:58:07,092 [Worker-6: Download sources and javadoc] INFO  o.e.m.c.i.e.AbstractTransferListenerAdapter - Downloading https://repo.maven.apache.org/maven2/io/micrometer/micrometer-commons/1.13.11/micrometer-commons-1.13.11-sources.jar
2025-03-08 22:58:08,154 [Worker-6: Download sources and javadoc] INFO  o.e.m.c.i.e.AbstractTransferListenerAdapter - Downloaded https://repo.maven.apache.org/maven2/io/micrometer/micrometer-commons/1.13.11/micrometer-commons-1.13.11-sources.jar
2025-03-08 22:58:08,161 [Worker-6: Download sources and javadoc] INFO  o.e.m.j.internal.DownloadSourcesJob - Downloaded sources for io.micrometer:micrometer-commons:1.13.11
2025-03-08 22:58:08,424 [Worker-6: Download sources and javadoc] INFO  o.e.m.c.i.e.AbstractTransferListenerAdapter - Downloading https://repo.maven.apache.org/maven2/org/springframework/spring-webmvc/6.1.17/spring-webmvc-6.1.17-sources.jar
2025-03-08 22:58:08,856 [Worker-6: Download sources and javadoc] INFO  o.e.m.c.i.e.AbstractTransferListenerAdapter - Downloaded https://repo.maven.apache.org/maven2/org/springframework/spring-webmvc/6.1.17/spring-webmvc-6.1.17-sources.jar
2025-03-08 22:58:08,861 [Worker-6: Download sources and javadoc] INFO  o.e.m.j.internal.DownloadSourcesJob - Downloaded sources for org.springframework:spring-webmvc:6.1.17
2025-03-08 22:58:09,121 [Worker-6: Download sources and javadoc] INFO  o.e.m.c.i.e.AbstractTransferListenerAdapter - Downloading https://repo.maven.apache.org/maven2/com/oracle/database/jdbc/ojdbc11/21.9.0.0/ojdbc11-21.9.0.0-sources.jar
2025-03-08 22:58:09,154 [Worker-6: Download sources and javadoc] INFO  o.e.m.c.i.e.AbstractTransferListenerAdapter - Downloaded https://repo.maven.apache.org/maven2/com/oracle/database/jdbc/ojdbc11/21.9.0.0/ojdbc11-21.9.0.0-sources.jar
2025-03-08 22:58:09,162 [Worker-6: Download sources and javadoc] INFO  o.e.m.j.internal.DownloadSourcesJob - Downloaded sources for com.oracle.database.jdbc:ojdbc11:21.9.0.0
2025-03-08 22:58:09,433 [Worker-6: Download sources and javadoc] INFO  o.e.m.c.i.e.AbstractTransferListenerAdapter - Downloading https://repo.maven.apache.org/maven2/org/springframework/boot/spring-boot-starter-test/3.3.9/spring-boot-starter-test-3.3.9-sources.jar
2025-03-08 22:58:09,530 [Worker-6: Download sources and javadoc] INFO  o.e.m.c.i.e.AbstractTransferListenerAdapter - Downloaded https://repo.maven.apache.org/maven2/org/springframework/boot/spring-boot-starter-test/3.3.9/spring-boot-starter-test-3.3.9-sources.jar
2025-03-08 22:58:09,536 [Worker-6: Download sources and javadoc] INFO  o.e.m.j.internal.DownloadSourcesJob - Downloaded sources for org.springframework.boot:spring-boot-starter-test:3.3.9
2025-03-08 22:58:09,797 [Worker-6: Download sources and javadoc] INFO  o.e.m.c.i.e.AbstractTransferListenerAdapter - Downloading https://repo.maven.apache.org/maven2/org/springframework/boot/spring-boot-test/3.3.9/spring-boot-test-3.3.9-sources.jar
2025-03-08 22:58:10,039 [Worker-6: Download sources and javadoc] INFO  o.e.m.c.i.e.AbstractTransferListenerAdapter - Downloaded https://repo.maven.apache.org/maven2/org/springframework/boot/spring-boot-test/3.3.9/spring-boot-test-3.3.9-sources.jar
2025-03-08 22:58:10,051 [Worker-6: Download sources and javadoc] INFO  o.e.m.j.internal.DownloadSourcesJob - Downloaded sources for org.springframework.boot:spring-boot-test:3.3.9
2025-03-08 22:58:10,314 [Worker-6: Download sources and javadoc] INFO  o.e.m.c.i.e.AbstractTransferListenerAdapter - Downloading https://repo.maven.apache.org/maven2/org/springframework/boot/spring-boot-test-autoconfigure/3.3.9/spring-boot-test-autoconfigure-3.3.9-sources.jar
2025-03-08 22:58:10,609 [Worker-6: Download sources and javadoc] INFO  o.e.m.c.i.e.AbstractTransferListenerAdapter - Downloaded https://repo.maven.apache.org/maven2/org/springframework/boot/spring-boot-test-autoconfigure/3.3.9/spring-boot-test-autoconfigure-3.3.9-sources.jar
2025-03-08 22:58:10,619 [Worker-6: Download sources and javadoc] INFO  o.e.m.j.internal.DownloadSourcesJob - Downloaded sources for org.springframework.boot:spring-boot-test-autoconfigure:3.3.9
2025-03-08 22:58:10,892 [Worker-6: Download sources and javadoc] INFO  o.e.m.c.i.e.AbstractTransferListenerAdapter - Downloading https://repo.maven.apache.org/maven2/com/jayway/jsonpath/json-path/2.9.0/json-path-2.9.0-sources.jar
2025-03-08 22:58:11,154 [Worker-6: Download sources and javadoc] INFO  o.e.m.c.i.e.AbstractTransferListenerAdapter - Downloaded https://repo.maven.apache.org/maven2/com/jayway/jsonpath/json-path/2.9.0/json-path-2.9.0-sources.jar
2025-03-08 22:58:11,169 [Worker-6: Download sources and javadoc] INFO  o.e.m.j.internal.DownloadSourcesJob - Downloaded sources for com.jayway.jsonpath:json-path:2.9.0
2025-03-08 22:58:11,437 [Worker-6: Download sources and javadoc] INFO  o.e.m.c.i.e.AbstractTransferListenerAdapter - Downloading https://repo.maven.apache.org/maven2/jakarta/xml/bind/jakarta.xml.bind-api/4.0.2/jakarta.xml.bind-api-4.0.2-sources.jar
2025-03-08 22:58:11,695 [Worker-6: Download sources and javadoc] INFO  o.e.m.c.i.e.AbstractTransferListenerAdapter - Downloaded https://repo.maven.apache.org/maven2/jakarta/xml/bind/jakarta.xml.bind-api/4.0.2/jakarta.xml.bind-api-4.0.2-sources.jar
2025-03-08 22:58:11,707 [Worker-6: Download sources and javadoc] INFO  o.e.m.j.internal.DownloadSourcesJob - Downloaded sources for jakarta.xml.bind:jakarta.xml.bind-api:4.0.2
2025-03-08 22:58:11,971 [Worker-6: Download sources and javadoc] INFO  o.e.m.c.i.e.AbstractTransferListenerAdapter - Downloading https://repo.maven.apache.org/maven2/jakarta/activation/jakarta.activation-api/2.1.3/jakarta.activation-api-2.1.3-sources.jar
2025-03-08 22:58:12,125 [Worker-6: Download sources and javadoc] INFO  o.e.m.c.i.e.AbstractTransferListenerAdapter - Downloaded https://repo.maven.apache.org/maven2/jakarta/activation/jakarta.activation-api/2.1.3/jakarta.activation-api-2.1.3-sources.jar
2025-03-08 22:58:12,137 [Worker-6: Download sources and javadoc] INFO  o.e.m.j.internal.DownloadSourcesJob - Downloaded sources for jakarta.activation:jakarta.activation-api:2.1.3
2025-03-08 22:58:12,413 [Worker-6: Download sources and javadoc] INFO  o.e.m.c.i.e.AbstractTransferListenerAdapter - Downloading https://repo.maven.apache.org/maven2/net/minidev/json-smart/2.5.2/json-smart-2.5.2-sources.jar
2025-03-08 22:58:12,572 [Worker-6: Download sources and javadoc] INFO  o.e.m.c.i.e.AbstractTransferListenerAdapter - Downloaded https://repo.maven.apache.org/maven2/net/minidev/json-smart/2.5.2/json-smart-2.5.2-sources.jar
2025-03-08 22:58:12,579 [Worker-6: Download sources and javadoc] INFO  o.e.m.j.internal.DownloadSourcesJob - Downloaded sources for net.minidev:json-smart:2.5.2
2025-03-08 22:58:12,829 [Worker-6: Download sources and javadoc] INFO  o.e.m.c.i.e.AbstractTransferListenerAdapter - Downloading https://repo.maven.apache.org/maven2/net/minidev/accessors-smart/2.5.2/accessors-smart-2.5.2-sources.jar
2025-03-08 22:58:13,455 [Worker-6: Download sources and javadoc] INFO  o.e.m.c.i.e.AbstractTransferListenerAdapter - Downloaded https://repo.maven.apache.org/maven2/net/minidev/accessors-smart/2.5.2/accessors-smart-2.5.2-sources.jar
2025-03-08 22:58:13,464 [Worker-6: Download sources and javadoc] INFO  o.e.m.j.internal.DownloadSourcesJob - Downloaded sources for net.minidev:accessors-smart:2.5.2
2025-03-08 22:58:13,735 [Worker-6: Download sources and javadoc] INFO  o.e.m.c.i.e.AbstractTransferListenerAdapter - Downloading https://repo.maven.apache.org/maven2/org/ow2/asm/asm/9.7.1/asm-9.7.1-sources.jar
2025-03-08 22:58:14,010 [Worker-6: Download sources and javadoc] INFO  o.e.m.c.i.e.AbstractTransferListenerAdapter - Downloaded https://repo.maven.apache.org/maven2/org/ow2/asm/asm/9.7.1/asm-9.7.1-sources.jar
2025-03-08 22:58:14,022 [Worker-6: Download sources and javadoc] INFO  o.e.m.j.internal.DownloadSourcesJob - Downloaded sources for org.ow2.asm:asm:9.7.1
2025-03-08 22:58:14,300 [Worker-6: Download sources and javadoc] INFO  o.e.m.c.i.e.AbstractTransferListenerAdapter - Downloading https://repo.maven.apache.org/maven2/org/assertj/assertj-core/3.25.3/assertj-core-3.25.3-sources.jar
2025-03-08 22:58:14,824 [Worker-6: Download sources and javadoc] INFO  o.e.m.c.i.e.AbstractTransferListenerAdapter - Downloaded https://repo.maven.apache.org/maven2/org/assertj/assertj-core/3.25.3/assertj-core-3.25.3-sources.jar
2025-03-08 22:58:14,836 [Worker-6: Download sources and javadoc] INFO  o.e.m.j.internal.DownloadSourcesJob - Downloaded sources for org.assertj:assertj-core:3.25.3
2025-03-08 22:58:15,111 [Worker-6: Download sources and javadoc] INFO  o.e.m.c.i.e.AbstractTransferListenerAdapter - Downloading https://repo.maven.apache.org/maven2/org/awaitility/awaitility/4.2.2/awaitility-4.2.2-sources.jar
2025-03-08 22:58:15,280 [Worker-6: Download sources and javadoc] INFO  o.e.m.c.i.e.AbstractTransferListenerAdapter - Downloaded https://repo.maven.apache.org/maven2/org/awaitility/awaitility/4.2.2/awaitility-4.2.2-sources.jar
2025-03-08 22:58:15,292 [Worker-6: Download sources and javadoc] INFO  o.e.m.j.internal.DownloadSourcesJob - Downloaded sources for org.awaitility:awaitility:4.2.2
2025-03-08 22:58:15,562 [Worker-6: Download sources and javadoc] INFO  o.e.m.c.i.e.AbstractTransferListenerAdapter - Downloading https://repo.maven.apache.org/maven2/org/hamcrest/hamcrest/2.2/hamcrest-2.2-sources.jar
2025-03-08 22:58:15,763 [Worker-6: Download sources and javadoc] INFO  o.e.m.c.i.e.AbstractTransferListenerAdapter - Downloaded https://repo.maven.apache.org/maven2/org/hamcrest/hamcrest/2.2/hamcrest-2.2-sources.jar
2025-03-08 22:58:15,776 [Worker-6: Download sources and javadoc] INFO  o.e.m.j.internal.DownloadSourcesJob - Downloaded sources for org.hamcrest:hamcrest:2.2
2025-03-08 22:58:16,049 [Worker-6: Download sources and javadoc] INFO  o.e.m.c.i.e.AbstractTransferListenerAdapter - Downloading https://repo.maven.apache.org/maven2/org/junit/jupiter/junit-jupiter/5.10.5/junit-jupiter-5.10.5-sources.jar
2025-03-08 22:58:16,149 [Worker-6: Download sources and javadoc] INFO  o.e.m.c.i.e.AbstractTransferListenerAdapter - Downloaded https://repo.maven.apache.org/maven2/org/junit/jupiter/junit-jupiter/5.10.5/junit-jupiter-5.10.5-sources.jar
2025-03-08 22:58:16,154 [Worker-6: Download sources and javadoc] INFO  o.e.m.j.internal.DownloadSourcesJob - Downloaded sources for org.junit.jupiter:junit-jupiter:5.10.5
2025-03-08 22:58:16,424 [Worker-6: Download sources and javadoc] INFO  o.e.m.c.i.e.AbstractTransferListenerAdapter - Downloading https://repo.maven.apache.org/maven2/org/junit/jupiter/junit-jupiter-api/5.10.5/junit-jupiter-api-5.10.5-sources.jar
2025-03-08 22:58:16,690 [Worker-6: Download sources and javadoc] INFO  o.e.m.c.i.e.AbstractTransferListenerAdapter - Downloaded https://repo.maven.apache.org/maven2/org/junit/jupiter/junit-jupiter-api/5.10.5/junit-jupiter-api-5.10.5-sources.jar
2025-03-08 22:58:16,701 [Worker-6: Download sources and javadoc] INFO  o.e.m.j.internal.DownloadSourcesJob - Downloaded sources for org.junit.jupiter:junit-jupiter-api:5.10.5
2025-03-08 22:58:16,969 [Worker-6: Download sources and javadoc] INFO  o.e.m.c.i.e.AbstractTransferListenerAdapter - Downloading https://repo.maven.apache.org/maven2/org/opentest4j/opentest4j/1.3.0/opentest4j-1.3.0-sources.jar
2025-03-08 22:58:17,381 [Worker-6: Download sources and javadoc] INFO  o.e.m.c.i.e.AbstractTransferListenerAdapter - Downloaded https://repo.maven.apache.org/maven2/org/opentest4j/opentest4j/1.3.0/opentest4j-1.3.0-sources.jar
2025-03-08 22:58:17,393 [Worker-6: Download sources and javadoc] INFO  o.e.m.j.internal.DownloadSourcesJob - Downloaded sources for org.opentest4j:opentest4j:1.3.0
2025-03-08 22:58:17,675 [Worker-6: Download sources and javadoc] INFO  o.e.m.c.i.e.AbstractTransferListenerAdapter - Downloading https://repo.maven.apache.org/maven2/org/junit/platform/junit-platform-commons/1.10.5/junit-platform-commons-1.10.5-sources.jar
2025-03-08 22:58:17,854 [Worker-6: Download sources and javadoc] INFO  o.e.m.c.i.e.AbstractTransferListenerAdapter - Downloaded https://repo.maven.apache.org/maven2/org/junit/platform/junit-platform-commons/1.10.5/junit-platform-commons-1.10.5-sources.jar
2025-03-08 22:58:17,869 [Worker-6: Download sources and javadoc] INFO  o.e.m.j.internal.DownloadSourcesJob - Downloaded sources for org.junit.platform:junit-platform-commons:1.10.5
2025-03-08 22:58:18,133 [Worker-6: Download sources and javadoc] INFO  o.e.m.c.i.e.AbstractTransferListenerAdapter - Downloading https://repo.maven.apache.org/maven2/org/apiguardian/apiguardian-api/1.1.2/apiguardian-api-1.1.2-sources.jar
2025-03-08 22:58:18,256 [Worker-6: Download sources and javadoc] INFO  o.e.m.c.i.e.AbstractTransferListenerAdapter - Downloaded https://repo.maven.apache.org/maven2/org/apiguardian/apiguardian-api/1.1.2/apiguardian-api-1.1.2-sources.jar
2025-03-08 22:58:18,269 [Worker-6: Download sources and javadoc] INFO  o.e.m.j.internal.DownloadSourcesJob - Downloaded sources for org.apiguardian:apiguardian-api:1.1.2
2025-03-08 22:58:18,548 [Worker-6: Download sources and javadoc] INFO  o.e.m.c.i.e.AbstractTransferListenerAdapter - Downloading https://repo.maven.apache.org/maven2/org/junit/jupiter/junit-jupiter-params/5.10.5/junit-jupiter-params-5.10.5-sources.jar
2025-03-08 22:58:18,729 [Worker-6: Download sources and javadoc] INFO  o.e.m.c.i.e.AbstractTransferListenerAdapter - Downloaded https://repo.maven.apache.org/maven2/org/junit/jupiter/junit-jupiter-params/5.10.5/junit-jupiter-params-5.10.5-sources.jar
2025-03-08 22:58:18,739 [Worker-6: Download sources and javadoc] INFO  o.e.m.j.internal.DownloadSourcesJob - Downloaded sources for org.junit.jupiter:junit-jupiter-params:5.10.5
2025-03-08 22:58:19,019 [Worker-6: Download sources and javadoc] INFO  o.e.m.c.i.e.AbstractTransferListenerAdapter - Downloading https://repo.maven.apache.org/maven2/org/junit/jupiter/junit-jupiter-engine/5.10.5/junit-jupiter-engine-5.10.5-sources.jar
2025-03-08 22:58:19,241 [Worker-6: Download sources and javadoc] INFO  o.e.m.c.i.e.AbstractTransferListenerAdapter - Downloaded https://repo.maven.apache.org/maven2/org/junit/jupiter/junit-jupiter-engine/5.10.5/junit-jupiter-engine-5.10.5-sources.jar
2025-03-08 22:58:19,248 [Worker-6: Download sources and javadoc] INFO  o.e.m.j.internal.DownloadSourcesJob - Downloaded sources for org.junit.jupiter:junit-jupiter-engine:5.10.5
2025-03-08 22:58:19,521 [Worker-6: Download sources and javadoc] INFO  o.e.m.c.i.e.AbstractTransferListenerAdapter - Downloading https://repo.maven.apache.org/maven2/org/junit/platform/junit-platform-engine/1.10.5/junit-platform-engine-1.10.5-sources.jar
2025-03-08 22:58:19,758 [Worker-6: Download sources and javadoc] INFO  o.e.m.c.i.e.AbstractTransferListenerAdapter - Downloaded https://repo.maven.apache.org/maven2/org/junit/platform/junit-platform-engine/1.10.5/junit-platform-engine-1.10.5-sources.jar
2025-03-08 22:58:19,763 [Worker-6: Download sources and javadoc] INFO  o.e.m.j.internal.DownloadSourcesJob - Downloaded sources for org.junit.platform:junit-platform-engine:1.10.5
2025-03-08 22:58:20,015 [Worker-6: Download sources and javadoc] INFO  o.e.m.c.i.e.AbstractTransferListenerAdapter - Downloading https://repo.maven.apache.org/maven2/org/mockito/mockito-core/5.11.0/mockito-core-5.11.0-sources.jar
2025-03-08 22:58:20,422 [Worker-6: Download sources and javadoc] INFO  o.e.m.c.i.e.AbstractTransferListenerAdapter - Downloaded https://repo.maven.apache.org/maven2/org/mockito/mockito-core/5.11.0/mockito-core-5.11.0-sources.jar
2025-03-08 22:58:20,435 [Worker-6: Download sources and javadoc] INFO  o.e.m.j.internal.DownloadSourcesJob - Downloaded sources for org.mockito:mockito-core:5.11.0
2025-03-08 22:58:20,701 [Worker-6: Download sources and javadoc] INFO  o.e.m.c.i.e.AbstractTransferListenerAdapter - Downloading https://repo.maven.apache.org/maven2/net/bytebuddy/byte-buddy-agent/1.14.19/byte-buddy-agent-1.14.19-sources.jar
2025-03-08 22:58:20,993 [Worker-6: Download sources and javadoc] INFO  o.e.m.c.i.e.AbstractTransferListenerAdapter - Downloaded https://repo.maven.apache.org/maven2/net/bytebuddy/byte-buddy-agent/1.14.19/byte-buddy-agent-1.14.19-sources.jar
2025-03-08 22:58:21,014 [Worker-6: Download sources and javadoc] INFO  o.e.m.j.internal.DownloadSourcesJob - Downloaded sources for net.bytebuddy:byte-buddy-agent:1.14.19
2025-03-08 22:58:21,287 [Worker-6: Download sources and javadoc] INFO  o.e.m.c.i.e.AbstractTransferListenerAdapter - Downloading https://repo.maven.apache.org/maven2/org/objenesis/objenesis/3.3/objenesis-3.3-sources.jar
2025-03-08 22:58:21,430 [Worker-6: Download sources and javadoc] INFO  o.e.m.c.i.e.AbstractTransferListenerAdapter - Downloaded https://repo.maven.apache.org/maven2/org/objenesis/objenesis/3.3/objenesis-3.3-sources.jar
2025-03-08 22:58:21,438 [Worker-6: Download sources and javadoc] INFO  o.e.m.j.internal.DownloadSourcesJob - Downloaded sources for org.objenesis:objenesis:3.3
2025-03-08 22:58:21,690 [Worker-6: Download sources and javadoc] INFO  o.e.m.c.i.e.AbstractTransferListenerAdapter - Downloading https://repo.maven.apache.org/maven2/org/mockito/mockito-junit-jupiter/5.11.0/mockito-junit-jupiter-5.11.0-sources.jar
2025-03-08 22:58:21,834 [Worker-6: Download sources and javadoc] INFO  o.e.m.c.i.e.AbstractTransferListenerAdapter - Downloaded https://repo.maven.apache.org/maven2/org/mockito/mockito-junit-jupiter/5.11.0/mockito-junit-jupiter-5.11.0-sources.jar
2025-03-08 22:58:21,842 [Worker-6: Download sources and javadoc] INFO  o.e.m.j.internal.DownloadSourcesJob - Downloaded sources for org.mockito:mockito-junit-jupiter:5.11.0
2025-03-08 22:58:22,084 [Worker-6: Download sources and javadoc] INFO  o.e.m.c.i.e.AbstractTransferListenerAdapter - Downloading https://repo.maven.apache.org/maven2/org/skyscreamer/jsonassert/1.5.3/jsonassert-1.5.3-sources.jar
2025-03-08 22:58:22,924 [Worker-6: Download sources and javadoc] INFO  o.e.m.c.i.e.AbstractTransferListenerAdapter - Downloaded https://repo.maven.apache.org/maven2/org/skyscreamer/jsonassert/1.5.3/jsonassert-1.5.3-sources.jar
2025-03-08 22:58:22,931 [Worker-6: Download sources and javadoc] INFO  o.e.m.j.internal.DownloadSourcesJob - Downloaded sources for org.skyscreamer:jsonassert:1.5.3
2025-03-08 22:58:23,207 [Worker-6: Download sources and javadoc] INFO  o.e.m.c.i.e.AbstractTransferListenerAdapter - Downloading https://repo.maven.apache.org/maven2/com/vaadin/external/google/android-json/0.0.20131108.vaadin1/android-json-0.0.20131108.vaadin1-sources.jar
2025-03-08 22:58:23,275 [Worker-6: Download sources and javadoc] INFO  o.e.m.c.i.e.AbstractTransferListenerAdapter - Downloaded https://repo.maven.apache.org/maven2/com/vaadin/external/google/android-json/0.0.20131108.vaadin1/android-json-0.0.20131108.vaadin1-sources.jar
2025-03-08 22:58:23,285 [Worker-6: Download sources and javadoc] INFO  o.e.m.j.internal.DownloadSourcesJob - Downloaded sources for com.vaadin.external.google:android-json:0.0.20131108.vaadin1
2025-03-08 22:58:23,565 [Worker-6: Download sources and javadoc] INFO  o.e.m.c.i.e.AbstractTransferListenerAdapter - Downloading https://repo.maven.apache.org/maven2/org/springframework/spring-core/6.1.17/spring-core-6.1.17-sources.jar
2025-03-08 22:58:24,159 [Worker-6: Download sources and javadoc] INFO  o.e.m.c.i.e.AbstractTransferListenerAdapter - Downloaded https://repo.maven.apache.org/maven2/org/springframework/spring-core/6.1.17/spring-core-6.1.17-sources.jar
2025-03-08 22:58:24,168 [Worker-6: Download sources and javadoc] INFO  o.e.m.j.internal.DownloadSourcesJob - Downloaded sources for org.springframework:spring-core:6.1.17
2025-03-08 22:58:24,430 [Worker-6: Download sources and javadoc] INFO  o.e.m.c.i.e.AbstractTransferListenerAdapter - Downloading https://repo.maven.apache.org/maven2/org/springframework/spring-jcl/6.1.17/spring-jcl-6.1.17-sources.jar
2025-03-08 22:58:24,813 [Worker-6: Download sources and javadoc] INFO  o.e.m.c.i.e.AbstractTransferListenerAdapter - Downloaded https://repo.maven.apache.org/maven2/org/springframework/spring-jcl/6.1.17/spring-jcl-6.1.17-sources.jar
2025-03-08 22:58:24,827 [Worker-6: Download sources and javadoc] INFO  o.e.m.j.internal.DownloadSourcesJob - Downloaded sources for org.springframework:spring-jcl:6.1.17
2025-03-08 22:58:25,118 [Worker-6: Download sources and javadoc] INFO  o.e.m.c.i.e.AbstractTransferListenerAdapter - Downloading https://repo.maven.apache.org/maven2/org/springframework/spring-test/6.1.17/spring-test-6.1.17-sources.jar
2025-03-08 22:58:25,574 [Worker-6: Download sources and javadoc] INFO  o.e.m.c.i.e.AbstractTransferListenerAdapter - Downloaded https://repo.maven.apache.org/maven2/org/springframework/spring-test/6.1.17/spring-test-6.1.17-sources.jar
2025-03-08 22:58:25,584 [Worker-6: Download sources and javadoc] INFO  o.e.m.j.internal.DownloadSourcesJob - Downloaded sources for org.springframework:spring-test:6.1.17
2025-03-08 22:58:25,874 [Worker-6: Download sources and javadoc] INFO  o.e.m.c.i.e.AbstractTransferListenerAdapter - Downloading https://repo.maven.apache.org/maven2/org/xmlunit/xmlunit-core/2.9.1/xmlunit-core-2.9.1-sources.jar
2025-03-08 22:58:26,118 [Worker-6: Download sources and javadoc] INFO  o.e.m.c.i.e.AbstractTransferListenerAdapter - Downloaded https://repo.maven.apache.org/maven2/org/xmlunit/xmlunit-core/2.9.1/xmlunit-core-2.9.1-sources.jar
2025-03-08 22:58:26,127 [Worker-6: Download sources and javadoc] INFO  o.e.m.j.internal.DownloadSourcesJob - Downloaded sources for org.xmlunit:xmlunit-core:2.9.1
2025-03-08 22:58:26,389 [Worker-6: Download sources and javadoc] INFO  o.e.m.c.i.e.AbstractTransferListenerAdapter - Downloading https://repo.maven.apache.org/maven2/org/springframework/security/spring-security-test/6.3.7/spring-security-test-6.3.7-sources.jar
2025-03-08 22:58:26,543 [Worker-6: Download sources and javadoc] INFO  o.e.m.c.i.e.AbstractTransferListenerAdapter - Downloaded https://repo.maven.apache.org/maven2/org/springframework/security/spring-security-test/6.3.7/spring-security-test-6.3.7-sources.jar
2025-03-08 22:58:26,554 [Worker-6: Download sources and javadoc] INFO  o.e.m.j.internal.DownloadSourcesJob - Downloaded sources for org.springframework.security:spring-security-test:6.3.7
2025-03-08 22:58:26,833 [Worker-6: Download sources and javadoc] INFO  o.e.m.c.i.e.AbstractTransferListenerAdapter - Downloading https://repo.maven.apache.org/maven2/org/springframework/security/spring-security-core/6.3.7/spring-security-core-6.3.7-sources.jar
2025-03-08 22:58:27,267 [Worker-6: Download sources and javadoc] INFO  o.e.m.c.i.e.AbstractTransferListenerAdapter - Downloaded https://repo.maven.apache.org/maven2/org/springframework/security/spring-security-core/6.3.7/spring-security-core-6.3.7-sources.jar
2025-03-08 22:58:27,282 [Worker-6: Download sources and javadoc] INFO  o.e.m.j.internal.DownloadSourcesJob - Downloaded sources for org.springframework.security:spring-security-core:6.3.7
2025-03-08 22:58:27,545 [Worker-6: Download sources and javadoc] INFO  o.e.m.c.i.e.AbstractTransferListenerAdapter - Downloading https://repo.maven.apache.org/maven2/org/springframework/security/spring-security-crypto/6.3.7/spring-security-crypto-6.3.7-sources.jar
2025-03-08 22:58:27,721 [Worker-6: Download sources and javadoc] INFO  o.e.m.c.i.e.AbstractTransferListenerAdapter - Downloaded https://repo.maven.apache.org/maven2/org/springframework/security/spring-security-crypto/6.3.7/spring-security-crypto-6.3.7-sources.jar
2025-03-08 22:58:27,730 [Worker-6: Download sources and javadoc] INFO  o.e.m.j.internal.DownloadSourcesJob - Downloaded sources for org.springframework.security:spring-security-crypto:6.3.7
2025-03-16 18:11:00,979 [Worker-2: Loading available Gradle versions] INFO  o.e.b.c.i.u.g.PublishedGradleVersions - Gradle version information cache is out-of-date. Trying to update.
2025-03-16 18:18:27,908 [Worker-16: Building] INFO  o.a.m.s.f.DefaultMavenResourcesFiltering - Copying 1 resource from src\main\resources to target\classes
2025-03-16 18:18:27,975 [Worker-16: Building] INFO  o.a.m.s.f.DefaultMavenResourcesFiltering - Copying 0 resource from src\main\resources to target\classes
2025-03-16 18:18:27,985 [Worker-16: Building] INFO  o.a.m.s.f.DefaultMavenResourcesFiltering - skip non existing resourceDirectory D:\Desenvolvimento Software\PetAmigo\API\login\src\test\resources
2025-03-16 18:20:22,891 [Worker-28: Building] INFO  o.a.m.s.f.DefaultMavenResourcesFiltering - Copying 1 resource from src\main\resources to target\classes
2025-03-16 18:20:22,901 [Worker-28: Building] INFO  o.a.m.s.f.DefaultMavenResourcesFiltering - Copying 0 resource from src\main\resources to target\classes
2025-03-16 18:20:22,907 [Worker-28: Building] INFO  o.a.m.s.f.DefaultMavenResourcesFiltering - skip non existing resourceDirectory D:\Desenvolvimento Software\PetAmigo\API\login\src\test\resources
2025-03-16 18:20:50,919 [Worker-30: Building] INFO  o.a.m.s.f.DefaultMavenResourcesFiltering - Copying 1 resource from src\main\resources to target\classes
2025-03-16 18:20:50,931 [Worker-30: Building] INFO  o.a.m.s.f.DefaultMavenResourcesFiltering - Copying 0 resource from src\main\resources to target\classes
2025-03-16 18:20:50,937 [Worker-30: Building] INFO  o.a.m.s.f.DefaultMavenResourcesFiltering - skip non existing resourceDirectory D:\Desenvolvimento Software\PetAmigo\API\login\src\test\resources
2025-03-16 18:28:25,652 [Worker-29: Importing Maven projects] INFO  o.e.m.c.i.e.AbstractTransferListenerAdapter - Downloading https://repo.maven.apache.org/maven2/org/springframework/boot/spring-boot-starter-parent/2.6.3/spring-boot-starter-parent-2.6.3.pom
2025-03-16 18:28:25,703 [Worker-29: Importing Maven projects] INFO  o.e.m.c.i.e.AbstractTransferListenerAdapter - Downloaded https://repo.maven.apache.org/maven2/org/springframework/boot/spring-boot-starter-parent/2.6.3/spring-boot-starter-parent-2.6.3.pom
2025-03-16 18:28:25,798 [Worker-29: Importing Maven projects] INFO  o.e.m.c.i.e.AbstractTransferListenerAdapter - Downloading https://repo.maven.apache.org/maven2/org/springframework/boot/spring-boot-dependencies/2.6.3/spring-boot-dependencies-2.6.3.pom
2025-03-16 18:28:25,951 [Worker-29: Importing Maven projects] INFO  o.e.m.c.i.e.AbstractTransferListenerAdapter - Downloaded https://repo.maven.apache.org/maven2/org/springframework/boot/spring-boot-dependencies/2.6.3/spring-boot-dependencies-2.6.3.pom
2025-03-16 18:28:26,073 [Worker-29: Importing Maven projects] INFO  o.e.m.c.i.e.AbstractTransferListenerAdapter - Downloading https://repo.maven.apache.org/maven2/com/datastax/oss/java-driver-bom/4.13.0/java-driver-bom-4.13.0.pom
2025-03-16 18:28:26,107 [Worker-29: Importing Maven projects] INFO  o.e.m.c.i.e.AbstractTransferListenerAdapter - Downloaded https://repo.maven.apache.org/maven2/com/datastax/oss/java-driver-bom/4.13.0/java-driver-bom-4.13.0.pom
2025-03-16 18:28:26,197 [Worker-29: Importing Maven projects] INFO  o.e.m.c.i.e.AbstractTransferListenerAdapter - Downloading https://repo.maven.apache.org/maven2/io/dropwizard/metrics/metrics-bom/4.2.7/metrics-bom-4.2.7.pom
2025-03-16 18:28:26,239 [Worker-29: Importing Maven projects] INFO  o.e.m.c.i.e.AbstractTransferListenerAdapter - Downloaded https://repo.maven.apache.org/maven2/io/dropwizard/metrics/metrics-bom/4.2.7/metrics-bom-4.2.7.pom
2025-03-16 18:28:26,336 [Worker-29: Importing Maven projects] INFO  o.e.m.c.i.e.AbstractTransferListenerAdapter - Downloading https://repo.maven.apache.org/maven2/io/dropwizard/metrics/metrics-parent/4.2.7/metrics-parent-4.2.7.pom
2025-03-16 18:28:26,380 [Worker-29: Importing Maven projects] INFO  o.e.m.c.i.e.AbstractTransferListenerAdapter - Downloaded https://repo.maven.apache.org/maven2/io/dropwizard/metrics/metrics-parent/4.2.7/metrics-parent-4.2.7.pom
2025-03-16 18:28:26,485 [Worker-29: Importing Maven projects] INFO  o.e.m.c.i.e.AbstractTransferListenerAdapter - Downloading https://repo.maven.apache.org/maven2/org/codehaus/groovy/groovy-bom/3.0.9/groovy-bom-3.0.9.pom
2025-03-16 18:28:26,527 [Worker-29: Importing Maven projects] INFO  o.e.m.c.i.e.AbstractTransferListenerAdapter - Downloaded https://repo.maven.apache.org/maven2/org/codehaus/groovy/groovy-bom/3.0.9/groovy-bom-3.0.9.pom
2025-03-16 18:28:26,637 [Worker-29: Importing Maven projects] INFO  o.e.m.c.i.e.AbstractTransferListenerAdapter - Downloading https://repo.maven.apache.org/maven2/org/infinispan/infinispan-bom/12.1.11.Final/infinispan-bom-12.1.11.Final.pom
2025-03-16 18:28:26,683 [Worker-29: Importing Maven projects] INFO  o.e.m.c.i.e.AbstractTransferListenerAdapter - Downloaded https://repo.maven.apache.org/maven2/org/infinispan/infinispan-bom/12.1.11.Final/infinispan-bom-12.1.11.Final.pom
2025-03-16 18:28:26,816 [Worker-29: Importing Maven projects] INFO  o.e.m.c.i.e.AbstractTransferListenerAdapter - Downloading https://repo.maven.apache.org/maven2/org/infinispan/infinispan-build-configuration-parent/12.1.11.Final/infinispan-build-configuration-parent-12.1.11.Final.pom
2025-03-16 18:28:26,858 [Worker-29: Importing Maven projects] INFO  o.e.m.c.i.e.AbstractTransferListenerAdapter - Downloaded https://repo.maven.apache.org/maven2/org/infinispan/infinispan-build-configuration-parent/12.1.11.Final/infinispan-build-configuration-parent-12.1.11.Final.pom
2025-03-16 18:28:26,961 [Worker-29: Importing Maven projects] INFO  o.e.m.c.i.e.AbstractTransferListenerAdapter - Downloading https://repo.maven.apache.org/maven2/org/jboss/jboss-parent/36/jboss-parent-36.pom
2025-03-16 18:28:27,026 [Worker-29: Importing Maven projects] INFO  o.e.m.c.i.e.AbstractTransferListenerAdapter - Downloaded https://repo.maven.apache.org/maven2/org/jboss/jboss-parent/36/jboss-parent-36.pom
2025-03-16 18:28:27,125 [Worker-29: Importing Maven projects] INFO  o.e.m.c.i.e.AbstractTransferListenerAdapter - Downloading https://repo.maven.apache.org/maven2/com/fasterxml/jackson/jackson-bom/2.13.1/jackson-bom-2.13.1.pom
2025-03-16 18:28:27,175 [Worker-29: Importing Maven projects] INFO  o.e.m.c.i.e.AbstractTransferListenerAdapter - Downloaded https://repo.maven.apache.org/maven2/com/fasterxml/jackson/jackson-bom/2.13.1/jackson-bom-2.13.1.pom
2025-03-16 18:28:27,291 [Worker-29: Importing Maven projects] INFO  o.e.m.c.i.e.AbstractTransferListenerAdapter - Downloading https://repo.maven.apache.org/maven2/com/fasterxml/jackson/jackson-parent/2.13/jackson-parent-2.13.pom
2025-03-16 18:28:27,326 [Worker-29: Importing Maven projects] INFO  o.e.m.c.i.e.AbstractTransferListenerAdapter - Downloaded https://repo.maven.apache.org/maven2/com/fasterxml/jackson/jackson-parent/2.13/jackson-parent-2.13.pom
2025-03-16 18:28:27,423 [Worker-29: Importing Maven projects] INFO  o.e.m.c.i.e.AbstractTransferListenerAdapter - Downloading https://repo.maven.apache.org/maven2/com/fasterxml/oss-parent/43/oss-parent-43.pom
2025-03-16 18:28:27,460 [Worker-29: Importing Maven projects] INFO  o.e.m.c.i.e.AbstractTransferListenerAdapter - Downloaded https://repo.maven.apache.org/maven2/com/fasterxml/oss-parent/43/oss-parent-43.pom
2025-03-16 18:28:27,559 [Worker-29: Importing Maven projects] INFO  o.e.m.c.i.e.AbstractTransferListenerAdapter - Downloading https://repo.maven.apache.org/maven2/org/glassfish/jersey/jersey-bom/2.35/jersey-bom-2.35.pom
2025-03-16 18:28:27,605 [Worker-29: Importing Maven projects] INFO  o.e.m.c.i.e.AbstractTransferListenerAdapter - Downloaded https://repo.maven.apache.org/maven2/org/glassfish/jersey/jersey-bom/2.35/jersey-bom-2.35.pom
2025-03-16 18:28:27,704 [Worker-29: Importing Maven projects] INFO  o.e.m.c.i.e.AbstractTransferListenerAdapter - Downloading https://repo.maven.apache.org/maven2/org/eclipse/jetty/jetty-bom/9.4.44.v20210927/jetty-bom-9.4.44.v20210927.pom
2025-03-16 18:28:27,766 [Worker-29: Importing Maven projects] INFO  o.e.m.c.i.e.AbstractTransferListenerAdapter - Downloaded https://repo.maven.apache.org/maven2/org/eclipse/jetty/jetty-bom/9.4.44.v20210927/jetty-bom-9.4.44.v20210927.pom
2025-03-16 18:28:27,864 [Worker-29: Importing Maven projects] INFO  o.e.m.c.i.e.AbstractTransferListenerAdapter - Downloading https://repo.maven.apache.org/maven2/org/junit/junit-bom/5.8.2/junit-bom-5.8.2.pom
2025-03-16 18:28:27,910 [Worker-29: Importing Maven projects] INFO  o.e.m.c.i.e.AbstractTransferListenerAdapter - Downloaded https://repo.maven.apache.org/maven2/org/junit/junit-bom/5.8.2/junit-bom-5.8.2.pom
2025-03-16 18:28:27,990 [Worker-29: Importing Maven projects] INFO  o.e.m.c.i.e.AbstractTransferListenerAdapter - Downloading https://repo.maven.apache.org/maven2/org/jetbrains/kotlin/kotlin-bom/1.6.10/kotlin-bom-1.6.10.pom
2025-03-16 18:28:28,038 [Worker-29: Importing Maven projects] INFO  o.e.m.c.i.e.AbstractTransferListenerAdapter - Downloaded https://repo.maven.apache.org/maven2/org/jetbrains/kotlin/kotlin-bom/1.6.10/kotlin-bom-1.6.10.pom
2025-03-16 18:28:28,127 [Worker-29: Importing Maven projects] INFO  o.e.m.c.i.e.AbstractTransferListenerAdapter - Downloading https://repo.maven.apache.org/maven2/org/jetbrains/kotlinx/kotlinx-coroutines-bom/1.5.2/kotlinx-coroutines-bom-1.5.2.pom
2025-03-16 18:28:28,169 [Worker-29: Importing Maven projects] INFO  o.e.m.c.i.e.AbstractTransferListenerAdapter - Downloaded https://repo.maven.apache.org/maven2/org/jetbrains/kotlinx/kotlinx-coroutines-bom/1.5.2/kotlinx-coroutines-bom-1.5.2.pom
2025-03-16 18:28:28,253 [Worker-29: Importing Maven projects] INFO  o.e.m.c.i.e.AbstractTransferListenerAdapter - Downloading https://repo.maven.apache.org/maven2/org/apache/logging/log4j/log4j-bom/2.17.1/log4j-bom-2.17.1.pom
2025-03-16 18:28:28,297 [Worker-29: Importing Maven projects] INFO  o.e.m.c.i.e.AbstractTransferListenerAdapter - Downloaded https://repo.maven.apache.org/maven2/org/apache/logging/log4j/log4j-bom/2.17.1/log4j-bom-2.17.1.pom
2025-03-16 18:28:28,389 [Worker-29: Importing Maven projects] INFO  o.e.m.c.i.e.AbstractTransferListenerAdapter - Downloading https://repo.maven.apache.org/maven2/org/apache/logging/logging-parent/3/logging-parent-3.pom
2025-03-16 18:28:28,424 [Worker-29: Importing Maven projects] INFO  o.e.m.c.i.e.AbstractTransferListenerAdapter - Downloaded https://repo.maven.apache.org/maven2/org/apache/logging/logging-parent/3/logging-parent-3.pom
2025-03-16 18:28:28,513 [Worker-29: Importing Maven projects] INFO  o.e.m.c.i.e.AbstractTransferListenerAdapter - Downloading https://repo.maven.apache.org/maven2/io/micrometer/micrometer-bom/1.8.2/micrometer-bom-1.8.2.pom
2025-03-16 18:28:28,554 [Worker-29: Importing Maven projects] INFO  o.e.m.c.i.e.AbstractTransferListenerAdapter - Downloaded https://repo.maven.apache.org/maven2/io/micrometer/micrometer-bom/1.8.2/micrometer-bom-1.8.2.pom
2025-03-16 18:28:28,642 [Worker-29: Importing Maven projects] INFO  o.e.m.c.i.e.AbstractTransferListenerAdapter - Downloading https://repo.maven.apache.org/maven2/io/netty/netty-bom/4.1.73.Final/netty-bom-4.1.73.Final.pom
2025-03-16 18:28:28,686 [Worker-29: Importing Maven projects] INFO  o.e.m.c.i.e.AbstractTransferListenerAdapter - Downloaded https://repo.maven.apache.org/maven2/io/netty/netty-bom/4.1.73.Final/netty-bom-4.1.73.Final.pom
2025-03-16 18:28:28,795 [Worker-29: Importing Maven projects] INFO  o.e.m.c.i.e.AbstractTransferListenerAdapter - Downloading https://repo.maven.apache.org/maven2/com/oracle/database/jdbc/ojdbc-bom/21.3.0.0/ojdbc-bom-21.3.0.0.pom
2025-03-16 18:28:28,832 [Worker-29: Importing Maven projects] INFO  o.e.m.c.i.e.AbstractTransferListenerAdapter - Downloaded https://repo.maven.apache.org/maven2/com/oracle/database/jdbc/ojdbc-bom/21.3.0.0/ojdbc-bom-21.3.0.0.pom
2025-03-16 18:28:28,943 [Worker-29: Importing Maven projects] INFO  o.e.m.c.i.e.AbstractTransferListenerAdapter - Downloading https://repo.maven.apache.org/maven2/io/prometheus/simpleclient_bom/0.12.0/simpleclient_bom-0.12.0.pom
2025-03-16 18:28:28,983 [Worker-29: Importing Maven projects] INFO  o.e.m.c.i.e.AbstractTransferListenerAdapter - Downloaded https://repo.maven.apache.org/maven2/io/prometheus/simpleclient_bom/0.12.0/simpleclient_bom-0.12.0.pom
2025-03-16 18:28:29,069 [Worker-29: Importing Maven projects] INFO  o.e.m.c.i.e.AbstractTransferListenerAdapter - Downloading https://repo.maven.apache.org/maven2/io/prometheus/parent/0.12.0/parent-0.12.0.pom
2025-03-16 18:28:29,111 [Worker-29: Importing Maven projects] INFO  o.e.m.c.i.e.AbstractTransferListenerAdapter - Downloaded https://repo.maven.apache.org/maven2/io/prometheus/parent/0.12.0/parent-0.12.0.pom
2025-03-16 18:28:29,212 [Worker-29: Importing Maven projects] INFO  o.e.m.c.i.e.AbstractTransferListenerAdapter - Downloading https://repo.maven.apache.org/maven2/com/querydsl/querydsl-bom/5.0.0/querydsl-bom-5.0.0.pom
2025-03-16 18:28:29,259 [Worker-29: Importing Maven projects] INFO  o.e.m.c.i.e.AbstractTransferListenerAdapter - Downloaded https://repo.maven.apache.org/maven2/com/querydsl/querydsl-bom/5.0.0/querydsl-bom-5.0.0.pom
2025-03-16 18:28:29,349 [Worker-29: Importing Maven projects] INFO  o.e.m.c.i.e.AbstractTransferListenerAdapter - Downloading https://repo.maven.apache.org/maven2/io/r2dbc/r2dbc-bom/Arabba-SR12/r2dbc-bom-Arabba-SR12.pom
2025-03-16 18:28:29,398 [Worker-29: Importing Maven projects] INFO  o.e.m.c.i.e.AbstractTransferListenerAdapter - Downloaded https://repo.maven.apache.org/maven2/io/r2dbc/r2dbc-bom/Arabba-SR12/r2dbc-bom-Arabba-SR12.pom
2025-03-16 18:28:29,502 [Worker-29: Importing Maven projects] INFO  o.e.m.c.i.e.AbstractTransferListenerAdapter - Downloading https://repo.maven.apache.org/maven2/io/projectreactor/reactor-bom/2020.0.15/reactor-bom-2020.0.15.pom
2025-03-16 18:28:29,543 [Worker-29: Importing Maven projects] INFO  o.e.m.c.i.e.AbstractTransferListenerAdapter - Downloaded https://repo.maven.apache.org/maven2/io/projectreactor/reactor-bom/2020.0.15/reactor-bom-2020.0.15.pom
2025-03-16 18:28:29,629 [Worker-29: Importing Maven projects] INFO  o.e.m.c.i.e.AbstractTransferListenerAdapter - Downloading https://repo.maven.apache.org/maven2/io/rsocket/rsocket-bom/1.1.1/rsocket-bom-1.1.1.pom
2025-03-16 18:28:29,665 [Worker-29: Importing Maven projects] INFO  o.e.m.c.i.e.AbstractTransferListenerAdapter - Downloaded https://repo.maven.apache.org/maven2/io/rsocket/rsocket-bom/1.1.1/rsocket-bom-1.1.1.pom
2025-03-16 18:28:29,753 [Worker-29: Importing Maven projects] INFO  o.e.m.c.i.e.AbstractTransferListenerAdapter - Downloading https://repo.maven.apache.org/maven2/org/springframework/data/spring-data-bom/2021.1.1/spring-data-bom-2021.1.1.pom
2025-03-16 18:28:29,796 [Worker-29: Importing Maven projects] INFO  o.e.m.c.i.e.AbstractTransferListenerAdapter - Downloaded https://repo.maven.apache.org/maven2/org/springframework/data/spring-data-bom/2021.1.1/spring-data-bom-2021.1.1.pom
2025-03-16 18:28:29,899 [Worker-29: Importing Maven projects] INFO  o.e.m.c.i.e.AbstractTransferListenerAdapter - Downloading https://repo.maven.apache.org/maven2/org/springframework/spring-framework-bom/5.3.15/spring-framework-bom-5.3.15.pom
2025-03-16 18:28:29,947 [Worker-29: Importing Maven projects] INFO  o.e.m.c.i.e.AbstractTransferListenerAdapter - Downloaded https://repo.maven.apache.org/maven2/org/springframework/spring-framework-bom/5.3.15/spring-framework-bom-5.3.15.pom
2025-03-16 18:28:30,029 [Worker-29: Importing Maven projects] INFO  o.e.m.c.i.e.AbstractTransferListenerAdapter - Downloading https://repo.maven.apache.org/maven2/org/springframework/integration/spring-integration-bom/5.5.8/spring-integration-bom-5.5.8.pom
2025-03-16 18:28:30,072 [Worker-29: Importing Maven projects] INFO  o.e.m.c.i.e.AbstractTransferListenerAdapter - Downloaded https://repo.maven.apache.org/maven2/org/springframework/integration/spring-integration-bom/5.5.8/spring-integration-bom-5.5.8.pom
2025-03-16 18:28:30,160 [Worker-29: Importing Maven projects] INFO  o.e.m.c.i.e.AbstractTransferListenerAdapter - Downloading https://repo.maven.apache.org/maven2/org/springframework/security/spring-security-bom/5.6.1/spring-security-bom-5.6.1.pom
2025-03-16 18:28:30,193 [Worker-29: Importing Maven projects] INFO  o.e.m.c.i.e.AbstractTransferListenerAdapter - Downloaded https://repo.maven.apache.org/maven2/org/springframework/security/spring-security-bom/5.6.1/spring-security-bom-5.6.1.pom
2025-03-16 18:28:30,272 [Worker-29: Importing Maven projects] INFO  o.e.m.c.i.e.AbstractTransferListenerAdapter - Downloading https://repo.maven.apache.org/maven2/org/springframework/session/spring-session-bom/2021.1.1/spring-session-bom-2021.1.1.pom
2025-03-16 18:28:30,320 [Worker-29: Importing Maven projects] INFO  o.e.m.c.i.e.AbstractTransferListenerAdapter - Downloaded https://repo.maven.apache.org/maven2/org/springframework/session/spring-session-bom/2021.1.1/spring-session-bom-2021.1.1.pom
2025-03-16 18:28:31,057 [Worker-29: Importing Maven projects] INFO  o.e.m.c.i.e.AbstractTransferListenerAdapter - Downloading https://repo.maven.apache.org/maven2/org/springframework/boot/spring-boot-maven-plugin/2.6.3/spring-boot-maven-plugin-2.6.3.pom
2025-03-16 18:28:31,107 [Worker-29: Importing Maven projects] INFO  o.e.m.c.i.e.AbstractTransferListenerAdapter - Downloaded https://repo.maven.apache.org/maven2/org/springframework/boot/spring-boot-maven-plugin/2.6.3/spring-boot-maven-plugin-2.6.3.pom
2025-03-16 18:28:31,194 [Worker-29: Importing Maven projects] INFO  o.e.m.c.i.e.AbstractTransferListenerAdapter - Downloading https://repo.maven.apache.org/maven2/org/springframework/boot/spring-boot-maven-plugin/2.6.3/spring-boot-maven-plugin-2.6.3.jar
2025-03-16 18:28:31,265 [Worker-29: Importing Maven projects] INFO  o.e.m.c.i.e.AbstractTransferListenerAdapter - Downloaded https://repo.maven.apache.org/maven2/org/springframework/boot/spring-boot-maven-plugin/2.6.3/spring-boot-maven-plugin-2.6.3.jar
2025-03-16 18:28:31,394 [Worker-29: Importing Maven projects] INFO  o.e.m.c.i.e.AbstractTransferListenerAdapter - Downloading https://repo.maven.apache.org/maven2/org/apache/maven/plugins/maven-clean-plugin/3.1.0/maven-clean-plugin-3.1.0.jar
2025-03-16 18:28:31,837 [Worker-29: Importing Maven projects] INFO  o.e.m.c.i.e.AbstractTransferListenerAdapter - Downloaded https://repo.maven.apache.org/maven2/org/apache/maven/plugins/maven-clean-plugin/3.1.0/maven-clean-plugin-3.1.0.jar
2025-03-16 18:28:32,124 [Worker-29: Importing Maven projects] INFO  o.e.m.c.i.e.AbstractTransferListenerAdapter - Downloading https://repo.maven.apache.org/maven2/org/apache/maven/plugins/maven-resources-plugin/3.2.0/maven-resources-plugin-3.2.0.jar
2025-03-16 18:28:32,487 [Worker-29: Importing Maven projects] INFO  o.e.m.c.i.e.AbstractTransferListenerAdapter - Downloaded https://repo.maven.apache.org/maven2/org/apache/maven/plugins/maven-resources-plugin/3.2.0/maven-resources-plugin-3.2.0.jar
2025-03-16 18:28:32,737 [Worker-29: Importing Maven projects] INFO  o.e.m.c.i.e.AbstractTransferListenerAdapter - Downloading https://repo.maven.apache.org/maven2/org/apache/maven/plugins/maven-compiler-plugin/3.8.1/maven-compiler-plugin-3.8.1.jar
2025-03-16 18:28:32,806 [Worker-29: Importing Maven projects] INFO  o.e.m.c.i.e.AbstractTransferListenerAdapter - Downloaded https://repo.maven.apache.org/maven2/org/apache/maven/plugins/maven-compiler-plugin/3.8.1/maven-compiler-plugin-3.8.1.jar
2025-03-16 18:28:32,910 [Worker-29: Importing Maven projects] INFO  o.e.m.c.i.e.AbstractTransferListenerAdapter - Downloading https://repo.maven.apache.org/maven2/org/apache/maven/plugins/maven-surefire-plugin/2.22.2/maven-surefire-plugin-2.22.2.jar
2025-03-16 18:28:33,170 [Worker-29: Importing Maven projects] INFO  o.e.m.c.i.e.AbstractTransferListenerAdapter - Downloaded https://repo.maven.apache.org/maven2/org/apache/maven/plugins/maven-surefire-plugin/2.22.2/maven-surefire-plugin-2.22.2.jar
2025-03-16 18:28:33,370 [Worker-29: Importing Maven projects] INFO  o.e.m.c.i.e.AbstractTransferListenerAdapter - Downloading https://repo.maven.apache.org/maven2/org/apache/maven/plugins/maven-jar-plugin/3.2.2/maven-jar-plugin-3.2.2.jar
2025-03-16 18:28:33,684 [Worker-29: Importing Maven projects] INFO  o.e.m.c.i.e.AbstractTransferListenerAdapter - Downloaded https://repo.maven.apache.org/maven2/org/apache/maven/plugins/maven-jar-plugin/3.2.2/maven-jar-plugin-3.2.2.jar
2025-03-16 18:28:33,931 [Worker-29: Importing Maven projects] INFO  o.e.m.c.i.e.AbstractTransferListenerAdapter - Downloading https://repo.maven.apache.org/maven2/org/apache/maven/plugins/maven-install-plugin/2.5.2/maven-install-plugin-2.5.2.jar
2025-03-16 18:28:34,276 [Worker-29: Importing Maven projects] INFO  o.e.m.c.i.e.AbstractTransferListenerAdapter - Downloaded https://repo.maven.apache.org/maven2/org/apache/maven/plugins/maven-install-plugin/2.5.2/maven-install-plugin-2.5.2.jar
2025-03-16 18:28:34,538 [Worker-29: Importing Maven projects] INFO  o.e.m.c.i.e.AbstractTransferListenerAdapter - Downloading https://repo.maven.apache.org/maven2/org/apache/maven/plugins/maven-deploy-plugin/2.8.2/maven-deploy-plugin-2.8.2.jar
2025-03-16 18:28:34,878 [Worker-29: Importing Maven projects] INFO  o.e.m.c.i.e.AbstractTransferListenerAdapter - Downloaded https://repo.maven.apache.org/maven2/org/apache/maven/plugins/maven-deploy-plugin/2.8.2/maven-deploy-plugin-2.8.2.jar
2025-03-16 18:28:35,176 [Worker-29: Importing Maven projects] INFO  o.e.m.c.i.e.AbstractTransferListenerAdapter - Downloading https://repo.maven.apache.org/maven2/org/apache/maven/plugins/maven-compiler-plugin/3.8.1/maven-compiler-plugin-3.8.1.pom
2025-03-16 18:28:35,214 [Worker-29: Importing Maven projects] INFO  o.e.m.c.i.e.AbstractTransferListenerAdapter - Downloaded https://repo.maven.apache.org/maven2/org/apache/maven/plugins/maven-compiler-plugin/3.8.1/maven-compiler-plugin-3.8.1.pom
2025-03-16 18:28:35,310 [Worker-29: Importing Maven projects] INFO  o.e.m.c.i.e.AbstractTransferListenerAdapter - Downloading https://repo.maven.apache.org/maven2/org/apache/maven/plugins/maven-plugins/33/maven-plugins-33.pom
2025-03-16 18:28:35,355 [Worker-29: Importing Maven projects] INFO  o.e.m.c.i.e.AbstractTransferListenerAdapter - Downloaded https://repo.maven.apache.org/maven2/org/apache/maven/plugins/maven-plugins/33/maven-plugins-33.pom
2025-03-16 18:28:35,453 [Worker-29: Importing Maven projects] INFO  o.e.m.c.i.e.AbstractTransferListenerAdapter - Downloading https://repo.maven.apache.org/maven2/org/apache/maven/maven-parent/33/maven-parent-33.pom
2025-03-16 18:28:35,510 [Worker-29: Importing Maven projects] INFO  o.e.m.c.i.e.AbstractTransferListenerAdapter - Downloaded https://repo.maven.apache.org/maven2/org/apache/maven/maven-parent/33/maven-parent-33.pom
2025-03-16 18:28:35,603 [Worker-29: Importing Maven projects] INFO  o.e.m.c.i.e.AbstractTransferListenerAdapter - Downloading https://repo.maven.apache.org/maven2/org/apache/apache/21/apache-21.pom
2025-03-16 18:28:35,652 [Worker-29: Importing Maven projects] INFO  o.e.m.c.i.e.AbstractTransferListenerAdapter - Downloaded https://repo.maven.apache.org/maven2/org/apache/apache/21/apache-21.pom
2025-03-16 18:28:35,771 [Worker-29: Importing Maven projects] INFO  o.e.m.c.i.e.AbstractTransferListenerAdapter - Downloading https://repo.maven.apache.org/maven2/org/apache/maven/maven-plugin-api/3.0/maven-plugin-api-3.0.pom
2025-03-16 18:28:35,807 [Worker-29: Importing Maven projects] INFO  o.e.m.c.i.e.AbstractTransferListenerAdapter - Downloaded https://repo.maven.apache.org/maven2/org/apache/maven/maven-plugin-api/3.0/maven-plugin-api-3.0.pom
2025-03-16 18:28:35,888 [Worker-29: Importing Maven projects] INFO  o.e.m.c.i.e.AbstractTransferListenerAdapter - Downloading https://repo.maven.apache.org/maven2/org/apache/maven/maven/3.0/maven-3.0.pom
2025-03-16 18:28:35,939 [Worker-29: Importing Maven projects] INFO  o.e.m.c.i.e.AbstractTransferListenerAdapter - Downloaded https://repo.maven.apache.org/maven2/org/apache/maven/maven/3.0/maven-3.0.pom
2025-03-16 18:28:36,029 [Worker-29: Importing Maven projects] INFO  o.e.m.c.i.e.AbstractTransferListenerAdapter - Downloading https://repo.maven.apache.org/maven2/org/apache/maven/maven-parent/15/maven-parent-15.pom
2025-03-16 18:28:36,074 [Worker-29: Importing Maven projects] INFO  o.e.m.c.i.e.AbstractTransferListenerAdapter - Downloaded https://repo.maven.apache.org/maven2/org/apache/maven/maven-parent/15/maven-parent-15.pom
2025-03-16 18:28:36,179 [Worker-29: Importing Maven projects] INFO  o.e.m.c.i.e.AbstractTransferListenerAdapter - Downloading https://repo.maven.apache.org/maven2/org/apache/apache/6/apache-6.pom
2025-03-16 18:28:36,212 [Worker-29: Importing Maven projects] INFO  o.e.m.c.i.e.AbstractTransferListenerAdapter - Downloaded https://repo.maven.apache.org/maven2/org/apache/apache/6/apache-6.pom
2025-03-16 18:28:36,323 [Worker-29: Importing Maven projects] INFO  o.e.m.c.i.e.AbstractTransferListenerAdapter - Downloading https://repo.maven.apache.org/maven2/org/apache/maven/maven-model/3.0/maven-model-3.0.pom
2025-03-16 18:28:36,357 [Worker-29: Importing Maven projects] INFO  o.e.m.c.i.e.AbstractTransferListenerAdapter - Downloaded https://repo.maven.apache.org/maven2/org/apache/maven/maven-model/3.0/maven-model-3.0.pom
2025-03-16 18:28:36,445 [Worker-29: Importing Maven projects] INFO  o.e.m.c.i.e.AbstractTransferListenerAdapter - Downloading https://repo.maven.apache.org/maven2/org/codehaus/plexus/plexus-utils/2.0.4/plexus-utils-2.0.4.pom
2025-03-16 18:28:36,486 [Worker-29: Importing Maven projects] INFO  o.e.m.c.i.e.AbstractTransferListenerAdapter - Downloaded https://repo.maven.apache.org/maven2/org/codehaus/plexus/plexus-utils/2.0.4/plexus-utils-2.0.4.pom
2025-03-16 18:28:36,578 [Worker-29: Importing Maven projects] INFO  o.e.m.c.i.e.AbstractTransferListenerAdapter - Downloading https://repo.maven.apache.org/maven2/org/codehaus/plexus/plexus/2.0.6/plexus-2.0.6.pom
2025-03-16 18:28:36,618 [Worker-29: Importing Maven projects] INFO  o.e.m.c.i.e.AbstractTransferListenerAdapter - Downloaded https://repo.maven.apache.org/maven2/org/codehaus/plexus/plexus/2.0.6/plexus-2.0.6.pom
2025-03-16 18:28:36,749 [Worker-29: Importing Maven projects] INFO  o.e.m.c.i.e.AbstractTransferListenerAdapter - Downloading https://repo.maven.apache.org/maven2/org/apache/maven/maven-artifact/3.0/maven-artifact-3.0.pom
2025-03-16 18:28:36,782 [Worker-29: Importing Maven projects] INFO  o.e.m.c.i.e.AbstractTransferListenerAdapter - Downloaded https://repo.maven.apache.org/maven2/org/apache/maven/maven-artifact/3.0/maven-artifact-3.0.pom
2025-03-16 18:28:36,874 [Worker-29: Importing Maven projects] INFO  o.e.m.c.i.e.AbstractTransferListenerAdapter - Downloading https://repo.maven.apache.org/maven2/org/sonatype/sisu/sisu-inject-plexus/1.4.2/sisu-inject-plexus-1.4.2.pom
2025-03-16 18:28:36,917 [Worker-29: Importing Maven projects] INFO  o.e.m.c.i.e.AbstractTransferListenerAdapter - Downloaded https://repo.maven.apache.org/maven2/org/sonatype/sisu/sisu-inject-plexus/1.4.2/sisu-inject-plexus-1.4.2.pom
2025-03-16 18:28:37,014 [Worker-29: Importing Maven projects] INFO  o.e.m.c.i.e.AbstractTransferListenerAdapter - Downloading https://repo.maven.apache.org/maven2/org/sonatype/sisu/inject/guice-plexus/1.4.2/guice-plexus-1.4.2.pom
2025-03-16 18:28:37,046 [Worker-29: Importing Maven projects] INFO  o.e.m.c.i.e.AbstractTransferListenerAdapter - Downloaded https://repo.maven.apache.org/maven2/org/sonatype/sisu/inject/guice-plexus/1.4.2/guice-plexus-1.4.2.pom
2025-03-16 18:28:37,133 [Worker-29: Importing Maven projects] INFO  o.e.m.c.i.e.AbstractTransferListenerAdapter - Downloading https://repo.maven.apache.org/maven2/org/sonatype/sisu/inject/guice-bean/1.4.2/guice-bean-1.4.2.pom
2025-03-16 18:28:37,176 [Worker-29: Importing Maven projects] INFO  o.e.m.c.i.e.AbstractTransferListenerAdapter - Downloaded https://repo.maven.apache.org/maven2/org/sonatype/sisu/inject/guice-bean/1.4.2/guice-bean-1.4.2.pom
2025-03-16 18:28:37,269 [Worker-29: Importing Maven projects] INFO  o.e.m.c.i.e.AbstractTransferListenerAdapter - Downloading https://repo.maven.apache.org/maven2/org/sonatype/sisu/sisu-inject/1.4.2/sisu-inject-1.4.2.pom
2025-03-16 18:28:37,300 [Worker-29: Importing Maven projects] INFO  o.e.m.c.i.e.AbstractTransferListenerAdapter - Downloaded https://repo.maven.apache.org/maven2/org/sonatype/sisu/sisu-inject/1.4.2/sisu-inject-1.4.2.pom
2025-03-16 18:28:37,396 [Worker-29: Importing Maven projects] INFO  o.e.m.c.i.e.AbstractTransferListenerAdapter - Downloading https://repo.maven.apache.org/maven2/org/sonatype/sisu/sisu-parent/1.4.2/sisu-parent-1.4.2.pom
2025-03-16 18:28:37,432 [Worker-29: Importing Maven projects] INFO  o.e.m.c.i.e.AbstractTransferListenerAdapter - Downloaded https://repo.maven.apache.org/maven2/org/sonatype/sisu/sisu-parent/1.4.2/sisu-parent-1.4.2.pom
2025-03-16 18:28:37,519 [Worker-29: Importing Maven projects] INFO  o.e.m.c.i.e.AbstractTransferListenerAdapter - Downloading https://repo.maven.apache.org/maven2/org/sonatype/forge/forge-parent/6/forge-parent-6.pom
2025-03-16 18:28:37,567 [Worker-29: Importing Maven projects] INFO  o.e.m.c.i.e.AbstractTransferListenerAdapter - Downloaded https://repo.maven.apache.org/maven2/org/sonatype/forge/forge-parent/6/forge-parent-6.pom
2025-03-16 18:28:37,680 [Worker-29: Importing Maven projects] INFO  o.e.m.c.i.e.AbstractTransferListenerAdapter - Downloading https://repo.maven.apache.org/maven2/org/codehaus/plexus/plexus-component-annotations/1.7.1/plexus-component-annotations-1.7.1.pom
2025-03-16 18:28:37,711 [Worker-29: Importing Maven projects] INFO  o.e.m.c.i.e.AbstractTransferListenerAdapter - Downloaded https://repo.maven.apache.org/maven2/org/codehaus/plexus/plexus-component-annotations/1.7.1/plexus-component-annotations-1.7.1.pom
2025-03-16 18:28:37,795 [Worker-29: Importing Maven projects] INFO  o.e.m.c.i.e.AbstractTransferListenerAdapter - Downloading https://repo.maven.apache.org/maven2/org/codehaus/plexus/plexus-containers/1.7.1/plexus-containers-1.7.1.pom
2025-03-16 18:28:37,839 [Worker-29: Importing Maven projects] INFO  o.e.m.c.i.e.AbstractTransferListenerAdapter - Downloaded https://repo.maven.apache.org/maven2/org/codehaus/plexus/plexus-containers/1.7.1/plexus-containers-1.7.1.pom
2025-03-16 18:28:37,918 [Worker-29: Importing Maven projects] INFO  o.e.m.c.i.e.AbstractTransferListenerAdapter - Downloading https://repo.maven.apache.org/maven2/org/codehaus/plexus/plexus/4.0/plexus-4.0.pom
2025-03-16 18:28:37,965 [Worker-29: Importing Maven projects] INFO  o.e.m.c.i.e.AbstractTransferListenerAdapter - Downloaded https://repo.maven.apache.org/maven2/org/codehaus/plexus/plexus/4.0/plexus-4.0.pom
2025-03-16 18:28:38,060 [Worker-29: Importing Maven projects] INFO  o.e.m.c.i.e.AbstractTransferListenerAdapter - Downloading https://repo.maven.apache.org/maven2/org/sonatype/forge/forge-parent/10/forge-parent-10.pom
2025-03-16 18:28:38,106 [Worker-29: Importing Maven projects] INFO  o.e.m.c.i.e.AbstractTransferListenerAdapter - Downloaded https://repo.maven.apache.org/maven2/org/sonatype/forge/forge-parent/10/forge-parent-10.pom
2025-03-16 18:28:38,197 [Worker-29: Importing Maven projects] INFO  o.e.m.c.i.e.AbstractTransferListenerAdapter - Downloading https://repo.maven.apache.org/maven2/org/codehaus/plexus/plexus-classworlds/2.2.3/plexus-classworlds-2.2.3.pom
2025-03-16 18:28:38,241 [Worker-29: Importing Maven projects] INFO  o.e.m.c.i.e.AbstractTransferListenerAdapter - Downloaded https://repo.maven.apache.org/maven2/org/codehaus/plexus/plexus-classworlds/2.2.3/plexus-classworlds-2.2.3.pom
2025-03-16 18:28:38,328 [Worker-29: Importing Maven projects] INFO  o.e.m.c.i.e.AbstractTransferListenerAdapter - Downloading https://repo.maven.apache.org/maven2/org/codehaus/plexus/plexus-utils/2.0.5/plexus-utils-2.0.5.pom
2025-03-16 18:28:38,366 [Worker-29: Importing Maven projects] INFO  o.e.m.c.i.e.AbstractTransferListenerAdapter - Downloaded https://repo.maven.apache.org/maven2/org/codehaus/plexus/plexus-utils/2.0.5/plexus-utils-2.0.5.pom
2025-03-16 18:28:38,456 [Worker-29: Importing Maven projects] INFO  o.e.m.c.i.e.AbstractTransferListenerAdapter - Downloading https://repo.maven.apache.org/maven2/org/sonatype/sisu/sisu-inject-bean/1.4.2/sisu-inject-bean-1.4.2.pom
2025-03-16 18:28:38,491 [Worker-29: Importing Maven projects] INFO  o.e.m.c.i.e.AbstractTransferListenerAdapter - Downloaded https://repo.maven.apache.org/maven2/org/sonatype/sisu/sisu-inject-bean/1.4.2/sisu-inject-bean-1.4.2.pom
2025-03-16 18:28:38,583 [Worker-29: Importing Maven projects] INFO  o.e.m.c.i.e.AbstractTransferListenerAdapter - Downloading https://repo.maven.apache.org/maven2/org/sonatype/sisu/sisu-guice/2.1.7/sisu-guice-2.1.7.pom
2025-03-16 18:28:38,618 [Worker-29: Importing Maven projects] INFO  o.e.m.c.i.e.AbstractTransferListenerAdapter - Downloaded https://repo.maven.apache.org/maven2/org/sonatype/sisu/sisu-guice/2.1.7/sisu-guice-2.1.7.pom
2025-03-16 18:28:38,710 [Worker-29: Importing Maven projects] INFO  o.e.m.c.i.e.AbstractTransferListenerAdapter - Downloading https://repo.maven.apache.org/maven2/org/apache/maven/maven-core/3.0/maven-core-3.0.pom
2025-03-16 18:28:38,750 [Worker-29: Importing Maven projects] INFO  o.e.m.c.i.e.AbstractTransferListenerAdapter - Downloaded https://repo.maven.apache.org/maven2/org/apache/maven/maven-core/3.0/maven-core-3.0.pom
2025-03-16 18:28:38,841 [Worker-29: Importing Maven projects] INFO  o.e.m.c.i.e.AbstractTransferListenerAdapter - Downloading https://repo.maven.apache.org/maven2/org/apache/maven/maven-settings/3.0/maven-settings-3.0.pom
2025-03-16 18:28:38,874 [Worker-29: Importing Maven projects] INFO  o.e.m.c.i.e.AbstractTransferListenerAdapter - Downloaded https://repo.maven.apache.org/maven2/org/apache/maven/maven-settings/3.0/maven-settings-3.0.pom
2025-03-16 18:28:38,955 [Worker-29: Importing Maven projects] INFO  o.e.m.c.i.e.AbstractTransferListenerAdapter - Downloading https://repo.maven.apache.org/maven2/org/apache/maven/maven-settings-builder/3.0/maven-settings-builder-3.0.pom
2025-03-16 18:28:39,000 [Worker-29: Importing Maven projects] INFO  o.e.m.c.i.e.AbstractTransferListenerAdapter - Downloaded https://repo.maven.apache.org/maven2/org/apache/maven/maven-settings-builder/3.0/maven-settings-builder-3.0.pom
2025-03-16 18:28:39,092 [Worker-29: Importing Maven projects] INFO  o.e.m.c.i.e.AbstractTransferListenerAdapter - Downloading https://repo.maven.apache.org/maven2/org/codehaus/plexus/plexus-interpolation/1.14/plexus-interpolation-1.14.pom
2025-03-16 18:28:39,133 [Worker-29: Importing Maven projects] INFO  o.e.m.c.i.e.AbstractTransferListenerAdapter - Downloaded https://repo.maven.apache.org/maven2/org/codehaus/plexus/plexus-interpolation/1.14/plexus-interpolation-1.14.pom
2025-03-16 18:28:39,226 [Worker-29: Importing Maven projects] INFO  o.e.m.c.i.e.AbstractTransferListenerAdapter - Downloading https://repo.maven.apache.org/maven2/org/codehaus/plexus/plexus-components/1.1.18/plexus-components-1.1.18.pom
2025-03-16 18:28:39,258 [Worker-29: Importing Maven projects] INFO  o.e.m.c.i.e.AbstractTransferListenerAdapter - Downloaded https://repo.maven.apache.org/maven2/org/codehaus/plexus/plexus-components/1.1.18/plexus-components-1.1.18.pom
2025-03-16 18:28:39,339 [Worker-29: Importing Maven projects] INFO  o.e.m.c.i.e.AbstractTransferListenerAdapter - Downloading https://repo.maven.apache.org/maven2/org/codehaus/plexus/plexus/2.0.7/plexus-2.0.7.pom
2025-03-16 18:28:39,385 [Worker-29: Importing Maven projects] INFO  o.e.m.c.i.e.AbstractTransferListenerAdapter - Downloaded https://repo.maven.apache.org/maven2/org/codehaus/plexus/plexus/2.0.7/plexus-2.0.7.pom
2025-03-16 18:28:39,478 [Worker-29: Importing Maven projects] INFO  o.e.m.c.i.e.AbstractTransferListenerAdapter - Downloading https://repo.maven.apache.org/maven2/org/sonatype/plexus/plexus-sec-dispatcher/1.3/plexus-sec-dispatcher-1.3.pom
2025-03-16 18:28:39,534 [Worker-29: Importing Maven projects] INFO  o.e.m.c.i.e.AbstractTransferListenerAdapter - Downloaded https://repo.maven.apache.org/maven2/org/sonatype/plexus/plexus-sec-dispatcher/1.3/plexus-sec-dispatcher-1.3.pom
2025-03-16 18:28:39,625 [Worker-29: Importing Maven projects] INFO  o.e.m.c.i.e.AbstractTransferListenerAdapter - Downloading https://repo.maven.apache.org/maven2/org/sonatype/spice/spice-parent/12/spice-parent-12.pom
2025-03-16 18:28:39,667 [Worker-29: Importing Maven projects] INFO  o.e.m.c.i.e.AbstractTransferListenerAdapter - Downloaded https://repo.maven.apache.org/maven2/org/sonatype/spice/spice-parent/12/spice-parent-12.pom
2025-03-16 18:28:39,750 [Worker-29: Importing Maven projects] INFO  o.e.m.c.i.e.AbstractTransferListenerAdapter - Downloading https://repo.maven.apache.org/maven2/org/sonatype/forge/forge-parent/4/forge-parent-4.pom
2025-03-16 18:28:39,796 [Worker-29: Importing Maven projects] INFO  o.e.m.c.i.e.AbstractTransferListenerAdapter - Downloaded https://repo.maven.apache.org/maven2/org/sonatype/forge/forge-parent/4/forge-parent-4.pom
2025-03-16 18:28:39,894 [Worker-29: Importing Maven projects] INFO  o.e.m.c.i.e.AbstractTransferListenerAdapter - Downloading https://repo.maven.apache.org/maven2/org/codehaus/plexus/plexus-utils/1.5.5/plexus-utils-1.5.5.pom
2025-03-16 18:28:39,938 [Worker-29: Importing Maven projects] INFO  o.e.m.c.i.e.AbstractTransferListenerAdapter - Downloaded https://repo.maven.apache.org/maven2/org/codehaus/plexus/plexus-utils/1.5.5/plexus-utils-1.5.5.pom
2025-03-16 18:28:40,031 [Worker-29: Importing Maven projects] INFO  o.e.m.c.i.e.AbstractTransferListenerAdapter - Downloading https://repo.maven.apache.org/maven2/org/codehaus/plexus/plexus/1.0.11/plexus-1.0.11.pom
2025-03-16 18:28:40,072 [Worker-29: Importing Maven projects] INFO  o.e.m.c.i.e.AbstractTransferListenerAdapter - Downloaded https://repo.maven.apache.org/maven2/org/codehaus/plexus/plexus/1.0.11/plexus-1.0.11.pom
2025-03-16 18:28:40,172 [Worker-29: Importing Maven projects] INFO  o.e.m.c.i.e.AbstractTransferListenerAdapter - Downloading https://repo.maven.apache.org/maven2/org/sonatype/plexus/plexus-cipher/1.4/plexus-cipher-1.4.pom
2025-03-16 18:28:40,213 [Worker-29: Importing Maven projects] INFO  o.e.m.c.i.e.AbstractTransferListenerAdapter - Downloaded https://repo.maven.apache.org/maven2/org/sonatype/plexus/plexus-cipher/1.4/plexus-cipher-1.4.pom
2025-03-16 18:28:40,297 [Worker-29: Importing Maven projects] INFO  o.e.m.c.i.e.AbstractTransferListenerAdapter - Downloading https://repo.maven.apache.org/maven2/org/apache/maven/maven-repository-metadata/3.0/maven-repository-metadata-3.0.pom
2025-03-16 18:28:40,341 [Worker-29: Importing Maven projects] INFO  o.e.m.c.i.e.AbstractTransferListenerAdapter - Downloaded https://repo.maven.apache.org/maven2/org/apache/maven/maven-repository-metadata/3.0/maven-repository-metadata-3.0.pom
2025-03-16 18:28:40,423 [Worker-29: Importing Maven projects] INFO  o.e.m.c.i.e.AbstractTransferListenerAdapter - Downloading https://repo.maven.apache.org/maven2/org/apache/maven/maven-model-builder/3.0/maven-model-builder-3.0.pom
2025-03-16 18:28:40,464 [Worker-29: Importing Maven projects] INFO  o.e.m.c.i.e.AbstractTransferListenerAdapter - Downloaded https://repo.maven.apache.org/maven2/org/apache/maven/maven-model-builder/3.0/maven-model-builder-3.0.pom
2025-03-16 18:28:40,546 [Worker-29: Importing Maven projects] INFO  o.e.m.c.i.e.AbstractTransferListenerAdapter - Downloading https://repo.maven.apache.org/maven2/org/apache/maven/maven-aether-provider/3.0/maven-aether-provider-3.0.pom
2025-03-16 18:28:40,587 [Worker-29: Importing Maven projects] INFO  o.e.m.c.i.e.AbstractTransferListenerAdapter - Downloaded https://repo.maven.apache.org/maven2/org/apache/maven/maven-aether-provider/3.0/maven-aether-provider-3.0.pom
2025-03-16 18:28:40,679 [Worker-29: Importing Maven projects] INFO  o.e.m.c.i.e.AbstractTransferListenerAdapter - Downloading https://repo.maven.apache.org/maven2/org/sonatype/aether/aether-api/1.7/aether-api-1.7.pom
2025-03-16 18:28:40,713 [Worker-29: Importing Maven projects] INFO  o.e.m.c.i.e.AbstractTransferListenerAdapter - Downloaded https://repo.maven.apache.org/maven2/org/sonatype/aether/aether-api/1.7/aether-api-1.7.pom
2025-03-16 18:28:40,794 [Worker-29: Importing Maven projects] INFO  o.e.m.c.i.e.AbstractTransferListenerAdapter - Downloading https://repo.maven.apache.org/maven2/org/sonatype/aether/aether-parent/1.7/aether-parent-1.7.pom
2025-03-16 18:28:40,836 [Worker-29: Importing Maven projects] INFO  o.e.m.c.i.e.AbstractTransferListenerAdapter - Downloaded https://repo.maven.apache.org/maven2/org/sonatype/aether/aether-parent/1.7/aether-parent-1.7.pom
2025-03-16 18:28:40,923 [Worker-29: Importing Maven projects] INFO  o.e.m.c.i.e.AbstractTransferListenerAdapter - Downloading https://repo.maven.apache.org/maven2/org/sonatype/aether/aether-util/1.7/aether-util-1.7.pom
2025-03-16 18:28:40,965 [Worker-29: Importing Maven projects] INFO  o.e.m.c.i.e.AbstractTransferListenerAdapter - Downloaded https://repo.maven.apache.org/maven2/org/sonatype/aether/aether-util/1.7/aether-util-1.7.pom
2025-03-16 18:28:41,046 [Worker-29: Importing Maven projects] INFO  o.e.m.c.i.e.AbstractTransferListenerAdapter - Downloading https://repo.maven.apache.org/maven2/org/sonatype/aether/aether-impl/1.7/aether-impl-1.7.pom
2025-03-16 18:28:41,090 [Worker-29: Importing Maven projects] INFO  o.e.m.c.i.e.AbstractTransferListenerAdapter - Downloaded https://repo.maven.apache.org/maven2/org/sonatype/aether/aether-impl/1.7/aether-impl-1.7.pom
2025-03-16 18:28:41,173 [Worker-29: Importing Maven projects] INFO  o.e.m.c.i.e.AbstractTransferListenerAdapter - Downloading https://repo.maven.apache.org/maven2/org/sonatype/aether/aether-spi/1.7/aether-spi-1.7.pom
2025-03-16 18:28:41,215 [Worker-29: Importing Maven projects] INFO  o.e.m.c.i.e.AbstractTransferListenerAdapter - Downloaded https://repo.maven.apache.org/maven2/org/sonatype/aether/aether-spi/1.7/aether-spi-1.7.pom
2025-03-16 18:28:41,298 [Worker-29: Importing Maven projects] INFO  o.e.m.c.i.e.AbstractTransferListenerAdapter - Downloading https://repo.maven.apache.org/maven2/org/apache/maven/shared/maven-shared-utils/3.2.1/maven-shared-utils-3.2.1.pom
2025-03-16 18:28:41,344 [Worker-29: Importing Maven projects] INFO  o.e.m.c.i.e.AbstractTransferListenerAdapter - Downloaded https://repo.maven.apache.org/maven2/org/apache/maven/shared/maven-shared-utils/3.2.1/maven-shared-utils-3.2.1.pom
2025-03-16 18:28:41,425 [Worker-29: Importing Maven projects] INFO  o.e.m.c.i.e.AbstractTransferListenerAdapter - Downloading https://repo.maven.apache.org/maven2/org/apache/maven/shared/maven-shared-components/30/maven-shared-components-30.pom
2025-03-16 18:28:41,468 [Worker-29: Importing Maven projects] INFO  o.e.m.c.i.e.AbstractTransferListenerAdapter - Downloaded https://repo.maven.apache.org/maven2/org/apache/maven/shared/maven-shared-components/30/maven-shared-components-30.pom
2025-03-16 18:28:41,549 [Worker-29: Importing Maven projects] INFO  o.e.m.c.i.e.AbstractTransferListenerAdapter - Downloading https://repo.maven.apache.org/maven2/org/apache/maven/maven-parent/30/maven-parent-30.pom
2025-03-16 18:28:41,592 [Worker-29: Importing Maven projects] INFO  o.e.m.c.i.e.AbstractTransferListenerAdapter - Downloaded https://repo.maven.apache.org/maven2/org/apache/maven/maven-parent/30/maven-parent-30.pom
2025-03-16 18:28:41,690 [Worker-29: Importing Maven projects] INFO  o.e.m.c.i.e.AbstractTransferListenerAdapter - Downloading https://repo.maven.apache.org/maven2/org/apache/apache/18/apache-18.pom
2025-03-16 18:28:41,727 [Worker-29: Importing Maven projects] INFO  o.e.m.c.i.e.AbstractTransferListenerAdapter - Downloaded https://repo.maven.apache.org/maven2/org/apache/apache/18/apache-18.pom
2025-03-16 18:28:41,820 [Worker-29: Importing Maven projects] INFO  o.e.m.c.i.e.AbstractTransferListenerAdapter - Downloading https://repo.maven.apache.org/maven2/commons-io/commons-io/2.5/commons-io-2.5.pom
2025-03-16 18:28:41,869 [Worker-29: Importing Maven projects] INFO  o.e.m.c.i.e.AbstractTransferListenerAdapter - Downloaded https://repo.maven.apache.org/maven2/commons-io/commons-io/2.5/commons-io-2.5.pom
2025-03-16 18:28:41,964 [Worker-29: Importing Maven projects] INFO  o.e.m.c.i.e.AbstractTransferListenerAdapter - Downloading https://repo.maven.apache.org/maven2/org/apache/commons/commons-parent/39/commons-parent-39.pom
2025-03-16 18:28:42,019 [Worker-29: Importing Maven projects] INFO  o.e.m.c.i.e.AbstractTransferListenerAdapter - Downloaded https://repo.maven.apache.org/maven2/org/apache/commons/commons-parent/39/commons-parent-39.pom
2025-03-16 18:28:42,123 [Worker-29: Importing Maven projects] INFO  o.e.m.c.i.e.AbstractTransferListenerAdapter - Downloading https://repo.maven.apache.org/maven2/org/apache/apache/16/apache-16.pom
2025-03-16 18:28:42,167 [Worker-29: Importing Maven projects] INFO  o.e.m.c.i.e.AbstractTransferListenerAdapter - Downloaded https://repo.maven.apache.org/maven2/org/apache/apache/16/apache-16.pom
2025-03-16 18:28:42,389 [Worker-29: Importing Maven projects] INFO  o.e.m.c.i.e.AbstractTransferListenerAdapter - Downloading https://repo.maven.apache.org/maven2/org/apache/maven/maven-plugin-api/2.2.1/maven-plugin-api-2.2.1.pom
2025-03-16 18:28:42,430 [Worker-29: Importing Maven projects] INFO  o.e.m.c.i.e.AbstractTransferListenerAdapter - Downloaded https://repo.maven.apache.org/maven2/org/apache/maven/maven-plugin-api/2.2.1/maven-plugin-api-2.2.1.pom
2025-03-16 18:28:42,525 [Worker-29: Importing Maven projects] INFO  o.e.m.c.i.e.AbstractTransferListenerAdapter - Downloading https://repo.maven.apache.org/maven2/org/apache/maven/maven/2.2.1/maven-2.2.1.pom
2025-03-16 18:28:42,563 [Worker-29: Importing Maven projects] INFO  o.e.m.c.i.e.AbstractTransferListenerAdapter - Downloaded https://repo.maven.apache.org/maven2/org/apache/maven/maven/2.2.1/maven-2.2.1.pom
2025-03-16 18:28:42,677 [Worker-29: Importing Maven projects] INFO  o.e.m.c.i.e.AbstractTransferListenerAdapter - Downloading https://repo.maven.apache.org/maven2/org/apache/maven/maven-parent/11/maven-parent-11.pom
2025-03-16 18:28:42,714 [Worker-29: Importing Maven projects] INFO  o.e.m.c.i.e.AbstractTransferListenerAdapter - Downloaded https://repo.maven.apache.org/maven2/org/apache/maven/maven-parent/11/maven-parent-11.pom
2025-03-16 18:28:42,823 [Worker-29: Importing Maven projects] INFO  o.e.m.c.i.e.AbstractTransferListenerAdapter - Downloading https://repo.maven.apache.org/maven2/org/apache/apache/5/apache-5.pom
2025-03-16 18:28:42,859 [Worker-29: Importing Maven projects] INFO  o.e.m.c.i.e.AbstractTransferListenerAdapter - Downloaded https://repo.maven.apache.org/maven2/org/apache/apache/5/apache-5.pom
2025-03-16 18:28:42,945 [Worker-29: Importing Maven projects] INFO  o.e.m.c.i.e.AbstractTransferListenerAdapter - Downloading https://repo.maven.apache.org/maven2/org/apache/maven/maven-core/2.2.1/maven-core-2.2.1.pom
2025-03-16 18:28:42,981 [Worker-29: Importing Maven projects] INFO  o.e.m.c.i.e.AbstractTransferListenerAdapter - Downloaded https://repo.maven.apache.org/maven2/org/apache/maven/maven-core/2.2.1/maven-core-2.2.1.pom
2025-03-16 18:28:43,084 [Worker-29: Importing Maven projects] INFO  o.e.m.c.i.e.AbstractTransferListenerAdapter - Downloading https://repo.maven.apache.org/maven2/org/apache/maven/maven-settings/2.2.1/maven-settings-2.2.1.pom
2025-03-16 18:28:43,119 [Worker-29: Importing Maven projects] INFO  o.e.m.c.i.e.AbstractTransferListenerAdapter - Downloaded https://repo.maven.apache.org/maven2/org/apache/maven/maven-settings/2.2.1/maven-settings-2.2.1.pom
2025-03-16 18:28:43,209 [Worker-29: Importing Maven projects] INFO  o.e.m.c.i.e.AbstractTransferListenerAdapter - Downloading https://repo.maven.apache.org/maven2/org/apache/maven/maven-model/2.2.1/maven-model-2.2.1.pom
2025-03-16 18:28:43,245 [Worker-29: Importing Maven projects] INFO  o.e.m.c.i.e.AbstractTransferListenerAdapter - Downloaded https://repo.maven.apache.org/maven2/org/apache/maven/maven-model/2.2.1/maven-model-2.2.1.pom
2025-03-16 18:28:43,325 [Worker-29: Importing Maven projects] INFO  o.e.m.c.i.e.AbstractTransferListenerAdapter - Downloading https://repo.maven.apache.org/maven2/org/codehaus/plexus/plexus-utils/1.5.15/plexus-utils-1.5.15.pom
2025-03-16 18:28:43,363 [Worker-29: Importing Maven projects] INFO  o.e.m.c.i.e.AbstractTransferListenerAdapter - Downloaded https://repo.maven.apache.org/maven2/org/codehaus/plexus/plexus-utils/1.5.15/plexus-utils-1.5.15.pom
2025-03-16 18:28:43,452 [Worker-29: Importing Maven projects] INFO  o.e.m.c.i.e.AbstractTransferListenerAdapter - Downloading https://repo.maven.apache.org/maven2/org/codehaus/plexus/plexus/2.0.2/plexus-2.0.2.pom
2025-03-16 18:28:43,489 [Worker-29: Importing Maven projects] INFO  o.e.m.c.i.e.AbstractTransferListenerAdapter - Downloaded https://repo.maven.apache.org/maven2/org/codehaus/plexus/plexus/2.0.2/plexus-2.0.2.pom
2025-03-16 18:28:43,587 [Worker-29: Importing Maven projects] INFO  o.e.m.c.i.e.AbstractTransferListenerAdapter - Downloading https://repo.maven.apache.org/maven2/org/codehaus/plexus/plexus-interpolation/1.11/plexus-interpolation-1.11.pom
2025-03-16 18:28:43,630 [Worker-29: Importing Maven projects] INFO  o.e.m.c.i.e.AbstractTransferListenerAdapter - Downloaded https://repo.maven.apache.org/maven2/org/codehaus/plexus/plexus-interpolation/1.11/plexus-interpolation-1.11.pom
2025-03-16 18:28:43,718 [Worker-29: Importing Maven projects] INFO  o.e.m.c.i.e.AbstractTransferListenerAdapter - Downloading https://repo.maven.apache.org/maven2/org/codehaus/plexus/plexus-components/1.1.14/plexus-components-1.1.14.pom
2025-03-16 18:28:43,755 [Worker-29: Importing Maven projects] INFO  o.e.m.c.i.e.AbstractTransferListenerAdapter - Downloaded https://repo.maven.apache.org/maven2/org/codehaus/plexus/plexus-components/1.1.14/plexus-components-1.1.14.pom
2025-03-16 18:28:43,835 [Worker-29: Importing Maven projects] INFO  o.e.m.c.i.e.AbstractTransferListenerAdapter - Downloading https://repo.maven.apache.org/maven2/org/apache/maven/maven-plugin-parameter-documenter/2.2.1/maven-plugin-parameter-documenter-2.2.1.pom
2025-03-16 18:28:43,870 [Worker-29: Importing Maven projects] INFO  o.e.m.c.i.e.AbstractTransferListenerAdapter - Downloaded https://repo.maven.apache.org/maven2/org/apache/maven/maven-plugin-parameter-documenter/2.2.1/maven-plugin-parameter-documenter-2.2.1.pom
2025-03-16 18:28:43,962 [Worker-29: Importing Maven projects] INFO  o.e.m.c.i.e.AbstractTransferListenerAdapter - Downloading https://repo.maven.apache.org/maven2/org/slf4j/slf4j-jdk14/1.5.6/slf4j-jdk14-1.5.6.pom
2025-03-16 18:28:43,994 [Worker-29: Importing Maven projects] INFO  o.e.m.c.i.e.AbstractTransferListenerAdapter - Downloaded https://repo.maven.apache.org/maven2/org/slf4j/slf4j-jdk14/1.5.6/slf4j-jdk14-1.5.6.pom
2025-03-16 18:28:44,085 [Worker-29: Importing Maven projects] INFO  o.e.m.c.i.e.AbstractTransferListenerAdapter - Downloading https://repo.maven.apache.org/maven2/org/slf4j/slf4j-parent/1.5.6/slf4j-parent-1.5.6.pom
2025-03-16 18:28:44,121 [Worker-29: Importing Maven projects] INFO  o.e.m.c.i.e.AbstractTransferListenerAdapter - Downloaded https://repo.maven.apache.org/maven2/org/slf4j/slf4j-parent/1.5.6/slf4j-parent-1.5.6.pom
2025-03-16 18:28:44,213 [Worker-29: Importing Maven projects] INFO  o.e.m.c.i.e.AbstractTransferListenerAdapter - Downloading https://repo.maven.apache.org/maven2/org/slf4j/slf4j-api/1.5.6/slf4j-api-1.5.6.pom
2025-03-16 18:28:44,245 [Worker-29: Importing Maven projects] INFO  o.e.m.c.i.e.AbstractTransferListenerAdapter - Downloaded https://repo.maven.apache.org/maven2/org/slf4j/slf4j-api/1.5.6/slf4j-api-1.5.6.pom
2025-03-16 18:28:44,327 [Worker-29: Importing Maven projects] INFO  o.e.m.c.i.e.AbstractTransferListenerAdapter - Downloading https://repo.maven.apache.org/maven2/org/slf4j/jcl-over-slf4j/1.5.6/jcl-over-slf4j-1.5.6.pom
2025-03-16 18:28:44,370 [Worker-29: Importing Maven projects] INFO  o.e.m.c.i.e.AbstractTransferListenerAdapter - Downloaded https://repo.maven.apache.org/maven2/org/slf4j/jcl-over-slf4j/1.5.6/jcl-over-slf4j-1.5.6.pom
2025-03-16 18:28:44,455 [Worker-29: Importing Maven projects] INFO  o.e.m.c.i.e.AbstractTransferListenerAdapter - Downloading https://repo.maven.apache.org/maven2/org/apache/maven/maven-profile/2.2.1/maven-profile-2.2.1.pom
2025-03-16 18:28:44,498 [Worker-29: Importing Maven projects] INFO  o.e.m.c.i.e.AbstractTransferListenerAdapter - Downloaded https://repo.maven.apache.org/maven2/org/apache/maven/maven-profile/2.2.1/maven-profile-2.2.1.pom
2025-03-16 18:28:44,579 [Worker-29: Importing Maven projects] INFO  o.e.m.c.i.e.AbstractTransferListenerAdapter - Downloading https://repo.maven.apache.org/maven2/org/apache/maven/maven-artifact/2.2.1/maven-artifact-2.2.1.pom
2025-03-16 18:28:44,625 [Worker-29: Importing Maven projects] INFO  o.e.m.c.i.e.AbstractTransferListenerAdapter - Downloaded https://repo.maven.apache.org/maven2/org/apache/maven/maven-artifact/2.2.1/maven-artifact-2.2.1.pom
2025-03-16 18:28:44,706 [Worker-29: Importing Maven projects] INFO  o.e.m.c.i.e.AbstractTransferListenerAdapter - Downloading https://repo.maven.apache.org/maven2/org/apache/maven/maven-repository-metadata/2.2.1/maven-repository-metadata-2.2.1.pom
2025-03-16 18:28:44,742 [Worker-29: Importing Maven projects] INFO  o.e.m.c.i.e.AbstractTransferListenerAdapter - Downloaded https://repo.maven.apache.org/maven2/org/apache/maven/maven-repository-metadata/2.2.1/maven-repository-metadata-2.2.1.pom
2025-03-16 18:28:44,835 [Worker-29: Importing Maven projects] INFO  o.e.m.c.i.e.AbstractTransferListenerAdapter - Downloading https://repo.maven.apache.org/maven2/org/apache/maven/maven-error-diagnostics/2.2.1/maven-error-diagnostics-2.2.1.pom
2025-03-16 18:28:44,870 [Worker-29: Importing Maven projects] INFO  o.e.m.c.i.e.AbstractTransferListenerAdapter - Downloaded https://repo.maven.apache.org/maven2/org/apache/maven/maven-error-diagnostics/2.2.1/maven-error-diagnostics-2.2.1.pom
2025-03-16 18:28:44,955 [Worker-29: Importing Maven projects] INFO  o.e.m.c.i.e.AbstractTransferListenerAdapter - Downloading https://repo.maven.apache.org/maven2/org/apache/maven/maven-project/2.2.1/maven-project-2.2.1.pom
2025-03-16 18:28:44,998 [Worker-29: Importing Maven projects] INFO  o.e.m.c.i.e.AbstractTransferListenerAdapter - Downloaded https://repo.maven.apache.org/maven2/org/apache/maven/maven-project/2.2.1/maven-project-2.2.1.pom
2025-03-16 18:28:45,093 [Worker-29: Importing Maven projects] INFO  o.e.m.c.i.e.AbstractTransferListenerAdapter - Downloading https://repo.maven.apache.org/maven2/org/apache/maven/maven-artifact-manager/2.2.1/maven-artifact-manager-2.2.1.pom
2025-03-16 18:28:45,126 [Worker-29: Importing Maven projects] INFO  o.e.m.c.i.e.AbstractTransferListenerAdapter - Downloaded https://repo.maven.apache.org/maven2/org/apache/maven/maven-artifact-manager/2.2.1/maven-artifact-manager-2.2.1.pom
2025-03-16 18:28:45,225 [Worker-29: Importing Maven projects] INFO  o.e.m.c.i.e.AbstractTransferListenerAdapter - Downloading https://repo.maven.apache.org/maven2/backport-util-concurrent/backport-util-concurrent/3.1/backport-util-concurrent-3.1.pom
2025-03-16 18:28:45,257 [Worker-29: Importing Maven projects] INFO  o.e.m.c.i.e.AbstractTransferListenerAdapter - Downloaded https://repo.maven.apache.org/maven2/backport-util-concurrent/backport-util-concurrent/3.1/backport-util-concurrent-3.1.pom
2025-03-16 18:28:45,361 [Worker-29: Importing Maven projects] INFO  o.e.m.c.i.e.AbstractTransferListenerAdapter - Downloading https://repo.maven.apache.org/maven2/org/apache/maven/maven-plugin-registry/2.2.1/maven-plugin-registry-2.2.1.pom
2025-03-16 18:28:45,397 [Worker-29: Importing Maven projects] INFO  o.e.m.c.i.e.AbstractTransferListenerAdapter - Downloaded https://repo.maven.apache.org/maven2/org/apache/maven/maven-plugin-registry/2.2.1/maven-plugin-registry-2.2.1.pom
2025-03-16 18:28:45,490 [Worker-29: Importing Maven projects] INFO  o.e.m.c.i.e.AbstractTransferListenerAdapter - Downloading https://repo.maven.apache.org/maven2/org/apache/maven/maven-plugin-descriptor/2.2.1/maven-plugin-descriptor-2.2.1.pom
2025-03-16 18:28:45,526 [Worker-29: Importing Maven projects] INFO  o.e.m.c.i.e.AbstractTransferListenerAdapter - Downloaded https://repo.maven.apache.org/maven2/org/apache/maven/maven-plugin-descriptor/2.2.1/maven-plugin-descriptor-2.2.1.pom
2025-03-16 18:28:45,621 [Worker-29: Importing Maven projects] INFO  o.e.m.c.i.e.AbstractTransferListenerAdapter - Downloading https://repo.maven.apache.org/maven2/org/apache/maven/maven-monitor/2.2.1/maven-monitor-2.2.1.pom
2025-03-16 18:28:45,655 [Worker-29: Importing Maven projects] INFO  o.e.m.c.i.e.AbstractTransferListenerAdapter - Downloaded https://repo.maven.apache.org/maven2/org/apache/maven/maven-monitor/2.2.1/maven-monitor-2.2.1.pom
2025-03-16 18:28:45,745 [Worker-29: Importing Maven projects] INFO  o.e.m.c.i.e.AbstractTransferListenerAdapter - Downloading https://repo.maven.apache.org/maven2/org/apache/maven/shared/maven-shared-utils/0.1/maven-shared-utils-0.1.pom
2025-03-16 18:28:45,781 [Worker-29: Importing Maven projects] INFO  o.e.m.c.i.e.AbstractTransferListenerAdapter - Downloaded https://repo.maven.apache.org/maven2/org/apache/maven/shared/maven-shared-utils/0.1/maven-shared-utils-0.1.pom
2025-03-16 18:28:45,870 [Worker-29: Importing Maven projects] INFO  o.e.m.c.i.e.AbstractTransferListenerAdapter - Downloading https://repo.maven.apache.org/maven2/org/apache/maven/shared/maven-shared-components/18/maven-shared-components-18.pom
2025-03-16 18:28:45,904 [Worker-29: Importing Maven projects] INFO  o.e.m.c.i.e.AbstractTransferListenerAdapter - Downloaded https://repo.maven.apache.org/maven2/org/apache/maven/shared/maven-shared-components/18/maven-shared-components-18.pom
2025-03-16 18:28:45,995 [Worker-29: Importing Maven projects] INFO  o.e.m.c.i.e.AbstractTransferListenerAdapter - Downloading https://repo.maven.apache.org/maven2/org/apache/maven/maven-parent/22/maven-parent-22.pom
2025-03-16 18:28:46,038 [Worker-29: Importing Maven projects] INFO  o.e.m.c.i.e.AbstractTransferListenerAdapter - Downloaded https://repo.maven.apache.org/maven2/org/apache/maven/maven-parent/22/maven-parent-22.pom
2025-03-16 18:28:46,136 [Worker-29: Importing Maven projects] INFO  o.e.m.c.i.e.AbstractTransferListenerAdapter - Downloading https://repo.maven.apache.org/maven2/org/apache/apache/11/apache-11.pom
2025-03-16 18:28:46,180 [Worker-29: Importing Maven projects] INFO  o.e.m.c.i.e.AbstractTransferListenerAdapter - Downloaded https://repo.maven.apache.org/maven2/org/apache/apache/11/apache-11.pom
2025-03-16 18:28:46,281 [Worker-29: Importing Maven projects] INFO  o.e.m.c.i.e.AbstractTransferListenerAdapter - Downloading https://repo.maven.apache.org/maven2/com/google/code/findbugs/jsr305/2.0.1/jsr305-2.0.1.pom
2025-03-16 18:28:46,323 [Worker-29: Importing Maven projects] INFO  o.e.m.c.i.e.AbstractTransferListenerAdapter - Downloaded https://repo.maven.apache.org/maven2/com/google/code/findbugs/jsr305/2.0.1/jsr305-2.0.1.pom
2025-03-16 18:28:46,415 [Worker-29: Importing Maven projects] INFO  o.e.m.c.i.e.AbstractTransferListenerAdapter - Downloading https://repo.maven.apache.org/maven2/org/codehaus/plexus/plexus-java/0.9.10/plexus-java-0.9.10.pom
2025-03-16 18:28:46,451 [Worker-29: Importing Maven projects] INFO  o.e.m.c.i.e.AbstractTransferListenerAdapter - Downloaded https://repo.maven.apache.org/maven2/org/codehaus/plexus/plexus-java/0.9.10/plexus-java-0.9.10.pom
2025-03-16 18:28:46,537 [Worker-29: Importing Maven projects] INFO  o.e.m.c.i.e.AbstractTransferListenerAdapter - Downloading https://repo.maven.apache.org/maven2/org/codehaus/plexus/plexus-languages/0.9.10/plexus-languages-0.9.10.pom
2025-03-16 18:28:46,574 [Worker-29: Importing Maven projects] INFO  o.e.m.c.i.e.AbstractTransferListenerAdapter - Downloaded https://repo.maven.apache.org/maven2/org/codehaus/plexus/plexus-languages/0.9.10/plexus-languages-0.9.10.pom
2025-03-16 18:28:46,663 [Worker-29: Importing Maven projects] INFO  o.e.m.c.i.e.AbstractTransferListenerAdapter - Downloading https://repo.maven.apache.org/maven2/org/ow2/asm/asm/6.2/asm-6.2.pom
2025-03-16 18:28:46,710 [Worker-29: Importing Maven projects] INFO  o.e.m.c.i.e.AbstractTransferListenerAdapter - Downloaded https://repo.maven.apache.org/maven2/org/ow2/asm/asm/6.2/asm-6.2.pom
2025-03-16 18:28:46,804 [Worker-29: Importing Maven projects] INFO  o.e.m.c.i.e.AbstractTransferListenerAdapter - Downloading https://repo.maven.apache.org/maven2/org/ow2/ow2/1.5/ow2-1.5.pom
2025-03-16 18:28:46,846 [Worker-29: Importing Maven projects] INFO  o.e.m.c.i.e.AbstractTransferListenerAdapter - Downloaded https://repo.maven.apache.org/maven2/org/ow2/ow2/1.5/ow2-1.5.pom
2025-03-16 18:28:46,952 [Worker-29: Importing Maven projects] INFO  o.e.m.c.i.e.AbstractTransferListenerAdapter - Downloading https://repo.maven.apache.org/maven2/com/thoughtworks/qdox/qdox/2.0-M9/qdox-2.0-M9.pom
2025-03-16 18:28:46,989 [Worker-29: Importing Maven projects] INFO  o.e.m.c.i.e.AbstractTransferListenerAdapter - Downloaded https://repo.maven.apache.org/maven2/com/thoughtworks/qdox/qdox/2.0-M9/qdox-2.0-M9.pom
2025-03-16 18:28:47,087 [Worker-29: Importing Maven projects] INFO  o.e.m.c.i.e.AbstractTransferListenerAdapter - Downloading https://repo.maven.apache.org/maven2/org/codehaus/plexus/plexus-compiler-api/2.8.4/plexus-compiler-api-2.8.4.pom
2025-03-16 18:28:47,129 [Worker-29: Importing Maven projects] INFO  o.e.m.c.i.e.AbstractTransferListenerAdapter - Downloaded https://repo.maven.apache.org/maven2/org/codehaus/plexus/plexus-compiler-api/2.8.4/plexus-compiler-api-2.8.4.pom
2025-03-16 18:28:47,210 [Worker-29: Importing Maven projects] INFO  o.e.m.c.i.e.AbstractTransferListenerAdapter - Downloading https://repo.maven.apache.org/maven2/org/codehaus/plexus/plexus-compiler/2.8.4/plexus-compiler-2.8.4.pom
2025-03-16 18:28:47,244 [Worker-29: Importing Maven projects] INFO  o.e.m.c.i.e.AbstractTransferListenerAdapter - Downloaded https://repo.maven.apache.org/maven2/org/codehaus/plexus/plexus-compiler/2.8.4/plexus-compiler-2.8.4.pom
2025-03-16 18:28:47,327 [Worker-29: Importing Maven projects] INFO  o.e.m.c.i.e.AbstractTransferListenerAdapter - Downloading https://repo.maven.apache.org/maven2/org/codehaus/plexus/plexus-components/4.0/plexus-components-4.0.pom
2025-03-16 18:28:47,371 [Worker-29: Importing Maven projects] INFO  o.e.m.c.i.e.AbstractTransferListenerAdapter - Downloaded https://repo.maven.apache.org/maven2/org/codehaus/plexus/plexus-components/4.0/plexus-components-4.0.pom
2025-03-16 18:28:47,465 [Worker-29: Importing Maven projects] INFO  o.e.m.c.i.e.AbstractTransferListenerAdapter - Downloading https://repo.maven.apache.org/maven2/org/codehaus/plexus/plexus-utils/3.0.22/plexus-utils-3.0.22.pom
2025-03-16 18:28:47,508 [Worker-29: Importing Maven projects] INFO  o.e.m.c.i.e.AbstractTransferListenerAdapter - Downloaded https://repo.maven.apache.org/maven2/org/codehaus/plexus/plexus-utils/3.0.22/plexus-utils-3.0.22.pom
2025-03-16 18:28:47,600 [Worker-29: Importing Maven projects] INFO  o.e.m.c.i.e.AbstractTransferListenerAdapter - Downloading https://repo.maven.apache.org/maven2/org/codehaus/plexus/plexus/3.3.1/plexus-3.3.1.pom
2025-03-16 18:28:47,636 [Worker-29: Importing Maven projects] INFO  o.e.m.c.i.e.AbstractTransferListenerAdapter - Downloaded https://repo.maven.apache.org/maven2/org/codehaus/plexus/plexus/3.3.1/plexus-3.3.1.pom
2025-03-16 18:28:47,728 [Worker-29: Importing Maven projects] INFO  o.e.m.c.i.e.AbstractTransferListenerAdapter - Downloading https://repo.maven.apache.org/maven2/org/sonatype/spice/spice-parent/17/spice-parent-17.pom
2025-03-16 18:28:47,763 [Worker-29: Importing Maven projects] INFO  o.e.m.c.i.e.AbstractTransferListenerAdapter - Downloaded https://repo.maven.apache.org/maven2/org/sonatype/spice/spice-parent/17/spice-parent-17.pom
2025-03-16 18:28:47,849 [Worker-29: Importing Maven projects] INFO  o.e.m.c.i.e.AbstractTransferListenerAdapter - Downloading https://repo.maven.apache.org/maven2/org/codehaus/plexus/plexus-compiler-manager/2.8.4/plexus-compiler-manager-2.8.4.pom
2025-03-16 18:28:47,894 [Worker-29: Importing Maven projects] INFO  o.e.m.c.i.e.AbstractTransferListenerAdapter - Downloaded https://repo.maven.apache.org/maven2/org/codehaus/plexus/plexus-compiler-manager/2.8.4/plexus-compiler-manager-2.8.4.pom
2025-03-16 18:28:47,984 [Worker-29: Importing Maven projects] INFO  o.e.m.c.i.e.AbstractTransferListenerAdapter - Downloading https://repo.maven.apache.org/maven2/org/codehaus/plexus/plexus-compiler-javac/2.8.4/plexus-compiler-javac-2.8.4.pom
2025-03-16 18:28:48,025 [Worker-29: Importing Maven projects] INFO  o.e.m.c.i.e.AbstractTransferListenerAdapter - Downloaded https://repo.maven.apache.org/maven2/org/codehaus/plexus/plexus-compiler-javac/2.8.4/plexus-compiler-javac-2.8.4.pom
2025-03-16 18:28:48,116 [Worker-29: Importing Maven projects] INFO  o.e.m.c.i.e.AbstractTransferListenerAdapter - Downloading https://repo.maven.apache.org/maven2/org/codehaus/plexus/plexus-compilers/2.8.4/plexus-compilers-2.8.4.pom
2025-03-16 18:28:48,152 [Worker-29: Importing Maven projects] INFO  o.e.m.c.i.e.AbstractTransferListenerAdapter - Downloaded https://repo.maven.apache.org/maven2/org/codehaus/plexus/plexus-compilers/2.8.4/plexus-compilers-2.8.4.pom
2025-03-16 18:28:48,257 [Worker-29: Importing Maven projects] INFO  o.e.m.c.i.e.AbstractTransferListenerAdapter - Downloading https://repo.maven.apache.org/maven2/org/apache/maven/maven-plugin-api/3.0/maven-plugin-api-3.0.jar
2025-03-16 18:28:48,897 [Worker-29: Importing Maven projects] INFO  o.e.m.c.i.e.AbstractTransferListenerAdapter - Downloaded https://repo.maven.apache.org/maven2/org/apache/maven/maven-plugin-api/3.0/maven-plugin-api-3.0.jar
2025-03-16 18:28:48,974 [BasicRepositoryConnector-repo.maven.apache.org-0-0] INFO  o.e.m.c.i.e.AbstractTransferListenerAdapter - Downloading https://repo.maven.apache.org/maven2/org/apache/maven/maven-model/3.0/maven-model-3.0.jar
2025-03-16 18:28:49,111 [BasicRepositoryConnector-repo.maven.apache.org-0-0] INFO  o.e.m.c.i.e.AbstractTransferListenerAdapter - Downloaded https://repo.maven.apache.org/maven2/org/apache/maven/maven-model/3.0/maven-model-3.0.jar
2025-03-16 18:28:49,139 [BasicRepositoryConnector-repo.maven.apache.org-0-2] INFO  o.e.m.c.i.e.AbstractTransferListenerAdapter - Downloading https://repo.maven.apache.org/maven2/org/sonatype/sisu/sisu-inject-bean/1.4.2/sisu-inject-bean-1.4.2.jar
2025-03-16 18:28:49,153 [BasicRepositoryConnector-repo.maven.apache.org-0-4] INFO  o.e.m.c.i.e.AbstractTransferListenerAdapter - Downloading https://repo.maven.apache.org/maven2/org/apache/maven/maven-artifact/3.0/maven-artifact-3.0.jar
2025-03-16 18:28:49,153 [BasicRepositoryConnector-repo.maven.apache.org-0-3] INFO  o.e.m.c.i.e.AbstractTransferListenerAdapter - Downloading https://repo.maven.apache.org/maven2/org/sonatype/sisu/sisu-guice/2.1.7/sisu-guice-2.1.7-noaop.jar
2025-03-16 18:28:49,155 [BasicRepositoryConnector-repo.maven.apache.org-0-1] INFO  o.e.m.c.i.e.AbstractTransferListenerAdapter - Downloading https://repo.maven.apache.org/maven2/org/sonatype/sisu/sisu-inject-plexus/1.4.2/sisu-inject-plexus-1.4.2.jar
2025-03-16 18:28:49,187 [BasicRepositoryConnector-repo.maven.apache.org-0-0] INFO  o.e.m.c.i.e.AbstractTransferListenerAdapter - Downloading https://repo.maven.apache.org/maven2/org/codehaus/plexus/plexus-utils/2.0.4/plexus-utils-2.0.4.jar
2025-03-16 18:28:49,269 [BasicRepositoryConnector-repo.maven.apache.org-0-4] INFO  o.e.m.c.i.e.AbstractTransferListenerAdapter - Downloaded https://repo.maven.apache.org/maven2/org/apache/maven/maven-artifact/3.0/maven-artifact-3.0.jar
2025-03-16 18:28:49,274 [BasicRepositoryConnector-repo.maven.apache.org-0-0] INFO  o.e.m.c.i.e.AbstractTransferListenerAdapter - Downloaded https://repo.maven.apache.org/maven2/org/codehaus/plexus/plexus-utils/2.0.4/plexus-utils-2.0.4.jar
2025-03-16 18:28:49,342 [BasicRepositoryConnector-repo.maven.apache.org-0-4] INFO  o.e.m.c.i.e.AbstractTransferListenerAdapter - Downloading https://repo.maven.apache.org/maven2/org/apache/maven/maven-core/3.0/maven-core-3.0.jar
2025-03-16 18:28:49,354 [BasicRepositoryConnector-repo.maven.apache.org-0-2] INFO  o.e.m.c.i.e.AbstractTransferListenerAdapter - Downloaded https://repo.maven.apache.org/maven2/org/sonatype/sisu/sisu-inject-bean/1.4.2/sisu-inject-bean-1.4.2.jar
2025-03-16 18:28:49,356 [BasicRepositoryConnector-repo.maven.apache.org-0-0] INFO  o.e.m.c.i.e.AbstractTransferListenerAdapter - Downloading https://repo.maven.apache.org/maven2/org/apache/maven/maven-settings/3.0/maven-settings-3.0.jar
2025-03-16 18:28:49,390 [BasicRepositoryConnector-repo.maven.apache.org-0-1] INFO  o.e.m.c.i.e.AbstractTransferListenerAdapter - Downloaded https://repo.maven.apache.org/maven2/org/sonatype/sisu/sisu-inject-plexus/1.4.2/sisu-inject-plexus-1.4.2.jar
2025-03-16 18:28:49,442 [BasicRepositoryConnector-repo.maven.apache.org-0-2] INFO  o.e.m.c.i.e.AbstractTransferListenerAdapter - Downloading https://repo.maven.apache.org/maven2/org/apache/maven/maven-settings-builder/3.0/maven-settings-builder-3.0.jar
2025-03-16 18:28:49,451 [BasicRepositoryConnector-repo.maven.apache.org-0-3] INFO  o.e.m.c.i.e.AbstractTransferListenerAdapter - Downloaded https://repo.maven.apache.org/maven2/org/sonatype/sisu/sisu-guice/2.1.7/sisu-guice-2.1.7-noaop.jar
2025-03-16 18:28:49,462 [BasicRepositoryConnector-repo.maven.apache.org-0-1] INFO  o.e.m.c.i.e.AbstractTransferListenerAdapter - Downloading https://repo.maven.apache.org/maven2/org/apache/maven/maven-repository-metadata/3.0/maven-repository-metadata-3.0.jar
2025-03-16 18:28:49,503 [BasicRepositoryConnector-repo.maven.apache.org-0-4] INFO  o.e.m.c.i.e.AbstractTransferListenerAdapter - Downloaded https://repo.maven.apache.org/maven2/org/apache/maven/maven-core/3.0/maven-core-3.0.jar
2025-03-16 18:28:49,526 [BasicRepositoryConnector-repo.maven.apache.org-0-3] INFO  o.e.m.c.i.e.AbstractTransferListenerAdapter - Downloading https://repo.maven.apache.org/maven2/org/apache/maven/maven-model-builder/3.0/maven-model-builder-3.0.jar
2025-03-16 18:28:49,579 [BasicRepositoryConnector-repo.maven.apache.org-0-4] INFO  o.e.m.c.i.e.AbstractTransferListenerAdapter - Downloading https://repo.maven.apache.org/maven2/org/apache/maven/maven-aether-provider/3.0/maven-aether-provider-3.0.jar
2025-03-16 18:28:49,611 [BasicRepositoryConnector-repo.maven.apache.org-0-3] INFO  o.e.m.c.i.e.AbstractTransferListenerAdapter - Downloaded https://repo.maven.apache.org/maven2/org/apache/maven/maven-model-builder/3.0/maven-model-builder-3.0.jar
2025-03-16 18:28:49,648 [BasicRepositoryConnector-repo.maven.apache.org-0-4] INFO  o.e.m.c.i.e.AbstractTransferListenerAdapter - Downloaded https://repo.maven.apache.org/maven2/org/apache/maven/maven-aether-provider/3.0/maven-aether-provider-3.0.jar
2025-03-16 18:28:49,683 [BasicRepositoryConnector-repo.maven.apache.org-0-3] INFO  o.e.m.c.i.e.AbstractTransferListenerAdapter - Downloading https://repo.maven.apache.org/maven2/org/sonatype/aether/aether-impl/1.7/aether-impl-1.7.jar
2025-03-16 18:28:49,724 [BasicRepositoryConnector-repo.maven.apache.org-0-4] INFO  o.e.m.c.i.e.AbstractTransferListenerAdapter - Downloading https://repo.maven.apache.org/maven2/org/sonatype/aether/aether-spi/1.7/aether-spi-1.7.jar
2025-03-16 18:28:49,769 [BasicRepositoryConnector-repo.maven.apache.org-0-3] INFO  o.e.m.c.i.e.AbstractTransferListenerAdapter - Downloaded https://repo.maven.apache.org/maven2/org/sonatype/aether/aether-impl/1.7/aether-impl-1.7.jar
2025-03-16 18:28:49,843 [BasicRepositoryConnector-repo.maven.apache.org-0-3] INFO  o.e.m.c.i.e.AbstractTransferListenerAdapter - Downloading https://repo.maven.apache.org/maven2/org/sonatype/aether/aether-api/1.7/aether-api-1.7.jar
2025-03-16 18:28:49,887 [BasicRepositoryConnector-repo.maven.apache.org-0-1] INFO  o.e.m.c.i.e.AbstractTransferListenerAdapter - Downloaded https://repo.maven.apache.org/maven2/org/apache/maven/maven-repository-metadata/3.0/maven-repository-metadata-3.0.jar
2025-03-16 18:28:49,909 [BasicRepositoryConnector-repo.maven.apache.org-0-3] INFO  o.e.m.c.i.e.AbstractTransferListenerAdapter - Downloaded https://repo.maven.apache.org/maven2/org/sonatype/aether/aether-api/1.7/aether-api-1.7.jar
2025-03-16 18:28:49,974 [BasicRepositoryConnector-repo.maven.apache.org-0-1] INFO  o.e.m.c.i.e.AbstractTransferListenerAdapter - Downloading https://repo.maven.apache.org/maven2/org/sonatype/aether/aether-util/1.7/aether-util-1.7.jar
2025-03-16 18:28:49,985 [BasicRepositoryConnector-repo.maven.apache.org-0-3] INFO  o.e.m.c.i.e.AbstractTransferListenerAdapter - Downloading https://repo.maven.apache.org/maven2/org/codehaus/plexus/plexus-interpolation/1.14/plexus-interpolation-1.14.jar
2025-03-16 18:28:50,038 [BasicRepositoryConnector-repo.maven.apache.org-0-1] INFO  o.e.m.c.i.e.AbstractTransferListenerAdapter - Downloaded https://repo.maven.apache.org/maven2/org/sonatype/aether/aether-util/1.7/aether-util-1.7.jar
2025-03-16 18:28:50,067 [BasicRepositoryConnector-repo.maven.apache.org-0-3] INFO  o.e.m.c.i.e.AbstractTransferListenerAdapter - Downloaded https://repo.maven.apache.org/maven2/org/codehaus/plexus/plexus-interpolation/1.14/plexus-interpolation-1.14.jar
2025-03-16 18:28:50,098 [BasicRepositoryConnector-repo.maven.apache.org-0-0] INFO  o.e.m.c.i.e.AbstractTransferListenerAdapter - Downloaded https://repo.maven.apache.org/maven2/org/apache/maven/maven-settings/3.0/maven-settings-3.0.jar
2025-03-16 18:28:50,117 [BasicRepositoryConnector-repo.maven.apache.org-0-1] INFO  o.e.m.c.i.e.AbstractTransferListenerAdapter - Downloading https://repo.maven.apache.org/maven2/org/codehaus/plexus/plexus-classworlds/2.2.3/plexus-classworlds-2.2.3.jar
2025-03-16 18:28:50,143 [BasicRepositoryConnector-repo.maven.apache.org-0-3] INFO  o.e.m.c.i.e.AbstractTransferListenerAdapter - Downloading https://repo.maven.apache.org/maven2/org/codehaus/plexus/plexus-component-annotations/1.7.1/plexus-component-annotations-1.7.1.jar
2025-03-16 18:28:50,171 [BasicRepositoryConnector-repo.maven.apache.org-0-0] INFO  o.e.m.c.i.e.AbstractTransferListenerAdapter - Downloading https://repo.maven.apache.org/maven2/org/sonatype/plexus/plexus-sec-dispatcher/1.3/plexus-sec-dispatcher-1.3.jar
2025-03-16 18:28:50,206 [BasicRepositoryConnector-repo.maven.apache.org-0-4] INFO  o.e.m.c.i.e.AbstractTransferListenerAdapter - Downloaded https://repo.maven.apache.org/maven2/org/sonatype/aether/aether-spi/1.7/aether-spi-1.7.jar
2025-03-16 18:28:50,247 [BasicRepositoryConnector-repo.maven.apache.org-0-3] INFO  o.e.m.c.i.e.AbstractTransferListenerAdapter - Downloaded https://repo.maven.apache.org/maven2/org/codehaus/plexus/plexus-component-annotations/1.7.1/plexus-component-annotations-1.7.1.jar
2025-03-16 18:28:50,279 [BasicRepositoryConnector-repo.maven.apache.org-0-4] INFO  o.e.m.c.i.e.AbstractTransferListenerAdapter - Downloading https://repo.maven.apache.org/maven2/org/sonatype/plexus/plexus-cipher/1.4/plexus-cipher-1.4.jar
2025-03-16 18:28:50,332 [BasicRepositoryConnector-repo.maven.apache.org-0-3] INFO  o.e.m.c.i.e.AbstractTransferListenerAdapter - Downloading https://repo.maven.apache.org/maven2/org/apache/maven/shared/maven-shared-utils/3.2.1/maven-shared-utils-3.2.1.jar
2025-03-16 18:28:50,407 [BasicRepositoryConnector-repo.maven.apache.org-0-3] INFO  o.e.m.c.i.e.AbstractTransferListenerAdapter - Downloaded https://repo.maven.apache.org/maven2/org/apache/maven/shared/maven-shared-utils/3.2.1/maven-shared-utils-3.2.1.jar
2025-03-16 18:28:50,449 [BasicRepositoryConnector-repo.maven.apache.org-0-2] INFO  o.e.m.c.i.e.AbstractTransferListenerAdapter - Downloaded https://repo.maven.apache.org/maven2/org/apache/maven/maven-settings-builder/3.0/maven-settings-builder-3.0.jar
2025-03-16 18:28:50,485 [BasicRepositoryConnector-repo.maven.apache.org-0-3] INFO  o.e.m.c.i.e.AbstractTransferListenerAdapter - Downloading https://repo.maven.apache.org/maven2/commons-io/commons-io/2.5/commons-io-2.5.jar
2025-03-16 18:28:50,524 [BasicRepositoryConnector-repo.maven.apache.org-0-2] INFO  o.e.m.c.i.e.AbstractTransferListenerAdapter - Downloading https://repo.maven.apache.org/maven2/org/codehaus/plexus/plexus-java/0.9.10/plexus-java-0.9.10.jar
2025-03-16 18:28:50,534 [BasicRepositoryConnector-repo.maven.apache.org-0-3] INFO  o.e.m.c.i.e.AbstractTransferListenerAdapter - Downloaded https://repo.maven.apache.org/maven2/commons-io/commons-io/2.5/commons-io-2.5.jar
2025-03-16 18:28:50,607 [BasicRepositoryConnector-repo.maven.apache.org-0-3] INFO  o.e.m.c.i.e.AbstractTransferListenerAdapter - Downloading https://repo.maven.apache.org/maven2/org/ow2/asm/asm/6.2/asm-6.2.jar
2025-03-16 18:28:50,620 [BasicRepositoryConnector-repo.maven.apache.org-0-4] INFO  o.e.m.c.i.e.AbstractTransferListenerAdapter - Downloaded https://repo.maven.apache.org/maven2/org/sonatype/plexus/plexus-cipher/1.4/plexus-cipher-1.4.jar
2025-03-16 18:28:50,675 [BasicRepositoryConnector-repo.maven.apache.org-0-3] INFO  o.e.m.c.i.e.AbstractTransferListenerAdapter - Downloaded https://repo.maven.apache.org/maven2/org/ow2/asm/asm/6.2/asm-6.2.jar
2025-03-16 18:28:50,694 [BasicRepositoryConnector-repo.maven.apache.org-0-4] INFO  o.e.m.c.i.e.AbstractTransferListenerAdapter - Downloading https://repo.maven.apache.org/maven2/com/thoughtworks/qdox/qdox/2.0-M9/qdox-2.0-M9.jar
2025-03-16 18:28:50,732 [BasicRepositoryConnector-repo.maven.apache.org-0-0] INFO  o.e.m.c.i.e.AbstractTransferListenerAdapter - Downloaded https://repo.maven.apache.org/maven2/org/sonatype/plexus/plexus-sec-dispatcher/1.3/plexus-sec-dispatcher-1.3.jar
2025-03-16 18:28:50,751 [BasicRepositoryConnector-repo.maven.apache.org-0-3] INFO  o.e.m.c.i.e.AbstractTransferListenerAdapter - Downloading https://repo.maven.apache.org/maven2/org/codehaus/plexus/plexus-compiler-api/2.8.4/plexus-compiler-api-2.8.4.jar
2025-03-16 18:28:50,793 [BasicRepositoryConnector-repo.maven.apache.org-0-4] INFO  o.e.m.c.i.e.AbstractTransferListenerAdapter - Downloaded https://repo.maven.apache.org/maven2/com/thoughtworks/qdox/qdox/2.0-M9/qdox-2.0-M9.jar
2025-03-16 18:28:50,805 [BasicRepositoryConnector-repo.maven.apache.org-0-0] INFO  o.e.m.c.i.e.AbstractTransferListenerAdapter - Downloading https://repo.maven.apache.org/maven2/org/codehaus/plexus/plexus-compiler-manager/2.8.4/plexus-compiler-manager-2.8.4.jar
2025-03-16 18:28:50,877 [BasicRepositoryConnector-repo.maven.apache.org-0-4] INFO  o.e.m.c.i.e.AbstractTransferListenerAdapter - Downloading https://repo.maven.apache.org/maven2/org/codehaus/plexus/plexus-compiler-javac/2.8.4/plexus-compiler-javac-2.8.4.jar
2025-03-16 18:28:51,027 [BasicRepositoryConnector-repo.maven.apache.org-0-0] INFO  o.e.m.c.i.e.AbstractTransferListenerAdapter - Downloaded https://repo.maven.apache.org/maven2/org/codehaus/plexus/plexus-compiler-manager/2.8.4/plexus-compiler-manager-2.8.4.jar
2025-03-16 18:28:51,184 [BasicRepositoryConnector-repo.maven.apache.org-0-4] INFO  o.e.m.c.i.e.AbstractTransferListenerAdapter - Downloaded https://repo.maven.apache.org/maven2/org/codehaus/plexus/plexus-compiler-javac/2.8.4/plexus-compiler-javac-2.8.4.jar
2025-03-16 18:28:51,267 [BasicRepositoryConnector-repo.maven.apache.org-0-1] INFO  o.e.m.c.i.e.AbstractTransferListenerAdapter - Downloaded https://repo.maven.apache.org/maven2/org/codehaus/plexus/plexus-classworlds/2.2.3/plexus-classworlds-2.2.3.jar
2025-03-16 18:28:51,319 [BasicRepositoryConnector-repo.maven.apache.org-0-3] INFO  o.e.m.c.i.e.AbstractTransferListenerAdapter - Downloaded https://repo.maven.apache.org/maven2/org/codehaus/plexus/plexus-compiler-api/2.8.4/plexus-compiler-api-2.8.4.jar
2025-03-16 18:28:51,340 [BasicRepositoryConnector-repo.maven.apache.org-0-2] INFO  o.e.m.c.i.e.AbstractTransferListenerAdapter - Downloaded https://repo.maven.apache.org/maven2/org/codehaus/plexus/plexus-java/0.9.10/plexus-java-0.9.10.jar
2025-03-16 18:28:51,805 [Worker-29: Importing Maven projects] INFO  o.e.m.c.i.l.LifecycleMappingFactory - Using org.eclipse.m2e.jdt.JarLifecycleMapping lifecycle mapping for MavenProject: br.com:HotelariaDegaspari:0.0.1-SNAPSHOT @ D:\Desenvolvimento Software\HotelariaDegaspari\HotelariaDegaspari\pom.xml.
2025-03-16 18:28:51,911 [Worker-29: Importing Maven projects] INFO  o.e.m.c.i.e.AbstractTransferListenerAdapter - Downloading https://repo.maven.apache.org/maven2/org/springframework/boot/spring-boot-starter-data-jpa/2.6.3/spring-boot-starter-data-jpa-2.6.3.pom
2025-03-16 18:28:51,947 [Worker-29: Importing Maven projects] INFO  o.e.m.c.i.e.AbstractTransferListenerAdapter - Downloaded https://repo.maven.apache.org/maven2/org/springframework/boot/spring-boot-starter-data-jpa/2.6.3/spring-boot-starter-data-jpa-2.6.3.pom
2025-03-16 18:28:52,041 [Worker-29: Importing Maven projects] INFO  o.e.m.c.i.e.AbstractTransferListenerAdapter - Downloading https://repo.maven.apache.org/maven2/org/springframework/boot/spring-boot-starter-aop/2.6.3/spring-boot-starter-aop-2.6.3.pom
2025-03-16 18:28:52,086 [Worker-29: Importing Maven projects] INFO  o.e.m.c.i.e.AbstractTransferListenerAdapter - Downloaded https://repo.maven.apache.org/maven2/org/springframework/boot/spring-boot-starter-aop/2.6.3/spring-boot-starter-aop-2.6.3.pom
2025-03-16 18:28:52,188 [Worker-29: Importing Maven projects] INFO  o.e.m.c.i.e.AbstractTransferListenerAdapter - Downloading https://repo.maven.apache.org/maven2/org/springframework/boot/spring-boot-starter/2.6.3/spring-boot-starter-2.6.3.pom
2025-03-16 18:28:52,227 [Worker-29: Importing Maven projects] INFO  o.e.m.c.i.e.AbstractTransferListenerAdapter - Downloaded https://repo.maven.apache.org/maven2/org/springframework/boot/spring-boot-starter/2.6.3/spring-boot-starter-2.6.3.pom
2025-03-16 18:28:52,310 [Worker-29: Importing Maven projects] INFO  o.e.m.c.i.e.AbstractTransferListenerAdapter - Downloading https://repo.maven.apache.org/maven2/org/springframework/boot/spring-boot/2.6.3/spring-boot-2.6.3.pom
2025-03-16 18:28:52,357 [Worker-29: Importing Maven projects] INFO  o.e.m.c.i.e.AbstractTransferListenerAdapter - Downloaded https://repo.maven.apache.org/maven2/org/springframework/boot/spring-boot/2.6.3/spring-boot-2.6.3.pom
2025-03-16 18:28:52,455 [Worker-29: Importing Maven projects] INFO  o.e.m.c.i.e.AbstractTransferListenerAdapter - Downloading https://repo.maven.apache.org/maven2/org/springframework/spring-core/5.3.15/spring-core-5.3.15.pom
2025-03-16 18:28:52,492 [Worker-29: Importing Maven projects] INFO  o.e.m.c.i.e.AbstractTransferListenerAdapter - Downloaded https://repo.maven.apache.org/maven2/org/springframework/spring-core/5.3.15/spring-core-5.3.15.pom
2025-03-16 18:28:52,587 [Worker-29: Importing Maven projects] INFO  o.e.m.c.i.e.AbstractTransferListenerAdapter - Downloading https://repo.maven.apache.org/maven2/org/springframework/spring-jcl/5.3.15/spring-jcl-5.3.15.pom
2025-03-16 18:28:52,623 [Worker-29: Importing Maven projects] INFO  o.e.m.c.i.e.AbstractTransferListenerAdapter - Downloaded https://repo.maven.apache.org/maven2/org/springframework/spring-jcl/5.3.15/spring-jcl-5.3.15.pom
2025-03-16 18:28:52,704 [Worker-29: Importing Maven projects] INFO  o.e.m.c.i.e.AbstractTransferListenerAdapter - Downloading https://repo.maven.apache.org/maven2/org/springframework/spring-context/5.3.15/spring-context-5.3.15.pom
2025-03-16 18:28:52,736 [Worker-29: Importing Maven projects] INFO  o.e.m.c.i.e.AbstractTransferListenerAdapter - Downloaded https://repo.maven.apache.org/maven2/org/springframework/spring-context/5.3.15/spring-context-5.3.15.pom
2025-03-16 18:28:52,824 [Worker-29: Importing Maven projects] INFO  o.e.m.c.i.e.AbstractTransferListenerAdapter - Downloading https://repo.maven.apache.org/maven2/org/springframework/spring-aop/5.3.15/spring-aop-5.3.15.pom
2025-03-16 18:28:52,858 [Worker-29: Importing Maven projects] INFO  o.e.m.c.i.e.AbstractTransferListenerAdapter - Downloaded https://repo.maven.apache.org/maven2/org/springframework/spring-aop/5.3.15/spring-aop-5.3.15.pom
2025-03-16 18:28:52,941 [Worker-29: Importing Maven projects] INFO  o.e.m.c.i.e.AbstractTransferListenerAdapter - Downloading https://repo.maven.apache.org/maven2/org/springframework/spring-beans/5.3.15/spring-beans-5.3.15.pom
2025-03-16 18:28:52,982 [Worker-29: Importing Maven projects] INFO  o.e.m.c.i.e.AbstractTransferListenerAdapter - Downloaded https://repo.maven.apache.org/maven2/org/springframework/spring-beans/5.3.15/spring-beans-5.3.15.pom
2025-03-16 18:28:53,064 [Worker-29: Importing Maven projects] INFO  o.e.m.c.i.e.AbstractTransferListenerAdapter - Downloading https://repo.maven.apache.org/maven2/org/springframework/spring-expression/5.3.15/spring-expression-5.3.15.pom
2025-03-16 18:28:53,109 [Worker-29: Importing Maven projects] INFO  o.e.m.c.i.e.AbstractTransferListenerAdapter - Downloaded https://repo.maven.apache.org/maven2/org/springframework/spring-expression/5.3.15/spring-expression-5.3.15.pom
2025-03-16 18:28:53,191 [Worker-29: Importing Maven projects] INFO  o.e.m.c.i.e.AbstractTransferListenerAdapter - Downloading https://repo.maven.apache.org/maven2/org/springframework/boot/spring-boot-autoconfigure/2.6.3/spring-boot-autoconfigure-2.6.3.pom
2025-03-16 18:28:53,237 [Worker-29: Importing Maven projects] INFO  o.e.m.c.i.e.AbstractTransferListenerAdapter - Downloaded https://repo.maven.apache.org/maven2/org/springframework/boot/spring-boot-autoconfigure/2.6.3/spring-boot-autoconfigure-2.6.3.pom
2025-03-16 18:28:53,319 [Worker-29: Importing Maven projects] INFO  o.e.m.c.i.e.AbstractTransferListenerAdapter - Downloading https://repo.maven.apache.org/maven2/org/springframework/boot/spring-boot-starter-logging/2.6.3/spring-boot-starter-logging-2.6.3.pom
2025-03-16 18:28:53,355 [Worker-29: Importing Maven projects] INFO  o.e.m.c.i.e.AbstractTransferListenerAdapter - Downloaded https://repo.maven.apache.org/maven2/org/springframework/boot/spring-boot-starter-logging/2.6.3/spring-boot-starter-logging-2.6.3.pom
2025-03-16 18:28:53,436 [Worker-29: Importing Maven projects] INFO  o.e.m.c.i.e.AbstractTransferListenerAdapter - Downloading https://repo.maven.apache.org/maven2/ch/qos/logback/logback-classic/1.2.10/logback-classic-1.2.10.pom
2025-03-16 18:28:53,481 [Worker-29: Importing Maven projects] INFO  o.e.m.c.i.e.AbstractTransferListenerAdapter - Downloaded https://repo.maven.apache.org/maven2/ch/qos/logback/logback-classic/1.2.10/logback-classic-1.2.10.pom
2025-03-16 18:28:53,572 [Worker-29: Importing Maven projects] INFO  o.e.m.c.i.e.AbstractTransferListenerAdapter - Downloading https://repo.maven.apache.org/maven2/ch/qos/logback/logback-parent/1.2.10/logback-parent-1.2.10.pom
2025-03-16 18:28:53,615 [Worker-29: Importing Maven projects] INFO  o.e.m.c.i.e.AbstractTransferListenerAdapter - Downloaded https://repo.maven.apache.org/maven2/ch/qos/logback/logback-parent/1.2.10/logback-parent-1.2.10.pom
2025-03-16 18:28:53,708 [Worker-29: Importing Maven projects] INFO  o.e.m.c.i.e.AbstractTransferListenerAdapter - Downloading https://repo.maven.apache.org/maven2/ch/qos/logback/logback-core/1.2.10/logback-core-1.2.10.pom
2025-03-16 18:28:53,749 [Worker-29: Importing Maven projects] INFO  o.e.m.c.i.e.AbstractTransferListenerAdapter - Downloaded https://repo.maven.apache.org/maven2/ch/qos/logback/logback-core/1.2.10/logback-core-1.2.10.pom
2025-03-16 18:28:53,833 [Worker-29: Importing Maven projects] INFO  o.e.m.c.i.e.AbstractTransferListenerAdapter - Downloading https://repo.maven.apache.org/maven2/org/slf4j/slf4j-api/1.7.33/slf4j-api-1.7.33.pom
2025-03-16 18:28:53,874 [Worker-29: Importing Maven projects] INFO  o.e.m.c.i.e.AbstractTransferListenerAdapter - Downloaded https://repo.maven.apache.org/maven2/org/slf4j/slf4j-api/1.7.33/slf4j-api-1.7.33.pom
2025-03-16 18:28:53,977 [Worker-29: Importing Maven projects] INFO  o.e.m.c.i.e.AbstractTransferListenerAdapter - Downloading https://repo.maven.apache.org/maven2/org/slf4j/slf4j-parent/1.7.33/slf4j-parent-1.7.33.pom
2025-03-16 18:28:54,013 [Worker-29: Importing Maven projects] INFO  o.e.m.c.i.e.AbstractTransferListenerAdapter - Downloaded https://repo.maven.apache.org/maven2/org/slf4j/slf4j-parent/1.7.33/slf4j-parent-1.7.33.pom
2025-03-16 18:28:54,108 [Worker-29: Importing Maven projects] INFO  o.e.m.c.i.e.AbstractTransferListenerAdapter - Downloading https://repo.maven.apache.org/maven2/org/apache/logging/log4j/log4j-to-slf4j/2.17.1/log4j-to-slf4j-2.17.1.pom
2025-03-16 18:28:54,150 [Worker-29: Importing Maven projects] INFO  o.e.m.c.i.e.AbstractTransferListenerAdapter - Downloaded https://repo.maven.apache.org/maven2/org/apache/logging/log4j/log4j-to-slf4j/2.17.1/log4j-to-slf4j-2.17.1.pom
2025-03-16 18:28:54,244 [Worker-29: Importing Maven projects] INFO  o.e.m.c.i.e.AbstractTransferListenerAdapter - Downloading https://repo.maven.apache.org/maven2/org/apache/logging/log4j/log4j/2.17.1/log4j-2.17.1.pom
2025-03-16 18:28:54,281 [Worker-29: Importing Maven projects] INFO  o.e.m.c.i.e.AbstractTransferListenerAdapter - Downloaded https://repo.maven.apache.org/maven2/org/apache/logging/log4j/log4j/2.17.1/log4j-2.17.1.pom
2025-03-16 18:28:54,392 [Worker-29: Importing Maven projects] INFO  o.e.m.c.i.e.AbstractTransferListenerAdapter - Downloading https://repo.maven.apache.org/maven2/org/apache/logging/log4j/log4j-api/2.17.1/log4j-api-2.17.1.pom
2025-03-16 18:28:54,426 [Worker-29: Importing Maven projects] INFO  o.e.m.c.i.e.AbstractTransferListenerAdapter - Downloaded https://repo.maven.apache.org/maven2/org/apache/logging/log4j/log4j-api/2.17.1/log4j-api-2.17.1.pom
2025-03-16 18:28:54,519 [Worker-29: Importing Maven projects] INFO  o.e.m.c.i.e.AbstractTransferListenerAdapter - Downloading https://repo.maven.apache.org/maven2/org/slf4j/jul-to-slf4j/1.7.33/jul-to-slf4j-1.7.33.pom
2025-03-16 18:28:54,559 [Worker-29: Importing Maven projects] INFO  o.e.m.c.i.e.AbstractTransferListenerAdapter - Downloaded https://repo.maven.apache.org/maven2/org/slf4j/jul-to-slf4j/1.7.33/jul-to-slf4j-1.7.33.pom
2025-03-16 18:28:54,657 [Worker-29: Importing Maven projects] INFO  o.e.m.c.i.e.AbstractTransferListenerAdapter - Downloading https://repo.maven.apache.org/maven2/jakarta/annotation/jakarta.annotation-api/1.3.5/jakarta.annotation-api-1.3.5.pom
2025-03-16 18:28:54,697 [Worker-29: Importing Maven projects] INFO  o.e.m.c.i.e.AbstractTransferListenerAdapter - Downloaded https://repo.maven.apache.org/maven2/jakarta/annotation/jakarta.annotation-api/1.3.5/jakarta.annotation-api-1.3.5.pom
2025-03-16 18:28:54,793 [Worker-29: Importing Maven projects] INFO  o.e.m.c.i.e.AbstractTransferListenerAdapter - Downloading https://repo.maven.apache.org/maven2/jakarta/annotation/ca-parent/1.3.5/ca-parent-1.3.5.pom
2025-03-16 18:28:54,841 [Worker-29: Importing Maven projects] INFO  o.e.m.c.i.e.AbstractTransferListenerAdapter - Downloaded https://repo.maven.apache.org/maven2/jakarta/annotation/ca-parent/1.3.5/ca-parent-1.3.5.pom
2025-03-16 18:28:54,929 [Worker-29: Importing Maven projects] INFO  o.e.m.c.i.e.AbstractTransferListenerAdapter - Downloading https://repo.maven.apache.org/maven2/org/eclipse/ee4j/project/1.0.5/project-1.0.5.pom
2025-03-16 18:28:54,974 [Worker-29: Importing Maven projects] INFO  o.e.m.c.i.e.AbstractTransferListenerAdapter - Downloaded https://repo.maven.apache.org/maven2/org/eclipse/ee4j/project/1.0.5/project-1.0.5.pom
2025-03-16 18:28:55,079 [Worker-29: Importing Maven projects] INFO  o.e.m.c.i.e.AbstractTransferListenerAdapter - Downloading https://repo.maven.apache.org/maven2/org/yaml/snakeyaml/1.29/snakeyaml-1.29.pom
2025-03-16 18:28:55,126 [Worker-29: Importing Maven projects] INFO  o.e.m.c.i.e.AbstractTransferListenerAdapter - Downloaded https://repo.maven.apache.org/maven2/org/yaml/snakeyaml/1.29/snakeyaml-1.29.pom
2025-03-16 18:28:55,219 [Worker-29: Importing Maven projects] INFO  o.e.m.c.i.e.AbstractTransferListenerAdapter - Downloading https://repo.maven.apache.org/maven2/org/aspectj/aspectjweaver/1.9.7/aspectjweaver-1.9.7.pom
2025-03-16 18:28:55,262 [Worker-29: Importing Maven projects] INFO  o.e.m.c.i.e.AbstractTransferListenerAdapter - Downloaded https://repo.maven.apache.org/maven2/org/aspectj/aspectjweaver/1.9.7/aspectjweaver-1.9.7.pom
2025-03-16 18:28:55,366 [Worker-29: Importing Maven projects] INFO  o.e.m.c.i.e.AbstractTransferListenerAdapter - Downloading https://repo.maven.apache.org/maven2/org/springframework/boot/spring-boot-starter-jdbc/2.6.3/spring-boot-starter-jdbc-2.6.3.pom
2025-03-16 18:28:55,408 [Worker-29: Importing Maven projects] INFO  o.e.m.c.i.e.AbstractTransferListenerAdapter - Downloaded https://repo.maven.apache.org/maven2/org/springframework/boot/spring-boot-starter-jdbc/2.6.3/spring-boot-starter-jdbc-2.6.3.pom
2025-03-16 18:28:55,492 [Worker-29: Importing Maven projects] INFO  o.e.m.c.i.e.AbstractTransferListenerAdapter - Downloading https://repo.maven.apache.org/maven2/com/zaxxer/HikariCP/4.0.3/HikariCP-4.0.3.pom
2025-03-16 18:28:55,545 [Worker-29: Importing Maven projects] INFO  o.e.m.c.i.e.AbstractTransferListenerAdapter - Downloaded https://repo.maven.apache.org/maven2/com/zaxxer/HikariCP/4.0.3/HikariCP-4.0.3.pom
2025-03-16 18:28:55,644 [Worker-29: Importing Maven projects] INFO  o.e.m.c.i.e.AbstractTransferListenerAdapter - Downloading https://repo.maven.apache.org/maven2/org/springframework/spring-jdbc/5.3.15/spring-jdbc-5.3.15.pom
2025-03-16 18:28:55,686 [Worker-29: Importing Maven projects] INFO  o.e.m.c.i.e.AbstractTransferListenerAdapter - Downloaded https://repo.maven.apache.org/maven2/org/springframework/spring-jdbc/5.3.15/spring-jdbc-5.3.15.pom
2025-03-16 18:28:55,768 [Worker-29: Importing Maven projects] INFO  o.e.m.c.i.e.AbstractTransferListenerAdapter - Downloading https://repo.maven.apache.org/maven2/org/springframework/spring-tx/5.3.15/spring-tx-5.3.15.pom
2025-03-16 18:28:55,809 [Worker-29: Importing Maven projects] INFO  o.e.m.c.i.e.AbstractTransferListenerAdapter - Downloaded https://repo.maven.apache.org/maven2/org/springframework/spring-tx/5.3.15/spring-tx-5.3.15.pom
2025-03-16 18:28:55,890 [Worker-29: Importing Maven projects] INFO  o.e.m.c.i.e.AbstractTransferListenerAdapter - Downloading https://repo.maven.apache.org/maven2/jakarta/transaction/jakarta.transaction-api/1.3.3/jakarta.transaction-api-1.3.3.pom
2025-03-16 18:28:55,934 [Worker-29: Importing Maven projects] INFO  o.e.m.c.i.e.AbstractTransferListenerAdapter - Downloaded https://repo.maven.apache.org/maven2/jakarta/transaction/jakarta.transaction-api/1.3.3/jakarta.transaction-api-1.3.3.pom
2025-03-16 18:28:56,027 [Worker-29: Importing Maven projects] INFO  o.e.m.c.i.e.AbstractTransferListenerAdapter - Downloading https://repo.maven.apache.org/maven2/jakarta/persistence/jakarta.persistence-api/2.2.3/jakarta.persistence-api-2.2.3.pom
2025-03-16 18:28:56,075 [Worker-29: Importing Maven projects] INFO  o.e.m.c.i.e.AbstractTransferListenerAdapter - Downloaded https://repo.maven.apache.org/maven2/jakarta/persistence/jakarta.persistence-api/2.2.3/jakarta.persistence-api-2.2.3.pom
2025-03-16 18:28:56,185 [Worker-29: Importing Maven projects] INFO  o.e.m.c.i.e.AbstractTransferListenerAdapter - Downloading https://repo.maven.apache.org/maven2/org/hibernate/hibernate-core/5.6.4.Final/hibernate-core-5.6.4.Final.pom
2025-03-16 18:28:56,218 [Worker-29: Importing Maven projects] INFO  o.e.m.c.i.e.AbstractTransferListenerAdapter - Downloaded https://repo.maven.apache.org/maven2/org/hibernate/hibernate-core/5.6.4.Final/hibernate-core-5.6.4.Final.pom
2025-03-16 18:28:56,303 [Worker-29: Importing Maven projects] INFO  o.e.m.c.i.e.AbstractTransferListenerAdapter - Downloading https://repo.maven.apache.org/maven2/org/jboss/logging/jboss-logging/3.4.3.Final/jboss-logging-3.4.3.Final.pom
2025-03-16 18:28:56,345 [Worker-29: Importing Maven projects] INFO  o.e.m.c.i.e.AbstractTransferListenerAdapter - Downloaded https://repo.maven.apache.org/maven2/org/jboss/logging/jboss-logging/3.4.3.Final/jboss-logging-3.4.3.Final.pom
2025-03-16 18:28:56,457 [Worker-29: Importing Maven projects] INFO  o.e.m.c.i.e.AbstractTransferListenerAdapter - Downloading https://repo.maven.apache.org/maven2/net/bytebuddy/byte-buddy/1.11.22/byte-buddy-1.11.22.pom
2025-03-16 18:28:56,493 [Worker-29: Importing Maven projects] INFO  o.e.m.c.i.e.AbstractTransferListenerAdapter - Downloaded https://repo.maven.apache.org/maven2/net/bytebuddy/byte-buddy/1.11.22/byte-buddy-1.11.22.pom
2025-03-16 18:28:56,587 [Worker-29: Importing Maven projects] INFO  o.e.m.c.i.e.AbstractTransferListenerAdapter - Downloading https://repo.maven.apache.org/maven2/net/bytebuddy/byte-buddy-parent/1.11.22/byte-buddy-parent-1.11.22.pom
2025-03-16 18:28:56,638 [Worker-29: Importing Maven projects] INFO  o.e.m.c.i.e.AbstractTransferListenerAdapter - Downloaded https://repo.maven.apache.org/maven2/net/bytebuddy/byte-buddy-parent/1.11.22/byte-buddy-parent-1.11.22.pom
2025-03-16 18:28:56,736 [Worker-29: Importing Maven projects] INFO  o.e.m.c.i.e.AbstractTransferListenerAdapter - Downloading https://repo.maven.apache.org/maven2/antlr/antlr/2.7.7/antlr-2.7.7.pom
2025-03-16 18:28:56,778 [Worker-29: Importing Maven projects] INFO  o.e.m.c.i.e.AbstractTransferListenerAdapter - Downloaded https://repo.maven.apache.org/maven2/antlr/antlr/2.7.7/antlr-2.7.7.pom
2025-03-16 18:28:56,865 [Worker-29: Importing Maven projects] INFO  o.e.m.c.i.e.AbstractTransferListenerAdapter - Downloading https://repo.maven.apache.org/maven2/org/jboss/jandex/2.4.2.Final/jandex-2.4.2.Final.pom
2025-03-16 18:28:56,909 [Worker-29: Importing Maven projects] INFO  o.e.m.c.i.e.AbstractTransferListenerAdapter - Downloaded https://repo.maven.apache.org/maven2/org/jboss/jandex/2.4.2.Final/jandex-2.4.2.Final.pom
2025-03-16 18:28:56,995 [Worker-29: Importing Maven projects] INFO  o.e.m.c.i.e.AbstractTransferListenerAdapter - Downloading https://repo.maven.apache.org/maven2/org/jboss/jboss-parent/12/jboss-parent-12.pom
2025-03-16 18:28:57,043 [Worker-29: Importing Maven projects] INFO  o.e.m.c.i.e.AbstractTransferListenerAdapter - Downloaded https://repo.maven.apache.org/maven2/org/jboss/jboss-parent/12/jboss-parent-12.pom
2025-03-16 18:28:57,137 [Worker-29: Importing Maven projects] INFO  o.e.m.c.i.e.AbstractTransferListenerAdapter - Downloading https://repo.maven.apache.org/maven2/com/fasterxml/classmate/1.5.1/classmate-1.5.1.pom
2025-03-16 18:28:57,181 [Worker-29: Importing Maven projects] INFO  o.e.m.c.i.e.AbstractTransferListenerAdapter - Downloaded https://repo.maven.apache.org/maven2/com/fasterxml/classmate/1.5.1/classmate-1.5.1.pom
2025-03-16 18:28:57,264 [Worker-29: Importing Maven projects] INFO  o.e.m.c.i.e.AbstractTransferListenerAdapter - Downloading https://repo.maven.apache.org/maven2/com/fasterxml/oss-parent/35/oss-parent-35.pom
2025-03-16 18:28:57,308 [Worker-29: Importing Maven projects] INFO  o.e.m.c.i.e.AbstractTransferListenerAdapter - Downloaded https://repo.maven.apache.org/maven2/com/fasterxml/oss-parent/35/oss-parent-35.pom
2025-03-16 18:28:57,588 [Worker-29: Importing Maven projects] INFO  o.e.m.c.i.e.AbstractTransferListenerAdapter - Downloading https://repo.maven.apache.org/maven2/org/hibernate/common/hibernate-commons-annotations/5.1.2.Final/hibernate-commons-annotations-5.1.2.Final.pom
2025-03-16 18:28:57,624 [Worker-29: Importing Maven projects] INFO  o.e.m.c.i.e.AbstractTransferListenerAdapter - Downloaded https://repo.maven.apache.org/maven2/org/hibernate/common/hibernate-commons-annotations/5.1.2.Final/hibernate-commons-annotations-5.1.2.Final.pom
2025-03-16 18:28:57,734 [Worker-29: Importing Maven projects] INFO  o.e.m.c.i.e.AbstractTransferListenerAdapter - Downloading https://repo.maven.apache.org/maven2/org/glassfish/jaxb/jaxb-runtime/2.3.5/jaxb-runtime-2.3.5.pom
2025-03-16 18:28:57,767 [Worker-29: Importing Maven projects] INFO  o.e.m.c.i.e.AbstractTransferListenerAdapter - Downloaded https://repo.maven.apache.org/maven2/org/glassfish/jaxb/jaxb-runtime/2.3.5/jaxb-runtime-2.3.5.pom
2025-03-16 18:28:57,975 [Worker-29: Importing Maven projects] INFO  o.e.m.c.i.e.AbstractTransferListenerAdapter - Downloading https://repo.maven.apache.org/maven2/com/sun/xml/bind/mvn/jaxb-runtime-parent/2.3.5/jaxb-runtime-parent-2.3.5.pom
2025-03-16 18:28:58,012 [Worker-29: Importing Maven projects] INFO  o.e.m.c.i.e.AbstractTransferListenerAdapter - Downloaded https://repo.maven.apache.org/maven2/com/sun/xml/bind/mvn/jaxb-runtime-parent/2.3.5/jaxb-runtime-parent-2.3.5.pom
2025-03-16 18:28:58,113 [Worker-29: Importing Maven projects] INFO  o.e.m.c.i.e.AbstractTransferListenerAdapter - Downloading https://repo.maven.apache.org/maven2/com/sun/xml/bind/mvn/jaxb-parent/2.3.5/jaxb-parent-2.3.5.pom
2025-03-16 18:28:58,160 [Worker-29: Importing Maven projects] INFO  o.e.m.c.i.e.AbstractTransferListenerAdapter - Downloaded https://repo.maven.apache.org/maven2/com/sun/xml/bind/mvn/jaxb-parent/2.3.5/jaxb-parent-2.3.5.pom
2025-03-16 18:28:58,408 [Worker-29: Importing Maven projects] INFO  o.e.m.c.i.e.AbstractTransferListenerAdapter - Downloading https://repo.maven.apache.org/maven2/com/sun/xml/bind/jaxb-bom-ext/2.3.5/jaxb-bom-ext-2.3.5.pom
2025-03-16 18:28:58,444 [Worker-29: Importing Maven projects] INFO  o.e.m.c.i.e.AbstractTransferListenerAdapter - Downloaded https://repo.maven.apache.org/maven2/com/sun/xml/bind/jaxb-bom-ext/2.3.5/jaxb-bom-ext-2.3.5.pom
2025-03-16 18:28:58,651 [Worker-29: Importing Maven projects] INFO  o.e.m.c.i.e.AbstractTransferListenerAdapter - Downloading https://repo.maven.apache.org/maven2/org/glassfish/jaxb/jaxb-bom/2.3.5/jaxb-bom-2.3.5.pom
2025-03-16 18:28:58,691 [Worker-29: Importing Maven projects] INFO  o.e.m.c.i.e.AbstractTransferListenerAdapter - Downloaded https://repo.maven.apache.org/maven2/org/glassfish/jaxb/jaxb-bom/2.3.5/jaxb-bom-2.3.5.pom
2025-03-16 18:28:58,793 [Worker-29: Importing Maven projects] INFO  o.e.m.c.i.e.AbstractTransferListenerAdapter - Downloading https://repo.maven.apache.org/maven2/jakarta/xml/bind/jakarta.xml.bind-api/2.3.3/jakarta.xml.bind-api-2.3.3.pom
2025-03-16 18:28:58,829 [Worker-29: Importing Maven projects] INFO  o.e.m.c.i.e.AbstractTransferListenerAdapter - Downloaded https://repo.maven.apache.org/maven2/jakarta/xml/bind/jakarta.xml.bind-api/2.3.3/jakarta.xml.bind-api-2.3.3.pom
2025-03-16 18:28:58,921 [Worker-29: Importing Maven projects] INFO  o.e.m.c.i.e.AbstractTransferListenerAdapter - Downloading https://repo.maven.apache.org/maven2/jakarta/xml/bind/jakarta.xml.bind-api-parent/2.3.3/jakarta.xml.bind-api-parent-2.3.3.pom
2025-03-16 18:28:58,972 [Worker-29: Importing Maven projects] INFO  o.e.m.c.i.e.AbstractTransferListenerAdapter - Downloaded https://repo.maven.apache.org/maven2/jakarta/xml/bind/jakarta.xml.bind-api-parent/2.3.3/jakarta.xml.bind-api-parent-2.3.3.pom
2025-03-16 18:28:59,066 [Worker-29: Importing Maven projects] INFO  o.e.m.c.i.e.AbstractTransferListenerAdapter - Downloading https://repo.maven.apache.org/maven2/org/glassfish/jaxb/txw2/2.3.5/txw2-2.3.5.pom
2025-03-16 18:28:59,103 [Worker-29: Importing Maven projects] INFO  o.e.m.c.i.e.AbstractTransferListenerAdapter - Downloaded https://repo.maven.apache.org/maven2/org/glassfish/jaxb/txw2/2.3.5/txw2-2.3.5.pom
2025-03-16 18:28:59,186 [Worker-29: Importing Maven projects] INFO  o.e.m.c.i.e.AbstractTransferListenerAdapter - Downloading https://repo.maven.apache.org/maven2/com/sun/xml/bind/mvn/jaxb-txw-parent/2.3.5/jaxb-txw-parent-2.3.5.pom
2025-03-16 18:28:59,232 [Worker-29: Importing Maven projects] INFO  o.e.m.c.i.e.AbstractTransferListenerAdapter - Downloaded https://repo.maven.apache.org/maven2/com/sun/xml/bind/mvn/jaxb-txw-parent/2.3.5/jaxb-txw-parent-2.3.5.pom
2025-03-16 18:28:59,315 [Worker-29: Importing Maven projects] INFO  o.e.m.c.i.e.AbstractTransferListenerAdapter - Downloading https://repo.maven.apache.org/maven2/com/sun/istack/istack-commons-runtime/3.0.12/istack-commons-runtime-3.0.12.pom
2025-03-16 18:28:59,356 [Worker-29: Importing Maven projects] INFO  o.e.m.c.i.e.AbstractTransferListenerAdapter - Downloaded https://repo.maven.apache.org/maven2/com/sun/istack/istack-commons-runtime/3.0.12/istack-commons-runtime-3.0.12.pom
2025-03-16 18:28:59,438 [Worker-29: Importing Maven projects] INFO  o.e.m.c.i.e.AbstractTransferListenerAdapter - Downloading https://repo.maven.apache.org/maven2/com/sun/istack/istack-commons/3.0.12/istack-commons-3.0.12.pom
2025-03-16 18:28:59,483 [Worker-29: Importing Maven projects] INFO  o.e.m.c.i.e.AbstractTransferListenerAdapter - Downloaded https://repo.maven.apache.org/maven2/com/sun/istack/istack-commons/3.0.12/istack-commons-3.0.12.pom
2025-03-16 18:28:59,588 [Worker-29: Importing Maven projects] INFO  o.e.m.c.i.e.AbstractTransferListenerAdapter - Downloading https://repo.maven.apache.org/maven2/com/sun/activation/jakarta.activation/1.2.2/jakarta.activation-1.2.2.pom
2025-03-16 18:28:59,630 [Worker-29: Importing Maven projects] INFO  o.e.m.c.i.e.AbstractTransferListenerAdapter - Downloaded https://repo.maven.apache.org/maven2/com/sun/activation/jakarta.activation/1.2.2/jakarta.activation-1.2.2.pom
2025-03-16 18:28:59,715 [Worker-29: Importing Maven projects] INFO  o.e.m.c.i.e.AbstractTransferListenerAdapter - Downloading https://repo.maven.apache.org/maven2/com/sun/activation/all/1.2.2/all-1.2.2.pom
2025-03-16 18:28:59,763 [Worker-29: Importing Maven projects] INFO  o.e.m.c.i.e.AbstractTransferListenerAdapter - Downloaded https://repo.maven.apache.org/maven2/com/sun/activation/all/1.2.2/all-1.2.2.pom
2025-03-16 18:28:59,856 [Worker-29: Importing Maven projects] INFO  o.e.m.c.i.e.AbstractTransferListenerAdapter - Downloading https://repo.maven.apache.org/maven2/org/springframework/data/spring-data-jpa/2.6.1/spring-data-jpa-2.6.1.pom
2025-03-16 18:28:59,905 [Worker-29: Importing Maven projects] INFO  o.e.m.c.i.e.AbstractTransferListenerAdapter - Downloaded https://repo.maven.apache.org/maven2/org/springframework/data/spring-data-jpa/2.6.1/spring-data-jpa-2.6.1.pom
2025-03-16 18:29:00,002 [Worker-29: Importing Maven projects] INFO  o.e.m.c.i.e.AbstractTransferListenerAdapter - Downloading https://repo.maven.apache.org/maven2/org/springframework/data/build/spring-data-parent/2.6.1/spring-data-parent-2.6.1.pom
2025-03-16 18:29:00,050 [Worker-29: Importing Maven projects] INFO  o.e.m.c.i.e.AbstractTransferListenerAdapter - Downloaded https://repo.maven.apache.org/maven2/org/springframework/data/build/spring-data-parent/2.6.1/spring-data-parent-2.6.1.pom
2025-03-16 18:29:00,266 [Worker-29: Importing Maven projects] INFO  o.e.m.c.i.e.AbstractTransferListenerAdapter - Downloading https://repo.maven.apache.org/maven2/org/springframework/data/build/spring-data-build/2.6.1/spring-data-build-2.6.1.pom
2025-03-16 18:29:00,311 [Worker-29: Importing Maven projects] INFO  o.e.m.c.i.e.AbstractTransferListenerAdapter - Downloaded https://repo.maven.apache.org/maven2/org/springframework/data/build/spring-data-build/2.6.1/spring-data-build-2.6.1.pom
2025-03-16 18:29:00,402 [Worker-29: Importing Maven projects] INFO  o.e.m.c.i.e.AbstractTransferListenerAdapter - Downloading https://repo.maven.apache.org/maven2/org/testcontainers/testcontainers-bom/1.16.2/testcontainers-bom-1.16.2.pom
2025-03-16 18:29:00,436 [Worker-29: Importing Maven projects] INFO  o.e.m.c.i.e.AbstractTransferListenerAdapter - Downloaded https://repo.maven.apache.org/maven2/org/testcontainers/testcontainers-bom/1.16.2/testcontainers-bom-1.16.2.pom
2025-03-16 18:29:00,549 [Worker-29: Importing Maven projects] INFO  o.e.m.c.i.e.AbstractTransferListenerAdapter - Downloading https://repo.maven.apache.org/maven2/org/jetbrains/kotlin/kotlin-bom/1.5.32/kotlin-bom-1.5.32.pom
2025-03-16 18:29:00,588 [Worker-29: Importing Maven projects] INFO  o.e.m.c.i.e.AbstractTransferListenerAdapter - Downloaded https://repo.maven.apache.org/maven2/org/jetbrains/kotlin/kotlin-bom/1.5.32/kotlin-bom-1.5.32.pom
2025-03-16 18:29:00,693 [Worker-29: Importing Maven projects] INFO  o.e.m.c.i.e.AbstractTransferListenerAdapter - Downloading https://repo.maven.apache.org/maven2/org/springframework/data/spring-data-commons/2.6.1/spring-data-commons-2.6.1.pom
2025-03-16 18:29:00,738 [Worker-29: Importing Maven projects] INFO  o.e.m.c.i.e.AbstractTransferListenerAdapter - Downloaded https://repo.maven.apache.org/maven2/org/springframework/data/spring-data-commons/2.6.1/spring-data-commons-2.6.1.pom
2025-03-16 18:29:00,830 [Worker-29: Importing Maven projects] INFO  o.e.m.c.i.e.AbstractTransferListenerAdapter - Downloading https://repo.maven.apache.org/maven2/org/springframework/spring-orm/5.3.15/spring-orm-5.3.15.pom
2025-03-16 18:29:00,876 [Worker-29: Importing Maven projects] INFO  o.e.m.c.i.e.AbstractTransferListenerAdapter - Downloaded https://repo.maven.apache.org/maven2/org/springframework/spring-orm/5.3.15/spring-orm-5.3.15.pom
2025-03-16 18:29:00,963 [Worker-29: Importing Maven projects] INFO  o.e.m.c.i.e.AbstractTransferListenerAdapter - Downloading https://repo.maven.apache.org/maven2/org/springframework/spring-aspects/5.3.15/spring-aspects-5.3.15.pom
2025-03-16 18:29:01,006 [Worker-29: Importing Maven projects] INFO  o.e.m.c.i.e.AbstractTransferListenerAdapter - Downloaded https://repo.maven.apache.org/maven2/org/springframework/spring-aspects/5.3.15/spring-aspects-5.3.15.pom
2025-03-16 18:29:01,105 [Worker-29: Importing Maven projects] INFO  o.e.m.c.i.e.AbstractTransferListenerAdapter - Downloading https://repo.maven.apache.org/maven2/org/springframework/boot/spring-boot-starter-web/2.6.3/spring-boot-starter-web-2.6.3.pom
2025-03-16 18:29:01,141 [Worker-29: Importing Maven projects] INFO  o.e.m.c.i.e.AbstractTransferListenerAdapter - Downloaded https://repo.maven.apache.org/maven2/org/springframework/boot/spring-boot-starter-web/2.6.3/spring-boot-starter-web-2.6.3.pom
2025-03-16 18:29:01,231 [Worker-29: Importing Maven projects] INFO  o.e.m.c.i.e.AbstractTransferListenerAdapter - Downloading https://repo.maven.apache.org/maven2/org/springframework/boot/spring-boot-starter-json/2.6.3/spring-boot-starter-json-2.6.3.pom
2025-03-16 18:29:01,269 [Worker-29: Importing Maven projects] INFO  o.e.m.c.i.e.AbstractTransferListenerAdapter - Downloaded https://repo.maven.apache.org/maven2/org/springframework/boot/spring-boot-starter-json/2.6.3/spring-boot-starter-json-2.6.3.pom
2025-03-16 18:29:01,356 [Worker-29: Importing Maven projects] INFO  o.e.m.c.i.e.AbstractTransferListenerAdapter - Downloading https://repo.maven.apache.org/maven2/org/springframework/spring-web/5.3.15/spring-web-5.3.15.pom
2025-03-16 18:29:01,400 [Worker-29: Importing Maven projects] INFO  o.e.m.c.i.e.AbstractTransferListenerAdapter - Downloaded https://repo.maven.apache.org/maven2/org/springframework/spring-web/5.3.15/spring-web-5.3.15.pom
2025-03-16 18:29:01,501 [Worker-29: Importing Maven projects] INFO  o.e.m.c.i.e.AbstractTransferListenerAdapter - Downloading https://repo.maven.apache.org/maven2/com/fasterxml/jackson/core/jackson-databind/2.13.1/jackson-databind-2.13.1.pom
2025-03-16 18:29:01,539 [Worker-29: Importing Maven projects] INFO  o.e.m.c.i.e.AbstractTransferListenerAdapter - Downloaded https://repo.maven.apache.org/maven2/com/fasterxml/jackson/core/jackson-databind/2.13.1/jackson-databind-2.13.1.pom
2025-03-16 18:29:01,644 [Worker-29: Importing Maven projects] INFO  o.e.m.c.i.e.AbstractTransferListenerAdapter - Downloading https://repo.maven.apache.org/maven2/com/fasterxml/jackson/jackson-base/2.13.1/jackson-base-2.13.1.pom
2025-03-16 18:29:01,686 [Worker-29: Importing Maven projects] INFO  o.e.m.c.i.e.AbstractTransferListenerAdapter - Downloaded https://repo.maven.apache.org/maven2/com/fasterxml/jackson/jackson-base/2.13.1/jackson-base-2.13.1.pom
2025-03-16 18:29:01,793 [Worker-29: Importing Maven projects] INFO  o.e.m.c.i.e.AbstractTransferListenerAdapter - Downloading https://repo.maven.apache.org/maven2/com/fasterxml/jackson/core/jackson-annotations/2.13.1/jackson-annotations-2.13.1.pom
2025-03-16 18:29:01,829 [Worker-29: Importing Maven projects] INFO  o.e.m.c.i.e.AbstractTransferListenerAdapter - Downloaded https://repo.maven.apache.org/maven2/com/fasterxml/jackson/core/jackson-annotations/2.13.1/jackson-annotations-2.13.1.pom
2025-03-16 18:29:01,931 [Worker-29: Importing Maven projects] INFO  o.e.m.c.i.e.AbstractTransferListenerAdapter - Downloading https://repo.maven.apache.org/maven2/com/fasterxml/jackson/core/jackson-core/2.13.1/jackson-core-2.13.1.pom
2025-03-16 18:29:01,966 [Worker-29: Importing Maven projects] INFO  o.e.m.c.i.e.AbstractTransferListenerAdapter - Downloaded https://repo.maven.apache.org/maven2/com/fasterxml/jackson/core/jackson-core/2.13.1/jackson-core-2.13.1.pom
2025-03-16 18:29:02,054 [Worker-29: Importing Maven projects] INFO  o.e.m.c.i.e.AbstractTransferListenerAdapter - Downloading https://repo.maven.apache.org/maven2/com/fasterxml/jackson/datatype/jackson-datatype-jdk8/2.13.1/jackson-datatype-jdk8-2.13.1.pom
2025-03-16 18:29:02,099 [Worker-29: Importing Maven projects] INFO  o.e.m.c.i.e.AbstractTransferListenerAdapter - Downloaded https://repo.maven.apache.org/maven2/com/fasterxml/jackson/datatype/jackson-datatype-jdk8/2.13.1/jackson-datatype-jdk8-2.13.1.pom
2025-03-16 18:29:02,185 [Worker-29: Importing Maven projects] INFO  o.e.m.c.i.e.AbstractTransferListenerAdapter - Downloading https://repo.maven.apache.org/maven2/com/fasterxml/jackson/module/jackson-modules-java8/2.13.1/jackson-modules-java8-2.13.1.pom
2025-03-16 18:29:02,234 [Worker-29: Importing Maven projects] INFO  o.e.m.c.i.e.AbstractTransferListenerAdapter - Downloaded https://repo.maven.apache.org/maven2/com/fasterxml/jackson/module/jackson-modules-java8/2.13.1/jackson-modules-java8-2.13.1.pom
2025-03-16 18:29:02,325 [Worker-29: Importing Maven projects] INFO  o.e.m.c.i.e.AbstractTransferListenerAdapter - Downloading https://repo.maven.apache.org/maven2/com/fasterxml/jackson/datatype/jackson-datatype-jsr310/2.13.1/jackson-datatype-jsr310-2.13.1.pom
2025-03-16 18:29:02,368 [Worker-29: Importing Maven projects] INFO  o.e.m.c.i.e.AbstractTransferListenerAdapter - Downloaded https://repo.maven.apache.org/maven2/com/fasterxml/jackson/datatype/jackson-datatype-jsr310/2.13.1/jackson-datatype-jsr310-2.13.1.pom
2025-03-16 18:29:02,464 [Worker-29: Importing Maven projects] INFO  o.e.m.c.i.e.AbstractTransferListenerAdapter - Downloading https://repo.maven.apache.org/maven2/com/fasterxml/jackson/module/jackson-module-parameter-names/2.13.1/jackson-module-parameter-names-2.13.1.pom
2025-03-16 18:29:02,497 [Worker-29: Importing Maven projects] INFO  o.e.m.c.i.e.AbstractTransferListenerAdapter - Downloaded https://repo.maven.apache.org/maven2/com/fasterxml/jackson/module/jackson-module-parameter-names/2.13.1/jackson-module-parameter-names-2.13.1.pom
2025-03-16 18:29:02,584 [Worker-29: Importing Maven projects] INFO  o.e.m.c.i.e.AbstractTransferListenerAdapter - Downloading https://repo.maven.apache.org/maven2/org/springframework/boot/spring-boot-starter-tomcat/2.6.3/spring-boot-starter-tomcat-2.6.3.pom
2025-03-16 18:29:02,628 [Worker-29: Importing Maven projects] INFO  o.e.m.c.i.e.AbstractTransferListenerAdapter - Downloaded https://repo.maven.apache.org/maven2/org/springframework/boot/spring-boot-starter-tomcat/2.6.3/spring-boot-starter-tomcat-2.6.3.pom
2025-03-16 18:29:02,717 [Worker-29: Importing Maven projects] INFO  o.e.m.c.i.e.AbstractTransferListenerAdapter - Downloading https://repo.maven.apache.org/maven2/org/apache/tomcat/embed/tomcat-embed-core/9.0.56/tomcat-embed-core-9.0.56.pom
2025-03-16 18:29:02,760 [Worker-29: Importing Maven projects] INFO  o.e.m.c.i.e.AbstractTransferListenerAdapter - Downloaded https://repo.maven.apache.org/maven2/org/apache/tomcat/embed/tomcat-embed-core/9.0.56/tomcat-embed-core-9.0.56.pom
2025-03-16 18:29:02,845 [Worker-29: Importing Maven projects] INFO  o.e.m.c.i.e.AbstractTransferListenerAdapter - Downloading https://repo.maven.apache.org/maven2/org/apache/tomcat/embed/tomcat-embed-el/9.0.56/tomcat-embed-el-9.0.56.pom
2025-03-16 18:29:02,887 [Worker-29: Importing Maven projects] INFO  o.e.m.c.i.e.AbstractTransferListenerAdapter - Downloaded https://repo.maven.apache.org/maven2/org/apache/tomcat/embed/tomcat-embed-el/9.0.56/tomcat-embed-el-9.0.56.pom
2025-03-16 18:29:02,970 [Worker-29: Importing Maven projects] INFO  o.e.m.c.i.e.AbstractTransferListenerAdapter - Downloading https://repo.maven.apache.org/maven2/org/apache/tomcat/embed/tomcat-embed-websocket/9.0.56/tomcat-embed-websocket-9.0.56.pom
2025-03-16 18:29:03,018 [Worker-29: Importing Maven projects] INFO  o.e.m.c.i.e.AbstractTransferListenerAdapter - Downloaded https://repo.maven.apache.org/maven2/org/apache/tomcat/embed/tomcat-embed-websocket/9.0.56/tomcat-embed-websocket-9.0.56.pom
2025-03-16 18:29:03,109 [Worker-29: Importing Maven projects] INFO  o.e.m.c.i.e.AbstractTransferListenerAdapter - Downloading https://repo.maven.apache.org/maven2/org/springframework/spring-webmvc/5.3.15/spring-webmvc-5.3.15.pom
2025-03-16 18:29:03,143 [Worker-29: Importing Maven projects] INFO  o.e.m.c.i.e.AbstractTransferListenerAdapter - Downloaded https://repo.maven.apache.org/maven2/org/springframework/spring-webmvc/5.3.15/spring-webmvc-5.3.15.pom
2025-03-16 18:29:03,236 [Worker-29: Importing Maven projects] INFO  o.e.m.c.i.e.AbstractTransferListenerAdapter - Downloading https://repo.maven.apache.org/maven2/com/h2database/h2/1.4.200/h2-1.4.200.pom
2025-03-16 18:29:03,273 [Worker-29: Importing Maven projects] INFO  o.e.m.c.i.e.AbstractTransferListenerAdapter - Downloaded https://repo.maven.apache.org/maven2/com/h2database/h2/1.4.200/h2-1.4.200.pom
2025-03-16 18:29:03,356 [Worker-29: Importing Maven projects] INFO  o.e.m.c.i.e.AbstractTransferListenerAdapter - Downloading https://repo.maven.apache.org/maven2/org/projectlombok/lombok/1.18.22/lombok-1.18.22.pom
2025-03-16 18:29:03,394 [Worker-29: Importing Maven projects] INFO  o.e.m.c.i.e.AbstractTransferListenerAdapter - Downloaded https://repo.maven.apache.org/maven2/org/projectlombok/lombok/1.18.22/lombok-1.18.22.pom
2025-03-16 18:29:03,473 [Worker-29: Importing Maven projects] INFO  o.e.m.c.i.e.AbstractTransferListenerAdapter - Downloading https://repo.maven.apache.org/maven2/org/springframework/boot/spring-boot-starter-test/2.6.3/spring-boot-starter-test-2.6.3.pom
2025-03-16 18:29:03,515 [Worker-29: Importing Maven projects] INFO  o.e.m.c.i.e.AbstractTransferListenerAdapter - Downloaded https://repo.maven.apache.org/maven2/org/springframework/boot/spring-boot-starter-test/2.6.3/spring-boot-starter-test-2.6.3.pom
2025-03-16 18:29:03,598 [Worker-29: Importing Maven projects] INFO  o.e.m.c.i.e.AbstractTransferListenerAdapter - Downloading https://repo.maven.apache.org/maven2/org/springframework/boot/spring-boot-test/2.6.3/spring-boot-test-2.6.3.pom
2025-03-16 18:29:03,642 [Worker-29: Importing Maven projects] INFO  o.e.m.c.i.e.AbstractTransferListenerAdapter - Downloaded https://repo.maven.apache.org/maven2/org/springframework/boot/spring-boot-test/2.6.3/spring-boot-test-2.6.3.pom
2025-03-16 18:29:03,724 [Worker-29: Importing Maven projects] INFO  o.e.m.c.i.e.AbstractTransferListenerAdapter - Downloading https://repo.maven.apache.org/maven2/org/springframework/boot/spring-boot-test-autoconfigure/2.6.3/spring-boot-test-autoconfigure-2.6.3.pom
2025-03-16 18:29:03,769 [Worker-29: Importing Maven projects] INFO  o.e.m.c.i.e.AbstractTransferListenerAdapter - Downloaded https://repo.maven.apache.org/maven2/org/springframework/boot/spring-boot-test-autoconfigure/2.6.3/spring-boot-test-autoconfigure-2.6.3.pom
2025-03-16 18:29:03,854 [Worker-29: Importing Maven projects] INFO  o.e.m.c.i.e.AbstractTransferListenerAdapter - Downloading https://repo.maven.apache.org/maven2/com/jayway/jsonpath/json-path/2.6.0/json-path-2.6.0.pom
2025-03-16 18:29:03,896 [Worker-29: Importing Maven projects] INFO  o.e.m.c.i.e.AbstractTransferListenerAdapter - Downloaded https://repo.maven.apache.org/maven2/com/jayway/jsonpath/json-path/2.6.0/json-path-2.6.0.pom
2025-03-16 18:29:03,989 [Worker-29: Importing Maven projects] INFO  o.e.m.c.i.e.AbstractTransferListenerAdapter - Downloading https://repo.maven.apache.org/maven2/net/minidev/json-smart/2.4.7/json-smart-2.4.7.pom
2025-03-16 18:29:04,024 [Worker-29: Importing Maven projects] INFO  o.e.m.c.i.e.AbstractTransferListenerAdapter - Downloaded https://repo.maven.apache.org/maven2/net/minidev/json-smart/2.4.7/json-smart-2.4.7.pom
2025-03-16 18:29:04,119 [Worker-29: Importing Maven projects] INFO  o.e.m.c.i.e.AbstractTransferListenerAdapter - Downloading https://repo.maven.apache.org/maven2/net/minidev/accessors-smart/2.4.7/accessors-smart-2.4.7.pom
2025-03-16 18:29:04,167 [Worker-29: Importing Maven projects] INFO  o.e.m.c.i.e.AbstractTransferListenerAdapter - Downloaded https://repo.maven.apache.org/maven2/net/minidev/accessors-smart/2.4.7/accessors-smart-2.4.7.pom
2025-03-16 18:29:04,261 [Worker-29: Importing Maven projects] INFO  o.e.m.c.i.e.AbstractTransferListenerAdapter - Downloading https://repo.maven.apache.org/maven2/org/ow2/asm/asm/9.1/asm-9.1.pom
2025-03-16 18:29:04,299 [Worker-29: Importing Maven projects] INFO  o.e.m.c.i.e.AbstractTransferListenerAdapter - Downloaded https://repo.maven.apache.org/maven2/org/ow2/asm/asm/9.1/asm-9.1.pom
2025-03-16 18:29:04,386 [Worker-29: Importing Maven projects] INFO  o.e.m.c.i.e.AbstractTransferListenerAdapter - Downloading https://repo.maven.apache.org/maven2/jakarta/activation/jakarta.activation-api/1.2.2/jakarta.activation-api-1.2.2.pom
2025-03-16 18:29:04,428 [Worker-29: Importing Maven projects] INFO  o.e.m.c.i.e.AbstractTransferListenerAdapter - Downloaded https://repo.maven.apache.org/maven2/jakarta/activation/jakarta.activation-api/1.2.2/jakarta.activation-api-1.2.2.pom
2025-03-16 18:29:04,511 [Worker-29: Importing Maven projects] INFO  o.e.m.c.i.e.AbstractTransferListenerAdapter - Downloading https://repo.maven.apache.org/maven2/org/assertj/assertj-core/3.21.0/assertj-core-3.21.0.pom
2025-03-16 18:29:04,569 [Worker-29: Importing Maven projects] INFO  o.e.m.c.i.e.AbstractTransferListenerAdapter - Downloaded https://repo.maven.apache.org/maven2/org/assertj/assertj-core/3.21.0/assertj-core-3.21.0.pom
2025-03-16 18:29:04,672 [Worker-29: Importing Maven projects] INFO  o.e.m.c.i.e.AbstractTransferListenerAdapter - Downloading https://repo.maven.apache.org/maven2/org/assertj/assertj-parent-pom/2.2.13/assertj-parent-pom-2.2.13.pom
2025-03-16 18:29:04,719 [Worker-29: Importing Maven projects] INFO  o.e.m.c.i.e.AbstractTransferListenerAdapter - Downloaded https://repo.maven.apache.org/maven2/org/assertj/assertj-parent-pom/2.2.13/assertj-parent-pom-2.2.13.pom
2025-03-16 18:29:04,812 [Worker-29: Importing Maven projects] INFO  o.e.m.c.i.e.AbstractTransferListenerAdapter - Downloading https://repo.maven.apache.org/maven2/org/junit/junit-bom/5.8.0/junit-bom-5.8.0.pom
2025-03-16 18:29:04,854 [Worker-29: Importing Maven projects] INFO  o.e.m.c.i.e.AbstractTransferListenerAdapter - Downloaded https://repo.maven.apache.org/maven2/org/junit/junit-bom/5.8.0/junit-bom-5.8.0.pom
2025-03-16 18:29:04,945 [Worker-29: Importing Maven projects] INFO  o.e.m.c.i.e.AbstractTransferListenerAdapter - Downloading https://repo.maven.apache.org/maven2/org/junit/jupiter/junit-jupiter/5.8.2/junit-jupiter-5.8.2.pom
2025-03-16 18:29:04,986 [Worker-29: Importing Maven projects] INFO  o.e.m.c.i.e.AbstractTransferListenerAdapter - Downloaded https://repo.maven.apache.org/maven2/org/junit/jupiter/junit-jupiter/5.8.2/junit-jupiter-5.8.2.pom
2025-03-16 18:29:05,075 [Worker-29: Importing Maven projects] INFO  o.e.m.c.i.e.AbstractTransferListenerAdapter - Downloading https://repo.maven.apache.org/maven2/org/junit/jupiter/junit-jupiter-api/5.8.2/junit-jupiter-api-5.8.2.pom
2025-03-16 18:29:05,122 [Worker-29: Importing Maven projects] INFO  o.e.m.c.i.e.AbstractTransferListenerAdapter - Downloaded https://repo.maven.apache.org/maven2/org/junit/jupiter/junit-jupiter-api/5.8.2/junit-jupiter-api-5.8.2.pom
2025-03-16 18:29:05,220 [Worker-29: Importing Maven projects] INFO  o.e.m.c.i.e.AbstractTransferListenerAdapter - Downloading https://repo.maven.apache.org/maven2/org/opentest4j/opentest4j/1.2.0/opentest4j-1.2.0.pom
2025-03-16 18:29:05,254 [Worker-29: Importing Maven projects] INFO  o.e.m.c.i.e.AbstractTransferListenerAdapter - Downloaded https://repo.maven.apache.org/maven2/org/opentest4j/opentest4j/1.2.0/opentest4j-1.2.0.pom
2025-03-16 18:29:05,336 [Worker-29: Importing Maven projects] INFO  o.e.m.c.i.e.AbstractTransferListenerAdapter - Downloading https://repo.maven.apache.org/maven2/org/junit/platform/junit-platform-commons/1.8.2/junit-platform-commons-1.8.2.pom
2025-03-16 18:29:05,377 [Worker-29: Importing Maven projects] INFO  o.e.m.c.i.e.AbstractTransferListenerAdapter - Downloaded https://repo.maven.apache.org/maven2/org/junit/platform/junit-platform-commons/1.8.2/junit-platform-commons-1.8.2.pom
2025-03-16 18:29:05,463 [Worker-29: Importing Maven projects] INFO  o.e.m.c.i.e.AbstractTransferListenerAdapter - Downloading https://repo.maven.apache.org/maven2/org/junit/jupiter/junit-jupiter-params/5.8.2/junit-jupiter-params-5.8.2.pom
2025-03-16 18:29:05,509 [Worker-29: Importing Maven projects] INFO  o.e.m.c.i.e.AbstractTransferListenerAdapter - Downloaded https://repo.maven.apache.org/maven2/org/junit/jupiter/junit-jupiter-params/5.8.2/junit-jupiter-params-5.8.2.pom
2025-03-16 18:29:05,594 [Worker-29: Importing Maven projects] INFO  o.e.m.c.i.e.AbstractTransferListenerAdapter - Downloading https://repo.maven.apache.org/maven2/org/junit/jupiter/junit-jupiter-engine/5.8.2/junit-jupiter-engine-5.8.2.pom
2025-03-16 18:29:05,632 [Worker-29: Importing Maven projects] INFO  o.e.m.c.i.e.AbstractTransferListenerAdapter - Downloaded https://repo.maven.apache.org/maven2/org/junit/jupiter/junit-jupiter-engine/5.8.2/junit-jupiter-engine-5.8.2.pom
2025-03-16 18:29:05,721 [Worker-29: Importing Maven projects] INFO  o.e.m.c.i.e.AbstractTransferListenerAdapter - Downloading https://repo.maven.apache.org/maven2/org/junit/platform/junit-platform-engine/1.8.2/junit-platform-engine-1.8.2.pom
2025-03-16 18:29:05,764 [Worker-29: Importing Maven projects] INFO  o.e.m.c.i.e.AbstractTransferListenerAdapter - Downloaded https://repo.maven.apache.org/maven2/org/junit/platform/junit-platform-engine/1.8.2/junit-platform-engine-1.8.2.pom
2025-03-16 18:29:05,852 [Worker-29: Importing Maven projects] INFO  o.e.m.c.i.e.AbstractTransferListenerAdapter - Downloading https://repo.maven.apache.org/maven2/org/mockito/mockito-core/4.0.0/mockito-core-4.0.0.pom
2025-03-16 18:29:05,887 [Worker-29: Importing Maven projects] INFO  o.e.m.c.i.e.AbstractTransferListenerAdapter - Downloaded https://repo.maven.apache.org/maven2/org/mockito/mockito-core/4.0.0/mockito-core-4.0.0.pom
2025-03-16 18:29:05,971 [Worker-29: Importing Maven projects] INFO  o.e.m.c.i.e.AbstractTransferListenerAdapter - Downloading https://repo.maven.apache.org/maven2/net/bytebuddy/byte-buddy-agent/1.11.22/byte-buddy-agent-1.11.22.pom
2025-03-16 18:29:06,014 [Worker-29: Importing Maven projects] INFO  o.e.m.c.i.e.AbstractTransferListenerAdapter - Downloaded https://repo.maven.apache.org/maven2/net/bytebuddy/byte-buddy-agent/1.11.22/byte-buddy-agent-1.11.22.pom
2025-03-16 18:29:06,114 [Worker-29: Importing Maven projects] INFO  o.e.m.c.i.e.AbstractTransferListenerAdapter - Downloading https://repo.maven.apache.org/maven2/org/objenesis/objenesis/3.2/objenesis-3.2.pom
2025-03-16 18:29:06,158 [Worker-29: Importing Maven projects] INFO  o.e.m.c.i.e.AbstractTransferListenerAdapter - Downloaded https://repo.maven.apache.org/maven2/org/objenesis/objenesis/3.2/objenesis-3.2.pom
2025-03-16 18:29:06,251 [Worker-29: Importing Maven projects] INFO  o.e.m.c.i.e.AbstractTransferListenerAdapter - Downloading https://repo.maven.apache.org/maven2/org/objenesis/objenesis-parent/3.2/objenesis-parent-3.2.pom
2025-03-16 18:29:06,299 [Worker-29: Importing Maven projects] INFO  o.e.m.c.i.e.AbstractTransferListenerAdapter - Downloaded https://repo.maven.apache.org/maven2/org/objenesis/objenesis-parent/3.2/objenesis-parent-3.2.pom
2025-03-16 18:29:06,406 [Worker-29: Importing Maven projects] INFO  o.e.m.c.i.e.AbstractTransferListenerAdapter - Downloading https://repo.maven.apache.org/maven2/org/mockito/mockito-junit-jupiter/4.0.0/mockito-junit-jupiter-4.0.0.pom
2025-03-16 18:29:06,446 [Worker-29: Importing Maven projects] INFO  o.e.m.c.i.e.AbstractTransferListenerAdapter - Downloaded https://repo.maven.apache.org/maven2/org/mockito/mockito-junit-jupiter/4.0.0/mockito-junit-jupiter-4.0.0.pom
2025-03-16 18:29:06,533 [Worker-29: Importing Maven projects] INFO  o.e.m.c.i.e.AbstractTransferListenerAdapter - Downloading https://repo.maven.apache.org/maven2/org/skyscreamer/jsonassert/1.5.0/jsonassert-1.5.0.pom
2025-03-16 18:29:06,574 [Worker-29: Importing Maven projects] INFO  o.e.m.c.i.e.AbstractTransferListenerAdapter - Downloaded https://repo.maven.apache.org/maven2/org/skyscreamer/jsonassert/1.5.0/jsonassert-1.5.0.pom
2025-03-16 18:29:06,671 [Worker-29: Importing Maven projects] INFO  o.e.m.c.i.e.AbstractTransferListenerAdapter - Downloading https://repo.maven.apache.org/maven2/org/springframework/spring-test/5.3.15/spring-test-5.3.15.pom
2025-03-16 18:29:06,709 [Worker-29: Importing Maven projects] INFO  o.e.m.c.i.e.AbstractTransferListenerAdapter - Downloaded https://repo.maven.apache.org/maven2/org/springframework/spring-test/5.3.15/spring-test-5.3.15.pom
2025-03-16 18:29:06,801 [Worker-29: Importing Maven projects] INFO  o.e.m.c.i.e.AbstractTransferListenerAdapter - Downloading https://repo.maven.apache.org/maven2/org/xmlunit/xmlunit-core/2.8.4/xmlunit-core-2.8.4.pom
2025-03-16 18:29:06,839 [Worker-29: Importing Maven projects] INFO  o.e.m.c.i.e.AbstractTransferListenerAdapter - Downloaded https://repo.maven.apache.org/maven2/org/xmlunit/xmlunit-core/2.8.4/xmlunit-core-2.8.4.pom
2025-03-16 18:29:06,923 [Worker-29: Importing Maven projects] INFO  o.e.m.c.i.e.AbstractTransferListenerAdapter - Downloading https://repo.maven.apache.org/maven2/org/xmlunit/xmlunit-parent/2.8.4/xmlunit-parent-2.8.4.pom
2025-03-16 18:29:06,967 [Worker-29: Importing Maven projects] INFO  o.e.m.c.i.e.AbstractTransferListenerAdapter - Downloaded https://repo.maven.apache.org/maven2/org/xmlunit/xmlunit-parent/2.8.4/xmlunit-parent-2.8.4.pom
2025-03-16 18:29:07,192 [Worker-29: Importing Maven projects] INFO  o.e.m.c.i.e.AbstractTransferListenerAdapter - Downloading https://repo.maven.apache.org/maven2/org/springdoc/springdoc-openapi-ui/1.6.14/springdoc-openapi-ui-1.6.14.pom
2025-03-16 18:29:07,226 [Worker-29: Importing Maven projects] INFO  o.e.m.c.i.e.AbstractTransferListenerAdapter - Downloaded https://repo.maven.apache.org/maven2/org/springdoc/springdoc-openapi-ui/1.6.14/springdoc-openapi-ui-1.6.14.pom
2025-03-16 18:29:07,318 [Worker-29: Importing Maven projects] INFO  o.e.m.c.i.e.AbstractTransferListenerAdapter - Downloading https://repo.maven.apache.org/maven2/org/springdoc/springdoc-openapi/1.6.14/springdoc-openapi-1.6.14.pom
2025-03-16 18:29:07,360 [Worker-29: Importing Maven projects] INFO  o.e.m.c.i.e.AbstractTransferListenerAdapter - Downloaded https://repo.maven.apache.org/maven2/org/springdoc/springdoc-openapi/1.6.14/springdoc-openapi-1.6.14.pom
2025-03-16 18:29:07,472 [Worker-29: Importing Maven projects] INFO  o.e.m.c.i.e.AbstractTransferListenerAdapter - Downloading https://repo.maven.apache.org/maven2/org/springframework/boot/spring-boot-starter-parent/2.7.6/spring-boot-starter-parent-2.7.6.pom
2025-03-16 18:29:07,531 [Worker-29: Importing Maven projects] INFO  o.e.m.c.i.e.AbstractTransferListenerAdapter - Downloaded https://repo.maven.apache.org/maven2/org/springframework/boot/spring-boot-starter-parent/2.7.6/spring-boot-starter-parent-2.7.6.pom
2025-03-16 18:29:07,642 [Worker-29: Importing Maven projects] INFO  o.e.m.c.i.e.AbstractTransferListenerAdapter - Downloading https://repo.maven.apache.org/maven2/org/springframework/boot/spring-boot-dependencies/2.7.6/spring-boot-dependencies-2.7.6.pom
2025-03-16 18:29:07,731 [Worker-29: Importing Maven projects] INFO  o.e.m.c.i.e.AbstractTransferListenerAdapter - Downloaded https://repo.maven.apache.org/maven2/org/springframework/boot/spring-boot-dependencies/2.7.6/spring-boot-dependencies-2.7.6.pom
2025-03-16 18:29:07,847 [Worker-29: Importing Maven projects] INFO  o.e.m.c.i.e.AbstractTransferListenerAdapter - Downloading https://repo.maven.apache.org/maven2/com/datastax/oss/java-driver-bom/4.14.1/java-driver-bom-4.14.1.pom
2025-03-16 18:29:07,887 [Worker-29: Importing Maven projects] INFO  o.e.m.c.i.e.AbstractTransferListenerAdapter - Downloaded https://repo.maven.apache.org/maven2/com/datastax/oss/java-driver-bom/4.14.1/java-driver-bom-4.14.1.pom
2025-03-16 18:29:07,980 [Worker-29: Importing Maven projects] INFO  o.e.m.c.i.e.AbstractTransferListenerAdapter - Downloading https://repo.maven.apache.org/maven2/io/dropwizard/metrics/metrics-bom/4.2.13/metrics-bom-4.2.13.pom
2025-03-16 18:29:08,024 [Worker-29: Importing Maven projects] INFO  o.e.m.c.i.e.AbstractTransferListenerAdapter - Downloaded https://repo.maven.apache.org/maven2/io/dropwizard/metrics/metrics-bom/4.2.13/metrics-bom-4.2.13.pom
2025-03-16 18:29:08,131 [Worker-29: Importing Maven projects] INFO  o.e.m.c.i.e.AbstractTransferListenerAdapter - Downloading https://repo.maven.apache.org/maven2/io/dropwizard/metrics/metrics-parent/4.2.13/metrics-parent-4.2.13.pom
2025-03-16 18:29:08,170 [Worker-29: Importing Maven projects] INFO  o.e.m.c.i.e.AbstractTransferListenerAdapter - Downloaded https://repo.maven.apache.org/maven2/io/dropwizard/metrics/metrics-parent/4.2.13/metrics-parent-4.2.13.pom
2025-03-16 18:29:08,268 [Worker-29: Importing Maven projects] INFO  o.e.m.c.i.e.AbstractTransferListenerAdapter - Downloading https://repo.maven.apache.org/maven2/org/codehaus/groovy/groovy-bom/3.0.13/groovy-bom-3.0.13.pom
2025-03-16 18:29:08,306 [Worker-29: Importing Maven projects] INFO  o.e.m.c.i.e.AbstractTransferListenerAdapter - Downloaded https://repo.maven.apache.org/maven2/org/codehaus/groovy/groovy-bom/3.0.13/groovy-bom-3.0.13.pom
2025-03-16 18:29:08,411 [Worker-29: Importing Maven projects] INFO  o.e.m.c.i.e.AbstractTransferListenerAdapter - Downloading https://repo.maven.apache.org/maven2/org/infinispan/infinispan-bom/13.0.12.Final/infinispan-bom-13.0.12.Final.pom
2025-03-16 18:29:08,448 [Worker-29: Importing Maven projects] INFO  o.e.m.c.i.e.AbstractTransferListenerAdapter - Downloaded https://repo.maven.apache.org/maven2/org/infinispan/infinispan-bom/13.0.12.Final/infinispan-bom-13.0.12.Final.pom
2025-03-16 18:29:08,544 [Worker-29: Importing Maven projects] INFO  o.e.m.c.i.e.AbstractTransferListenerAdapter - Downloading https://repo.maven.apache.org/maven2/org/infinispan/infinispan-build-configuration-parent/13.0.12.Final/infinispan-build-configuration-parent-13.0.12.Final.pom
2025-03-16 18:29:08,580 [Worker-29: Importing Maven projects] INFO  o.e.m.c.i.e.AbstractTransferListenerAdapter - Downloaded https://repo.maven.apache.org/maven2/org/infinispan/infinispan-build-configuration-parent/13.0.12.Final/infinispan-build-configuration-parent-13.0.12.Final.pom
2025-03-16 18:29:08,681 [Worker-29: Importing Maven projects] INFO  o.e.m.c.i.e.AbstractTransferListenerAdapter - Downloading https://repo.maven.apache.org/maven2/com/fasterxml/jackson/jackson-bom/2.13.4.20221013/jackson-bom-2.13.4.20221013.pom
2025-03-16 18:29:08,729 [Worker-29: Importing Maven projects] INFO  o.e.m.c.i.e.AbstractTransferListenerAdapter - Downloaded https://repo.maven.apache.org/maven2/com/fasterxml/jackson/jackson-bom/2.13.4.20221013/jackson-bom-2.13.4.20221013.pom
2025-03-16 18:29:08,836 [Worker-29: Importing Maven projects] INFO  o.e.m.c.i.e.AbstractTransferListenerAdapter - Downloading https://repo.maven.apache.org/maven2/org/eclipse/jetty/jetty-bom/9.4.49.v20220914/jetty-bom-9.4.49.v20220914.pom
2025-03-16 18:29:08,883 [Worker-29: Importing Maven projects] INFO  o.e.m.c.i.e.AbstractTransferListenerAdapter - Downloaded https://repo.maven.apache.org/maven2/org/eclipse/jetty/jetty-bom/9.4.49.v20220914/jetty-bom-9.4.49.v20220914.pom
2025-03-16 18:29:08,988 [Worker-29: Importing Maven projects] INFO  o.e.m.c.i.e.AbstractTransferListenerAdapter - Downloading https://repo.maven.apache.org/maven2/org/jetbrains/kotlin/kotlin-bom/1.6.21/kotlin-bom-1.6.21.pom
2025-03-16 18:29:09,036 [Worker-29: Importing Maven projects] INFO  o.e.m.c.i.e.AbstractTransferListenerAdapter - Downloaded https://repo.maven.apache.org/maven2/org/jetbrains/kotlin/kotlin-bom/1.6.21/kotlin-bom-1.6.21.pom
2025-03-16 18:29:09,142 [Worker-29: Importing Maven projects] INFO  o.e.m.c.i.e.AbstractTransferListenerAdapter - Downloading https://repo.maven.apache.org/maven2/org/jetbrains/kotlinx/kotlinx-coroutines-bom/1.6.4/kotlinx-coroutines-bom-1.6.4.pom
2025-03-16 18:29:09,179 [Worker-29: Importing Maven projects] INFO  o.e.m.c.i.e.AbstractTransferListenerAdapter - Downloaded https://repo.maven.apache.org/maven2/org/jetbrains/kotlinx/kotlinx-coroutines-bom/1.6.4/kotlinx-coroutines-bom-1.6.4.pom
2025-03-16 18:29:09,267 [Worker-29: Importing Maven projects] INFO  o.e.m.c.i.e.AbstractTransferListenerAdapter - Downloading https://repo.maven.apache.org/maven2/org/apache/logging/log4j/log4j-bom/2.17.2/log4j-bom-2.17.2.pom
2025-03-16 18:29:09,299 [Worker-29: Importing Maven projects] INFO  o.e.m.c.i.e.AbstractTransferListenerAdapter - Downloaded https://repo.maven.apache.org/maven2/org/apache/logging/log4j/log4j-bom/2.17.2/log4j-bom-2.17.2.pom
2025-03-16 18:29:09,401 [Worker-29: Importing Maven projects] INFO  o.e.m.c.i.e.AbstractTransferListenerAdapter - Downloading https://repo.maven.apache.org/maven2/org/apache/logging/logging-parent/5/logging-parent-5.pom
2025-03-16 18:29:09,437 [Worker-29: Importing Maven projects] INFO  o.e.m.c.i.e.AbstractTransferListenerAdapter - Downloaded https://repo.maven.apache.org/maven2/org/apache/logging/logging-parent/5/logging-parent-5.pom
2025-03-16 18:29:09,520 [Worker-29: Importing Maven projects] INFO  o.e.m.c.i.e.AbstractTransferListenerAdapter - Downloading https://repo.maven.apache.org/maven2/org/apache/apache/24/apache-24.pom
2025-03-16 18:29:09,570 [Worker-29: Importing Maven projects] INFO  o.e.m.c.i.e.AbstractTransferListenerAdapter - Downloaded https://repo.maven.apache.org/maven2/org/apache/apache/24/apache-24.pom
2025-03-16 18:29:09,670 [Worker-29: Importing Maven projects] INFO  o.e.m.c.i.e.AbstractTransferListenerAdapter - Downloading https://repo.maven.apache.org/maven2/io/micrometer/micrometer-bom/1.9.6/micrometer-bom-1.9.6.pom
2025-03-16 18:29:09,713 [Worker-29: Importing Maven projects] INFO  o.e.m.c.i.e.AbstractTransferListenerAdapter - Downloaded https://repo.maven.apache.org/maven2/io/micrometer/micrometer-bom/1.9.6/micrometer-bom-1.9.6.pom
2025-03-16 18:29:09,799 [Worker-29: Importing Maven projects] INFO  o.e.m.c.i.e.AbstractTransferListenerAdapter - Downloading https://repo.maven.apache.org/maven2/org/mockito/mockito-bom/4.5.1/mockito-bom-4.5.1.pom
2025-03-16 18:29:09,843 [Worker-29: Importing Maven projects] INFO  o.e.m.c.i.e.AbstractTransferListenerAdapter - Downloaded https://repo.maven.apache.org/maven2/org/mockito/mockito-bom/4.5.1/mockito-bom-4.5.1.pom
2025-03-16 18:29:09,929 [Worker-29: Importing Maven projects] INFO  o.e.m.c.i.e.AbstractTransferListenerAdapter - Downloading https://repo.maven.apache.org/maven2/io/netty/netty-bom/4.1.85.Final/netty-bom-4.1.85.Final.pom
2025-03-16 18:29:09,972 [Worker-29: Importing Maven projects] INFO  o.e.m.c.i.e.AbstractTransferListenerAdapter - Downloaded https://repo.maven.apache.org/maven2/io/netty/netty-bom/4.1.85.Final/netty-bom-4.1.85.Final.pom
2025-03-16 18:29:10,064 [Worker-29: Importing Maven projects] INFO  o.e.m.c.i.e.AbstractTransferListenerAdapter - Downloading https://repo.maven.apache.org/maven2/com/squareup/okhttp3/okhttp-bom/4.9.3/okhttp-bom-4.9.3.pom
2025-03-16 18:29:10,111 [Worker-29: Importing Maven projects] INFO  o.e.m.c.i.e.AbstractTransferListenerAdapter - Downloaded https://repo.maven.apache.org/maven2/com/squareup/okhttp3/okhttp-bom/4.9.3/okhttp-bom-4.9.3.pom
2025-03-16 18:29:10,205 [Worker-29: Importing Maven projects] INFO  o.e.m.c.i.e.AbstractTransferListenerAdapter - Downloading https://repo.maven.apache.org/maven2/com/oracle/database/jdbc/ojdbc-bom/21.5.0.0/ojdbc-bom-21.5.0.0.pom
2025-03-16 18:29:10,242 [Worker-29: Importing Maven projects] INFO  o.e.m.c.i.e.AbstractTransferListenerAdapter - Downloaded https://repo.maven.apache.org/maven2/com/oracle/database/jdbc/ojdbc-bom/21.5.0.0/ojdbc-bom-21.5.0.0.pom
2025-03-16 18:29:10,347 [Worker-29: Importing Maven projects] INFO  o.e.m.c.i.e.AbstractTransferListenerAdapter - Downloading https://repo.maven.apache.org/maven2/io/prometheus/simpleclient_bom/0.15.0/simpleclient_bom-0.15.0.pom
2025-03-16 18:29:10,386 [Worker-29: Importing Maven projects] INFO  o.e.m.c.i.e.AbstractTransferListenerAdapter - Downloaded https://repo.maven.apache.org/maven2/io/prometheus/simpleclient_bom/0.15.0/simpleclient_bom-0.15.0.pom
2025-03-16 18:29:10,493 [Worker-29: Importing Maven projects] INFO  o.e.m.c.i.e.AbstractTransferListenerAdapter - Downloading https://repo.maven.apache.org/maven2/io/prometheus/parent/0.15.0/parent-0.15.0.pom
2025-03-16 18:29:10,536 [Worker-29: Importing Maven projects] INFO  o.e.m.c.i.e.AbstractTransferListenerAdapter - Downloaded https://repo.maven.apache.org/maven2/io/prometheus/parent/0.15.0/parent-0.15.0.pom
2025-03-16 18:29:10,632 [Worker-29: Importing Maven projects] INFO  o.e.m.c.i.e.AbstractTransferListenerAdapter - Downloading https://repo.maven.apache.org/maven2/io/r2dbc/r2dbc-bom/Borca-SR2/r2dbc-bom-Borca-SR2.pom
2025-03-16 18:29:10,682 [Worker-29: Importing Maven projects] INFO  o.e.m.c.i.e.AbstractTransferListenerAdapter - Downloaded https://repo.maven.apache.org/maven2/io/r2dbc/r2dbc-bom/Borca-SR2/r2dbc-bom-Borca-SR2.pom
2025-03-16 18:29:10,766 [Worker-29: Importing Maven projects] INFO  o.e.m.c.i.e.AbstractTransferListenerAdapter - Downloading https://repo.maven.apache.org/maven2/io/projectreactor/reactor-bom/2020.0.25/reactor-bom-2020.0.25.pom
2025-03-16 18:29:10,812 [Worker-29: Importing Maven projects] INFO  o.e.m.c.i.e.AbstractTransferListenerAdapter - Downloaded https://repo.maven.apache.org/maven2/io/projectreactor/reactor-bom/2020.0.25/reactor-bom-2020.0.25.pom
2025-03-16 18:29:10,892 [Worker-29: Importing Maven projects] INFO  o.e.m.c.i.e.AbstractTransferListenerAdapter - Downloading https://repo.maven.apache.org/maven2/io/rest-assured/rest-assured-bom/4.5.1/rest-assured-bom-4.5.1.pom
2025-03-16 18:29:10,933 [Worker-29: Importing Maven projects] INFO  o.e.m.c.i.e.AbstractTransferListenerAdapter - Downloaded https://repo.maven.apache.org/maven2/io/rest-assured/rest-assured-bom/4.5.1/rest-assured-bom-4.5.1.pom
2025-03-16 18:29:11,025 [Worker-29: Importing Maven projects] INFO  o.e.m.c.i.e.AbstractTransferListenerAdapter - Downloading https://repo.maven.apache.org/maven2/io/rsocket/rsocket-bom/1.1.3/rsocket-bom-1.1.3.pom
2025-03-16 18:29:11,065 [Worker-29: Importing Maven projects] INFO  o.e.m.c.i.e.AbstractTransferListenerAdapter - Downloaded https://repo.maven.apache.org/maven2/io/rsocket/rsocket-bom/1.1.3/rsocket-bom-1.1.3.pom
2025-03-16 18:29:11,154 [Worker-29: Importing Maven projects] INFO  o.e.m.c.i.e.AbstractTransferListenerAdapter - Downloading https://repo.maven.apache.org/maven2/org/springframework/data/spring-data-bom/2021.2.6/spring-data-bom-2021.2.6.pom
2025-03-16 18:29:11,202 [Worker-29: Importing Maven projects] INFO  o.e.m.c.i.e.AbstractTransferListenerAdapter - Downloaded https://repo.maven.apache.org/maven2/org/springframework/data/spring-data-bom/2021.2.6/spring-data-bom-2021.2.6.pom
2025-03-16 18:29:11,291 [Worker-29: Importing Maven projects] INFO  o.e.m.c.i.e.AbstractTransferListenerAdapter - Downloading https://repo.maven.apache.org/maven2/org/springframework/spring-framework-bom/5.3.24/spring-framework-bom-5.3.24.pom
2025-03-16 18:29:11,334 [Worker-29: Importing Maven projects] INFO  o.e.m.c.i.e.AbstractTransferListenerAdapter - Downloaded https://repo.maven.apache.org/maven2/org/springframework/spring-framework-bom/5.3.24/spring-framework-bom-5.3.24.pom
2025-03-16 18:29:11,424 [Worker-29: Importing Maven projects] INFO  o.e.m.c.i.e.AbstractTransferListenerAdapter - Downloading https://repo.maven.apache.org/maven2/org/springframework/integration/spring-integration-bom/5.5.15/spring-integration-bom-5.5.15.pom
2025-03-16 18:29:11,470 [Worker-29: Importing Maven projects] INFO  o.e.m.c.i.e.AbstractTransferListenerAdapter - Downloaded https://repo.maven.apache.org/maven2/org/springframework/integration/spring-integration-bom/5.5.15/spring-integration-bom-5.5.15.pom
2025-03-16 18:29:11,568 [Worker-29: Importing Maven projects] INFO  o.e.m.c.i.e.AbstractTransferListenerAdapter - Downloading https://repo.maven.apache.org/maven2/org/springframework/security/spring-security-bom/5.7.5/spring-security-bom-5.7.5.pom
2025-03-16 18:29:11,613 [Worker-29: Importing Maven projects] INFO  o.e.m.c.i.e.AbstractTransferListenerAdapter - Downloaded https://repo.maven.apache.org/maven2/org/springframework/security/spring-security-bom/5.7.5/spring-security-bom-5.7.5.pom
2025-03-16 18:29:11,699 [Worker-29: Importing Maven projects] INFO  o.e.m.c.i.e.AbstractTransferListenerAdapter - Downloading https://repo.maven.apache.org/maven2/org/springframework/session/spring-session-bom/2021.2.0/spring-session-bom-2021.2.0.pom
2025-03-16 18:29:11,746 [Worker-29: Importing Maven projects] INFO  o.e.m.c.i.e.AbstractTransferListenerAdapter - Downloaded https://repo.maven.apache.org/maven2/org/springframework/session/spring-session-bom/2021.2.0/spring-session-bom-2021.2.0.pom
2025-03-16 18:29:11,835 [Worker-29: Importing Maven projects] INFO  o.e.m.c.i.e.AbstractTransferListenerAdapter - Downloading https://repo.maven.apache.org/maven2/org/springdoc/springdoc-openapi-webmvc-core/1.6.14/springdoc-openapi-webmvc-core-1.6.14.pom
2025-03-16 18:29:11,872 [Worker-29: Importing Maven projects] INFO  o.e.m.c.i.e.AbstractTransferListenerAdapter - Downloaded https://repo.maven.apache.org/maven2/org/springdoc/springdoc-openapi-webmvc-core/1.6.14/springdoc-openapi-webmvc-core-1.6.14.pom
2025-03-16 18:29:11,966 [Worker-29: Importing Maven projects] INFO  o.e.m.c.i.e.AbstractTransferListenerAdapter - Downloading https://repo.maven.apache.org/maven2/org/springdoc/springdoc-openapi-common/1.6.14/springdoc-openapi-common-1.6.14.pom
2025-03-16 18:29:12,007 [Worker-29: Importing Maven projects] INFO  o.e.m.c.i.e.AbstractTransferListenerAdapter - Downloaded https://repo.maven.apache.org/maven2/org/springdoc/springdoc-openapi-common/1.6.14/springdoc-openapi-common-1.6.14.pom
2025-03-16 18:29:12,102 [Worker-29: Importing Maven projects] INFO  o.e.m.c.i.e.AbstractTransferListenerAdapter - Downloading https://repo.maven.apache.org/maven2/io/swagger/core/v3/swagger-core/2.2.7/swagger-core-2.2.7.pom
2025-03-16 18:29:12,147 [Worker-29: Importing Maven projects] INFO  o.e.m.c.i.e.AbstractTransferListenerAdapter - Downloaded https://repo.maven.apache.org/maven2/io/swagger/core/v3/swagger-core/2.2.7/swagger-core-2.2.7.pom
2025-03-16 18:29:12,252 [Worker-29: Importing Maven projects] INFO  o.e.m.c.i.e.AbstractTransferListenerAdapter - Downloading https://repo.maven.apache.org/maven2/io/swagger/core/v3/swagger-project/2.2.7/swagger-project-2.2.7.pom
2025-03-16 18:29:12,305 [Worker-29: Importing Maven projects] INFO  o.e.m.c.i.e.AbstractTransferListenerAdapter - Downloaded https://repo.maven.apache.org/maven2/io/swagger/core/v3/swagger-project/2.2.7/swagger-project-2.2.7.pom
2025-03-16 18:29:12,414 [Worker-29: Importing Maven projects] INFO  o.e.m.c.i.e.AbstractTransferListenerAdapter - Downloading https://repo.maven.apache.org/maven2/com/fasterxml/jackson/dataformat/jackson-dataformat-yaml/2.13.1/jackson-dataformat-yaml-2.13.1.pom
2025-03-16 18:29:12,450 [Worker-29: Importing Maven projects] INFO  o.e.m.c.i.e.AbstractTransferListenerAdapter - Downloaded https://repo.maven.apache.org/maven2/com/fasterxml/jackson/dataformat/jackson-dataformat-yaml/2.13.1/jackson-dataformat-yaml-2.13.1.pom
2025-03-16 18:29:12,537 [Worker-29: Importing Maven projects] INFO  o.e.m.c.i.e.AbstractTransferListenerAdapter - Downloading https://repo.maven.apache.org/maven2/com/fasterxml/jackson/dataformat/jackson-dataformats-text/2.13.1/jackson-dataformats-text-2.13.1.pom
2025-03-16 18:29:12,585 [Worker-29: Importing Maven projects] INFO  o.e.m.c.i.e.AbstractTransferListenerAdapter - Downloaded https://repo.maven.apache.org/maven2/com/fasterxml/jackson/dataformat/jackson-dataformats-text/2.13.1/jackson-dataformats-text-2.13.1.pom
2025-03-16 18:29:12,674 [Worker-29: Importing Maven projects] INFO  o.e.m.c.i.e.AbstractTransferListenerAdapter - Downloading https://repo.maven.apache.org/maven2/io/swagger/core/v3/swagger-annotations/2.2.7/swagger-annotations-2.2.7.pom
2025-03-16 18:29:12,716 [Worker-29: Importing Maven projects] INFO  o.e.m.c.i.e.AbstractTransferListenerAdapter - Downloaded https://repo.maven.apache.org/maven2/io/swagger/core/v3/swagger-annotations/2.2.7/swagger-annotations-2.2.7.pom
2025-03-16 18:29:12,805 [Worker-29: Importing Maven projects] INFO  o.e.m.c.i.e.AbstractTransferListenerAdapter - Downloading https://repo.maven.apache.org/maven2/io/swagger/core/v3/swagger-models/2.2.7/swagger-models-2.2.7.pom
2025-03-16 18:29:12,847 [Worker-29: Importing Maven projects] INFO  o.e.m.c.i.e.AbstractTransferListenerAdapter - Downloaded https://repo.maven.apache.org/maven2/io/swagger/core/v3/swagger-models/2.2.7/swagger-models-2.2.7.pom
2025-03-16 18:29:12,937 [Worker-29: Importing Maven projects] INFO  o.e.m.c.i.e.AbstractTransferListenerAdapter - Downloading https://repo.maven.apache.org/maven2/jakarta/validation/jakarta.validation-api/2.0.2/jakarta.validation-api-2.0.2.pom
2025-03-16 18:29:12,983 [Worker-29: Importing Maven projects] INFO  o.e.m.c.i.e.AbstractTransferListenerAdapter - Downloaded https://repo.maven.apache.org/maven2/jakarta/validation/jakarta.validation-api/2.0.2/jakarta.validation-api-2.0.2.pom
2025-03-16 18:29:13,078 [Worker-29: Importing Maven projects] INFO  o.e.m.c.i.e.AbstractTransferListenerAdapter - Downloading https://repo.maven.apache.org/maven2/org/webjars/swagger-ui/4.15.5/swagger-ui-4.15.5.pom
2025-03-16 18:29:13,127 [Worker-29: Importing Maven projects] INFO  o.e.m.c.i.e.AbstractTransferListenerAdapter - Downloaded https://repo.maven.apache.org/maven2/org/webjars/swagger-ui/4.15.5/swagger-ui-4.15.5.pom
2025-03-16 18:29:13,210 [Worker-29: Importing Maven projects] INFO  o.e.m.c.i.e.AbstractTransferListenerAdapter - Downloading https://repo.maven.apache.org/maven2/org/webjars/webjars-locator-core/0.48/webjars-locator-core-0.48.pom
2025-03-16 18:29:13,255 [Worker-29: Importing Maven projects] INFO  o.e.m.c.i.e.AbstractTransferListenerAdapter - Downloaded https://repo.maven.apache.org/maven2/org/webjars/webjars-locator-core/0.48/webjars-locator-core-0.48.pom
2025-03-16 18:29:13,355 [Worker-29: Importing Maven projects] INFO  o.e.m.c.i.e.AbstractTransferListenerAdapter - Downloading https://repo.maven.apache.org/maven2/io/github/classgraph/classgraph/4.8.149/classgraph-4.8.149.pom
2025-03-16 18:29:13,401 [Worker-29: Importing Maven projects] INFO  o.e.m.c.i.e.AbstractTransferListenerAdapter - Downloaded https://repo.maven.apache.org/maven2/io/github/classgraph/classgraph/4.8.149/classgraph-4.8.149.pom
2025-03-16 18:29:13,512 [Worker-29: Importing Maven projects] INFO  o.e.m.c.i.e.AbstractTransferListenerAdapter - Downloading https://repo.maven.apache.org/maven2/org/springframework/boot/spring-boot-starter-validation/2.6.3/spring-boot-starter-validation-2.6.3.pom
2025-03-16 18:29:13,554 [Worker-29: Importing Maven projects] INFO  o.e.m.c.i.e.AbstractTransferListenerAdapter - Downloaded https://repo.maven.apache.org/maven2/org/springframework/boot/spring-boot-starter-validation/2.6.3/spring-boot-starter-validation-2.6.3.pom
2025-03-16 18:29:13,654 [Worker-29: Importing Maven projects] INFO  o.e.m.c.i.e.AbstractTransferListenerAdapter - Downloading https://repo.maven.apache.org/maven2/org/hibernate/validator/hibernate-validator/6.2.0.Final/hibernate-validator-6.2.0.Final.pom
2025-03-16 18:29:13,691 [Worker-29: Importing Maven projects] INFO  o.e.m.c.i.e.AbstractTransferListenerAdapter - Downloaded https://repo.maven.apache.org/maven2/org/hibernate/validator/hibernate-validator/6.2.0.Final/hibernate-validator-6.2.0.Final.pom
2025-03-16 18:29:13,788 [Worker-29: Importing Maven projects] INFO  o.e.m.c.i.e.AbstractTransferListenerAdapter - Downloading https://repo.maven.apache.org/maven2/org/hibernate/validator/hibernate-validator-parent/6.2.0.Final/hibernate-validator-parent-6.2.0.Final.pom
2025-03-16 18:29:13,830 [Worker-29: Importing Maven projects] INFO  o.e.m.c.i.e.AbstractTransferListenerAdapter - Downloaded https://repo.maven.apache.org/maven2/org/hibernate/validator/hibernate-validator-parent/6.2.0.Final/hibernate-validator-parent-6.2.0.Final.pom
2025-03-16 18:29:13,929 [Worker-29: Importing Maven projects] INFO  o.e.m.c.i.e.AbstractTransferListenerAdapter - Downloading https://repo.maven.apache.org/maven2/org/jboss/arquillian/arquillian-bom/1.6.0.Final/arquillian-bom-1.6.0.Final.pom
2025-03-16 18:29:13,971 [Worker-29: Importing Maven projects] INFO  o.e.m.c.i.e.AbstractTransferListenerAdapter - Downloaded https://repo.maven.apache.org/maven2/org/jboss/arquillian/arquillian-bom/1.6.0.Final/arquillian-bom-1.6.0.Final.pom
2025-03-16 18:29:14,071 [Worker-29: Importing Maven projects] INFO  o.e.m.c.i.e.AbstractTransferListenerAdapter - Downloading https://repo.maven.apache.org/maven2/org/jboss/shrinkwrap/shrinkwrap-bom/1.2.6/shrinkwrap-bom-1.2.6.pom
2025-03-16 18:29:14,122 [Worker-29: Importing Maven projects] INFO  o.e.m.c.i.e.AbstractTransferListenerAdapter - Downloaded https://repo.maven.apache.org/maven2/org/jboss/shrinkwrap/shrinkwrap-bom/1.2.6/shrinkwrap-bom-1.2.6.pom
2025-03-16 18:29:14,204 [Worker-29: Importing Maven projects] INFO  o.e.m.c.i.e.AbstractTransferListenerAdapter - Downloading https://repo.maven.apache.org/maven2/org/jboss/shrinkwrap/resolver/shrinkwrap-resolver-bom/3.1.4/shrinkwrap-resolver-bom-3.1.4.pom
2025-03-16 18:29:14,246 [Worker-29: Importing Maven projects] INFO  o.e.m.c.i.e.AbstractTransferListenerAdapter - Downloaded https://repo.maven.apache.org/maven2/org/jboss/shrinkwrap/resolver/shrinkwrap-resolver-bom/3.1.4/shrinkwrap-resolver-bom-3.1.4.pom
2025-03-16 18:29:14,330 [Worker-29: Importing Maven projects] INFO  o.e.m.c.i.e.AbstractTransferListenerAdapter - Downloading https://repo.maven.apache.org/maven2/org/apache/maven/maven/3.6.3/maven-3.6.3.pom
2025-03-16 18:29:14,374 [Worker-29: Importing Maven projects] INFO  o.e.m.c.i.e.AbstractTransferListenerAdapter - Downloaded https://repo.maven.apache.org/maven2/org/apache/maven/maven/3.6.3/maven-3.6.3.pom
2025-03-16 18:29:14,479 [Worker-29: Importing Maven projects] INFO  o.e.m.c.i.e.AbstractTransferListenerAdapter - Downloading https://repo.maven.apache.org/maven2/org/jboss/shrinkwrap/descriptors/shrinkwrap-descriptors-bom/2.0.0/shrinkwrap-descriptors-bom-2.0.0.pom
2025-03-16 18:29:14,513 [Worker-29: Importing Maven projects] INFO  o.e.m.c.i.e.AbstractTransferListenerAdapter - Downloaded https://repo.maven.apache.org/maven2/org/jboss/shrinkwrap/descriptors/shrinkwrap-descriptors-bom/2.0.0/shrinkwrap-descriptors-bom-2.0.0.pom
2025-03-16 18:29:14,652 [Worker-29: Importing Maven projects] INFO  o.e.m.c.i.e.AbstractTransferListenerAdapter - Downloading https://repo.maven.apache.org/maven2/org/springframework/boot/spring-boot-starter-data-jpa/2.6.3/spring-boot-starter-data-jpa-2.6.3.jar
2025-03-16 18:29:14,710 [Worker-29: Importing Maven projects] INFO  o.e.m.c.i.e.AbstractTransferListenerAdapter - Downloaded https://repo.maven.apache.org/maven2/org/springframework/boot/spring-boot-starter-data-jpa/2.6.3/spring-boot-starter-data-jpa-2.6.3.jar
2025-03-16 18:29:14,785 [BasicRepositoryConnector-repo.maven.apache.org-1-2] INFO  o.e.m.c.i.e.AbstractTransferListenerAdapter - Downloading https://repo.maven.apache.org/maven2/org/aspectj/aspectjweaver/1.9.7/aspectjweaver-1.9.7.jar
2025-03-16 18:29:14,786 [BasicRepositoryConnector-repo.maven.apache.org-1-0] INFO  o.e.m.c.i.e.AbstractTransferListenerAdapter - Downloading https://repo.maven.apache.org/maven2/org/springframework/boot/spring-boot-starter-aop/2.6.3/spring-boot-starter-aop-2.6.3.jar
2025-03-16 18:29:14,787 [BasicRepositoryConnector-repo.maven.apache.org-1-1] INFO  o.e.m.c.i.e.AbstractTransferListenerAdapter - Downloading https://repo.maven.apache.org/maven2/org/springframework/spring-aop/5.3.15/spring-aop-5.3.15.jar
2025-03-16 18:29:14,790 [BasicRepositoryConnector-repo.maven.apache.org-1-3] INFO  o.e.m.c.i.e.AbstractTransferListenerAdapter - Downloading https://repo.maven.apache.org/maven2/org/springframework/boot/spring-boot-starter-jdbc/2.6.3/spring-boot-starter-jdbc-2.6.3.jar
2025-03-16 18:29:14,790 [BasicRepositoryConnector-repo.maven.apache.org-1-4] INFO  o.e.m.c.i.e.AbstractTransferListenerAdapter - Downloading https://repo.maven.apache.org/maven2/com/zaxxer/HikariCP/4.0.3/HikariCP-4.0.3.jar
2025-03-16 18:29:14,863 [BasicRepositoryConnector-repo.maven.apache.org-1-0] INFO  o.e.m.c.i.e.AbstractTransferListenerAdapter - Downloaded https://repo.maven.apache.org/maven2/org/springframework/boot/spring-boot-starter-aop/2.6.3/spring-boot-starter-aop-2.6.3.jar
2025-03-16 18:29:14,871 [BasicRepositoryConnector-repo.maven.apache.org-1-3] INFO  o.e.m.c.i.e.AbstractTransferListenerAdapter - Downloaded https://repo.maven.apache.org/maven2/org/springframework/boot/spring-boot-starter-jdbc/2.6.3/spring-boot-starter-jdbc-2.6.3.jar
2025-03-16 18:29:14,878 [BasicRepositoryConnector-repo.maven.apache.org-1-1] INFO  o.e.m.c.i.e.AbstractTransferListenerAdapter - Downloaded https://repo.maven.apache.org/maven2/org/springframework/spring-aop/5.3.15/spring-aop-5.3.15.jar
2025-03-16 18:29:14,886 [BasicRepositoryConnector-repo.maven.apache.org-1-4] INFO  o.e.m.c.i.e.AbstractTransferListenerAdapter - Downloaded https://repo.maven.apache.org/maven2/com/zaxxer/HikariCP/4.0.3/HikariCP-4.0.3.jar
2025-03-16 18:29:14,947 [BasicRepositoryConnector-repo.maven.apache.org-1-0] INFO  o.e.m.c.i.e.AbstractTransferListenerAdapter - Downloading https://repo.maven.apache.org/maven2/org/springframework/spring-jdbc/5.3.15/spring-jdbc-5.3.15.jar
2025-03-16 18:29:14,949 [BasicRepositoryConnector-repo.maven.apache.org-1-3] INFO  o.e.m.c.i.e.AbstractTransferListenerAdapter - Downloading https://repo.maven.apache.org/maven2/jakarta/transaction/jakarta.transaction-api/1.3.3/jakarta.transaction-api-1.3.3.jar
2025-03-16 18:29:14,950 [BasicRepositoryConnector-repo.maven.apache.org-1-1] INFO  o.e.m.c.i.e.AbstractTransferListenerAdapter - Downloading https://repo.maven.apache.org/maven2/jakarta/persistence/jakarta.persistence-api/2.2.3/jakarta.persistence-api-2.2.3.jar
2025-03-16 18:29:15,020 [BasicRepositoryConnector-repo.maven.apache.org-1-1] INFO  o.e.m.c.i.e.AbstractTransferListenerAdapter - Downloaded https://repo.maven.apache.org/maven2/jakarta/persistence/jakarta.persistence-api/2.2.3/jakarta.persistence-api-2.2.3.jar
2025-03-16 18:29:15,060 [BasicRepositoryConnector-repo.maven.apache.org-1-2] INFO  o.e.m.c.i.e.AbstractTransferListenerAdapter - Downloaded https://repo.maven.apache.org/maven2/org/aspectj/aspectjweaver/1.9.7/aspectjweaver-1.9.7.jar
2025-03-16 18:29:15,097 [BasicRepositoryConnector-repo.maven.apache.org-1-1] INFO  o.e.m.c.i.e.AbstractTransferListenerAdapter - Downloading https://repo.maven.apache.org/maven2/org/jboss/logging/jboss-logging/3.4.3.Final/jboss-logging-3.4.3.Final.jar
2025-03-16 18:29:15,112 [BasicRepositoryConnector-repo.maven.apache.org-1-0] INFO  o.e.m.c.i.e.AbstractTransferListenerAdapter - Downloaded https://repo.maven.apache.org/maven2/org/springframework/spring-jdbc/5.3.15/spring-jdbc-5.3.15.jar
2025-03-16 18:29:15,137 [BasicRepositoryConnector-repo.maven.apache.org-1-2] INFO  o.e.m.c.i.e.AbstractTransferListenerAdapter - Downloading https://repo.maven.apache.org/maven2/net/bytebuddy/byte-buddy/1.11.22/byte-buddy-1.11.22.jar
2025-03-16 18:29:15,149 [BasicRepositoryConnector-repo.maven.apache.org-1-1] INFO  o.e.m.c.i.e.AbstractTransferListenerAdapter - Downloaded https://repo.maven.apache.org/maven2/org/jboss/logging/jboss-logging/3.4.3.Final/jboss-logging-3.4.3.Final.jar
2025-03-16 18:29:15,186 [BasicRepositoryConnector-repo.maven.apache.org-1-0] INFO  o.e.m.c.i.e.AbstractTransferListenerAdapter - Downloading https://repo.maven.apache.org/maven2/antlr/antlr/2.7.7/antlr-2.7.7.jar
2025-03-16 18:29:15,230 [BasicRepositoryConnector-repo.maven.apache.org-1-1] INFO  o.e.m.c.i.e.AbstractTransferListenerAdapter - Downloading https://repo.maven.apache.org/maven2/org/jboss/jandex/2.4.2.Final/jandex-2.4.2.Final.jar
2025-03-16 18:29:15,233 [BasicRepositoryConnector-repo.maven.apache.org-1-0] INFO  o.e.m.c.i.e.AbstractTransferListenerAdapter - Downloaded https://repo.maven.apache.org/maven2/antlr/antlr/2.7.7/antlr-2.7.7.jar
2025-03-16 18:29:15,286 [BasicRepositoryConnector-repo.maven.apache.org-1-1] INFO  o.e.m.c.i.e.AbstractTransferListenerAdapter - Downloaded https://repo.maven.apache.org/maven2/org/jboss/jandex/2.4.2.Final/jandex-2.4.2.Final.jar
2025-03-16 18:29:15,315 [BasicRepositoryConnector-repo.maven.apache.org-1-0] INFO  o.e.m.c.i.e.AbstractTransferListenerAdapter - Downloading https://repo.maven.apache.org/maven2/com/fasterxml/classmate/1.5.1/classmate-1.5.1.jar
2025-03-16 18:29:15,366 [BasicRepositoryConnector-repo.maven.apache.org-1-1] INFO  o.e.m.c.i.e.AbstractTransferListenerAdapter - Downloading https://repo.maven.apache.org/maven2/org/hibernate/common/hibernate-commons-annotations/5.1.2.Final/hibernate-commons-annotations-5.1.2.Final.jar
2025-03-16 18:29:15,366 [BasicRepositoryConnector-repo.maven.apache.org-1-0] INFO  o.e.m.c.i.e.AbstractTransferListenerAdapter - Downloaded https://repo.maven.apache.org/maven2/com/fasterxml/classmate/1.5.1/classmate-1.5.1.jar
2025-03-16 18:29:15,434 [BasicRepositoryConnector-repo.maven.apache.org-1-1] INFO  o.e.m.c.i.e.AbstractTransferListenerAdapter - Downloaded https://repo.maven.apache.org/maven2/org/hibernate/common/hibernate-commons-annotations/5.1.2.Final/hibernate-commons-annotations-5.1.2.Final.jar
2025-03-16 18:29:15,445 [BasicRepositoryConnector-repo.maven.apache.org-1-2] INFO  o.e.m.c.i.e.AbstractTransferListenerAdapter - Downloaded https://repo.maven.apache.org/maven2/net/bytebuddy/byte-buddy/1.11.22/byte-buddy-1.11.22.jar
2025-03-16 18:29:15,449 [BasicRepositoryConnector-repo.maven.apache.org-1-0] INFO  o.e.m.c.i.e.AbstractTransferListenerAdapter - Downloading https://repo.maven.apache.org/maven2/org/glassfish/jaxb/jaxb-runtime/2.3.5/jaxb-runtime-2.3.5.jar
2025-03-16 18:29:15,509 [BasicRepositoryConnector-repo.maven.apache.org-1-3] INFO  o.e.m.c.i.e.AbstractTransferListenerAdapter - Downloaded https://repo.maven.apache.org/maven2/jakarta/transaction/jakarta.transaction-api/1.3.3/jakarta.transaction-api-1.3.3.jar
2025-03-16 18:29:15,514 [BasicRepositoryConnector-repo.maven.apache.org-1-1] INFO  o.e.m.c.i.e.AbstractTransferListenerAdapter - Downloading https://repo.maven.apache.org/maven2/org/glassfish/jaxb/txw2/2.3.5/txw2-2.3.5.jar
2025-03-16 18:29:15,529 [BasicRepositoryConnector-repo.maven.apache.org-1-2] INFO  o.e.m.c.i.e.AbstractTransferListenerAdapter - Downloading https://repo.maven.apache.org/maven2/com/sun/istack/istack-commons-runtime/3.0.12/istack-commons-runtime-3.0.12.jar
2025-03-16 18:29:15,534 [BasicRepositoryConnector-repo.maven.apache.org-1-0] INFO  o.e.m.c.i.e.AbstractTransferListenerAdapter - Downloaded https://repo.maven.apache.org/maven2/org/glassfish/jaxb/jaxb-runtime/2.3.5/jaxb-runtime-2.3.5.jar
2025-03-16 18:29:15,587 [BasicRepositoryConnector-repo.maven.apache.org-1-3] INFO  o.e.m.c.i.e.AbstractTransferListenerAdapter - Downloading https://repo.maven.apache.org/maven2/com/sun/activation/jakarta.activation/1.2.2/jakarta.activation-1.2.2.jar
2025-03-16 18:29:15,590 [BasicRepositoryConnector-repo.maven.apache.org-1-1] INFO  o.e.m.c.i.e.AbstractTransferListenerAdapter - Downloaded https://repo.maven.apache.org/maven2/org/glassfish/jaxb/txw2/2.3.5/txw2-2.3.5.jar
2025-03-16 18:29:15,612 [BasicRepositoryConnector-repo.maven.apache.org-1-0] INFO  o.e.m.c.i.e.AbstractTransferListenerAdapter - Downloading https://repo.maven.apache.org/maven2/org/springframework/data/spring-data-jpa/2.6.1/spring-data-jpa-2.6.1.jar
2025-03-16 18:29:15,621 [BasicRepositoryConnector-repo.maven.apache.org-1-4] INFO  o.e.m.c.i.e.AbstractTransferListenerAdapter - Downloading https://repo.maven.apache.org/maven2/org/hibernate/hibernate-core/5.6.4.Final/hibernate-core-5.6.4.Final.jar
2025-03-16 18:29:15,650 [BasicRepositoryConnector-repo.maven.apache.org-1-3] INFO  o.e.m.c.i.e.AbstractTransferListenerAdapter - Downloaded https://repo.maven.apache.org/maven2/com/sun/activation/jakarta.activation/1.2.2/jakarta.activation-1.2.2.jar
2025-03-16 18:29:15,699 [BasicRepositoryConnector-repo.maven.apache.org-1-0] INFO  o.e.m.c.i.e.AbstractTransferListenerAdapter - Downloaded https://repo.maven.apache.org/maven2/org/springframework/data/spring-data-jpa/2.6.1/spring-data-jpa-2.6.1.jar
2025-03-16 18:29:15,725 [BasicRepositoryConnector-repo.maven.apache.org-1-3] INFO  o.e.m.c.i.e.AbstractTransferListenerAdapter - Downloading https://repo.maven.apache.org/maven2/org/springframework/spring-orm/5.3.15/spring-orm-5.3.15.jar
2025-03-16 18:29:15,787 [BasicRepositoryConnector-repo.maven.apache.org-1-3] INFO  o.e.m.c.i.e.AbstractTransferListenerAdapter - Downloaded https://repo.maven.apache.org/maven2/org/springframework/spring-orm/5.3.15/spring-orm-5.3.15.jar
2025-03-16 18:29:15,849 [BasicRepositoryConnector-repo.maven.apache.org-1-1] INFO  o.e.m.c.i.e.AbstractTransferListenerAdapter - Downloading https://repo.maven.apache.org/maven2/org/springframework/data/spring-data-commons/2.6.1/spring-data-commons-2.6.1.jar
2025-03-16 18:29:15,868 [BasicRepositoryConnector-repo.maven.apache.org-1-3] INFO  o.e.m.c.i.e.AbstractTransferListenerAdapter - Downloading https://repo.maven.apache.org/maven2/org/springframework/spring-tx/5.3.15/spring-tx-5.3.15.jar
2025-03-16 18:29:15,916 [BasicRepositoryConnector-repo.maven.apache.org-1-0] INFO  o.e.m.c.i.e.AbstractTransferListenerAdapter - Downloading https://repo.maven.apache.org/maven2/org/springframework/spring-context/5.3.15/spring-context-5.3.15.jar
2025-03-16 18:29:15,940 [BasicRepositoryConnector-repo.maven.apache.org-1-1] INFO  o.e.m.c.i.e.AbstractTransferListenerAdapter - Downloaded https://repo.maven.apache.org/maven2/org/springframework/data/spring-data-commons/2.6.1/spring-data-commons-2.6.1.jar
2025-03-16 18:29:15,954 [BasicRepositoryConnector-repo.maven.apache.org-1-3] INFO  o.e.m.c.i.e.AbstractTransferListenerAdapter - Downloaded https://repo.maven.apache.org/maven2/org/springframework/spring-tx/5.3.15/spring-tx-5.3.15.jar
2025-03-16 18:29:16,005 [BasicRepositoryConnector-repo.maven.apache.org-1-0] INFO  o.e.m.c.i.e.AbstractTransferListenerAdapter - Downloaded https://repo.maven.apache.org/maven2/org/springframework/spring-context/5.3.15/spring-context-5.3.15.jar
2025-03-16 18:29:16,015 [BasicRepositoryConnector-repo.maven.apache.org-1-1] INFO  o.e.m.c.i.e.AbstractTransferListenerAdapter - Downloading https://repo.maven.apache.org/maven2/org/springframework/spring-beans/5.3.15/spring-beans-5.3.15.jar
2025-03-16 18:29:16,041 [BasicRepositoryConnector-repo.maven.apache.org-1-3] INFO  o.e.m.c.i.e.AbstractTransferListenerAdapter - Downloading https://repo.maven.apache.org/maven2/org/slf4j/slf4j-api/1.7.33/slf4j-api-1.7.33.jar
2025-03-16 18:29:16,085 [BasicRepositoryConnector-repo.maven.apache.org-1-0] INFO  o.e.m.c.i.e.AbstractTransferListenerAdapter - Downloading https://repo.maven.apache.org/maven2/org/springframework/spring-aspects/5.3.15/spring-aspects-5.3.15.jar
2025-03-16 18:29:16,146 [BasicRepositoryConnector-repo.maven.apache.org-1-1] INFO  o.e.m.c.i.e.AbstractTransferListenerAdapter - Downloaded https://repo.maven.apache.org/maven2/org/springframework/spring-beans/5.3.15/spring-beans-5.3.15.jar
2025-03-16 18:29:16,233 [BasicRepositoryConnector-repo.maven.apache.org-1-1] INFO  o.e.m.c.i.e.AbstractTransferListenerAdapter - Downloading https://repo.maven.apache.org/maven2/org/springframework/boot/spring-boot-starter-web/2.6.3/spring-boot-starter-web-2.6.3.jar
2025-03-16 18:29:16,342 [BasicRepositoryConnector-repo.maven.apache.org-1-2] INFO  o.e.m.c.i.e.AbstractTransferListenerAdapter - Downloaded https://repo.maven.apache.org/maven2/com/sun/istack/istack-commons-runtime/3.0.12/istack-commons-runtime-3.0.12.jar
2025-03-16 18:29:16,351 [BasicRepositoryConnector-repo.maven.apache.org-1-4] INFO  o.e.m.c.i.e.AbstractTransferListenerAdapter - Downloaded https://repo.maven.apache.org/maven2/org/hibernate/hibernate-core/5.6.4.Final/hibernate-core-5.6.4.Final.jar
2025-03-16 18:29:16,359 [BasicRepositoryConnector-repo.maven.apache.org-1-1] INFO  o.e.m.c.i.e.AbstractTransferListenerAdapter - Downloaded https://repo.maven.apache.org/maven2/org/springframework/boot/spring-boot-starter-web/2.6.3/spring-boot-starter-web-2.6.3.jar
2025-03-16 18:29:16,418 [BasicRepositoryConnector-repo.maven.apache.org-1-2] INFO  o.e.m.c.i.e.AbstractTransferListenerAdapter - Downloading https://repo.maven.apache.org/maven2/org/springframework/boot/spring-boot-starter/2.6.3/spring-boot-starter-2.6.3.jar
2025-03-16 18:29:16,494 [BasicRepositoryConnector-repo.maven.apache.org-1-2] INFO  o.e.m.c.i.e.AbstractTransferListenerAdapter - Downloaded https://repo.maven.apache.org/maven2/org/springframework/boot/spring-boot-starter/2.6.3/spring-boot-starter-2.6.3.jar
2025-03-16 18:29:16,552 [BasicRepositoryConnector-repo.maven.apache.org-1-4] INFO  o.e.m.c.i.e.AbstractTransferListenerAdapter - Downloading https://repo.maven.apache.org/maven2/org/springframework/boot/spring-boot/2.6.3/spring-boot-2.6.3.jar
2025-03-16 18:29:16,569 [BasicRepositoryConnector-repo.maven.apache.org-1-1] INFO  o.e.m.c.i.e.AbstractTransferListenerAdapter - Downloading https://repo.maven.apache.org/maven2/org/springframework/boot/spring-boot-autoconfigure/2.6.3/spring-boot-autoconfigure-2.6.3.jar
2025-03-16 18:29:16,589 [BasicRepositoryConnector-repo.maven.apache.org-1-2] INFO  o.e.m.c.i.e.AbstractTransferListenerAdapter - Downloading https://repo.maven.apache.org/maven2/org/springframework/boot/spring-boot-starter-logging/2.6.3/spring-boot-starter-logging-2.6.3.jar
2025-03-16 18:29:16,669 [BasicRepositoryConnector-repo.maven.apache.org-1-4] INFO  o.e.m.c.i.e.AbstractTransferListenerAdapter - Downloaded https://repo.maven.apache.org/maven2/org/springframework/boot/spring-boot/2.6.3/spring-boot-2.6.3.jar
2025-03-16 18:29:16,698 [BasicRepositoryConnector-repo.maven.apache.org-1-2] INFO  o.e.m.c.i.e.AbstractTransferListenerAdapter - Downloaded https://repo.maven.apache.org/maven2/org/springframework/boot/spring-boot-starter-logging/2.6.3/spring-boot-starter-logging-2.6.3.jar
2025-03-16 18:29:16,756 [BasicRepositoryConnector-repo.maven.apache.org-1-4] INFO  o.e.m.c.i.e.AbstractTransferListenerAdapter - Downloading https://repo.maven.apache.org/maven2/ch/qos/logback/logback-classic/1.2.10/logback-classic-1.2.10.jar
2025-03-16 18:29:16,788 [BasicRepositoryConnector-repo.maven.apache.org-1-2] INFO  o.e.m.c.i.e.AbstractTransferListenerAdapter - Downloading https://repo.maven.apache.org/maven2/ch/qos/logback/logback-core/1.2.10/logback-core-1.2.10.jar
2025-03-16 18:29:16,826 [BasicRepositoryConnector-repo.maven.apache.org-1-1] INFO  o.e.m.c.i.e.AbstractTransferListenerAdapter - Downloaded https://repo.maven.apache.org/maven2/org/springframework/boot/spring-boot-autoconfigure/2.6.3/spring-boot-autoconfigure-2.6.3.jar
2025-03-16 18:29:16,844 [BasicRepositoryConnector-repo.maven.apache.org-1-4] INFO  o.e.m.c.i.e.AbstractTransferListenerAdapter - Downloaded https://repo.maven.apache.org/maven2/ch/qos/logback/logback-classic/1.2.10/logback-classic-1.2.10.jar
2025-03-16 18:29:16,867 [BasicRepositoryConnector-repo.maven.apache.org-1-2] INFO  o.e.m.c.i.e.AbstractTransferListenerAdapter - Downloaded https://repo.maven.apache.org/maven2/ch/qos/logback/logback-core/1.2.10/logback-core-1.2.10.jar
2025-03-16 18:29:16,900 [BasicRepositoryConnector-repo.maven.apache.org-1-1] INFO  o.e.m.c.i.e.AbstractTransferListenerAdapter - Downloading https://repo.maven.apache.org/maven2/org/apache/logging/log4j/log4j-to-slf4j/2.17.1/log4j-to-slf4j-2.17.1.jar
2025-03-16 18:29:16,937 [BasicRepositoryConnector-repo.maven.apache.org-1-4] INFO  o.e.m.c.i.e.AbstractTransferListenerAdapter - Downloading https://repo.maven.apache.org/maven2/org/apache/logging/log4j/log4j-api/2.17.1/log4j-api-2.17.1.jar
2025-03-16 18:29:16,977 [BasicRepositoryConnector-repo.maven.apache.org-1-0] INFO  o.e.m.c.i.e.AbstractTransferListenerAdapter - Downloaded https://repo.maven.apache.org/maven2/org/springframework/spring-aspects/5.3.15/spring-aspects-5.3.15.jar
2025-03-16 18:29:16,998 [BasicRepositoryConnector-repo.maven.apache.org-1-4] INFO  o.e.m.c.i.e.AbstractTransferListenerAdapter - Downloaded https://repo.maven.apache.org/maven2/org/apache/logging/log4j/log4j-api/2.17.1/log4j-api-2.17.1.jar
2025-03-16 18:29:17,003 [BasicRepositoryConnector-repo.maven.apache.org-1-3] INFO  o.e.m.c.i.e.AbstractTransferListenerAdapter - Downloaded https://repo.maven.apache.org/maven2/org/slf4j/slf4j-api/1.7.33/slf4j-api-1.7.33.jar
2025-03-16 18:29:17,066 [BasicRepositoryConnector-repo.maven.apache.org-1-0] INFO  o.e.m.c.i.e.AbstractTransferListenerAdapter - Downloading https://repo.maven.apache.org/maven2/jakarta/annotation/jakarta.annotation-api/1.3.5/jakarta.annotation-api-1.3.5.jar
2025-03-16 18:29:17,080 [BasicRepositoryConnector-repo.maven.apache.org-1-2] INFO  o.e.m.c.i.e.AbstractTransferListenerAdapter - Downloading https://repo.maven.apache.org/maven2/org/slf4j/jul-to-slf4j/1.7.33/jul-to-slf4j-1.7.33.jar
2025-03-16 18:29:17,083 [BasicRepositoryConnector-repo.maven.apache.org-1-3] INFO  o.e.m.c.i.e.AbstractTransferListenerAdapter - Downloading https://repo.maven.apache.org/maven2/org/springframework/boot/spring-boot-starter-json/2.6.3/spring-boot-starter-json-2.6.3.jar
2025-03-16 18:29:17,084 [BasicRepositoryConnector-repo.maven.apache.org-1-4] INFO  o.e.m.c.i.e.AbstractTransferListenerAdapter - Downloading https://repo.maven.apache.org/maven2/org/yaml/snakeyaml/1.29/snakeyaml-1.29.jar
2025-03-16 18:29:17,195 [BasicRepositoryConnector-repo.maven.apache.org-1-4] INFO  o.e.m.c.i.e.AbstractTransferListenerAdapter - Downloaded https://repo.maven.apache.org/maven2/org/yaml/snakeyaml/1.29/snakeyaml-1.29.jar
2025-03-16 18:29:17,196 [BasicRepositoryConnector-repo.maven.apache.org-1-2] INFO  o.e.m.c.i.e.AbstractTransferListenerAdapter - Downloaded https://repo.maven.apache.org/maven2/org/slf4j/jul-to-slf4j/1.7.33/jul-to-slf4j-1.7.33.jar
2025-03-16 18:29:17,231 [BasicRepositoryConnector-repo.maven.apache.org-1-3] INFO  o.e.m.c.i.e.AbstractTransferListenerAdapter - Downloaded https://repo.maven.apache.org/maven2/org/springframework/boot/spring-boot-starter-json/2.6.3/spring-boot-starter-json-2.6.3.jar
2025-03-16 18:29:17,285 [BasicRepositoryConnector-repo.maven.apache.org-1-2] INFO  o.e.m.c.i.e.AbstractTransferListenerAdapter - Downloading https://repo.maven.apache.org/maven2/com/fasterxml/jackson/core/jackson-annotations/2.13.1/jackson-annotations-2.13.1.jar
2025-03-16 18:29:17,307 [BasicRepositoryConnector-repo.maven.apache.org-1-1] INFO  o.e.m.c.i.e.AbstractTransferListenerAdapter - Downloaded https://repo.maven.apache.org/maven2/org/apache/logging/log4j/log4j-to-slf4j/2.17.1/log4j-to-slf4j-2.17.1.jar
2025-03-16 18:29:17,308 [BasicRepositoryConnector-repo.maven.apache.org-1-3] INFO  o.e.m.c.i.e.AbstractTransferListenerAdapter - Downloading https://repo.maven.apache.org/maven2/com/fasterxml/jackson/datatype/jackson-datatype-jdk8/2.13.1/jackson-datatype-jdk8-2.13.1.jar
2025-03-16 18:29:17,344 [BasicRepositoryConnector-repo.maven.apache.org-1-2] INFO  o.e.m.c.i.e.AbstractTransferListenerAdapter - Downloaded https://repo.maven.apache.org/maven2/com/fasterxml/jackson/core/jackson-annotations/2.13.1/jackson-annotations-2.13.1.jar
2025-03-16 18:29:17,392 [BasicRepositoryConnector-repo.maven.apache.org-1-1] INFO  o.e.m.c.i.e.AbstractTransferListenerAdapter - Downloading https://repo.maven.apache.org/maven2/com/fasterxml/jackson/datatype/jackson-datatype-jsr310/2.13.1/jackson-datatype-jsr310-2.13.1.jar
2025-03-16 18:29:17,426 [BasicRepositoryConnector-repo.maven.apache.org-1-4] INFO  o.e.m.c.i.e.AbstractTransferListenerAdapter - Downloading https://repo.maven.apache.org/maven2/com/fasterxml/jackson/core/jackson-databind/2.13.1/jackson-databind-2.13.1.jar
2025-03-16 18:29:17,446 [BasicRepositoryConnector-repo.maven.apache.org-1-2] INFO  o.e.m.c.i.e.AbstractTransferListenerAdapter - Downloading https://repo.maven.apache.org/maven2/com/fasterxml/jackson/module/jackson-module-parameter-names/2.13.1/jackson-module-parameter-names-2.13.1.jar
2025-03-16 18:29:17,472 [BasicRepositoryConnector-repo.maven.apache.org-1-1] INFO  o.e.m.c.i.e.AbstractTransferListenerAdapter - Downloaded https://repo.maven.apache.org/maven2/com/fasterxml/jackson/datatype/jackson-datatype-jsr310/2.13.1/jackson-datatype-jsr310-2.13.1.jar
2025-03-16 18:29:17,552 [BasicRepositoryConnector-repo.maven.apache.org-1-4] INFO  o.e.m.c.i.e.AbstractTransferListenerAdapter - Downloaded https://repo.maven.apache.org/maven2/com/fasterxml/jackson/core/jackson-databind/2.13.1/jackson-databind-2.13.1.jar
2025-03-16 18:29:17,559 [BasicRepositoryConnector-repo.maven.apache.org-1-1] INFO  o.e.m.c.i.e.AbstractTransferListenerAdapter - Downloading https://repo.maven.apache.org/maven2/org/springframework/boot/spring-boot-starter-tomcat/2.6.3/spring-boot-starter-tomcat-2.6.3.jar
2025-03-16 18:29:17,635 [BasicRepositoryConnector-repo.maven.apache.org-1-1] INFO  o.e.m.c.i.e.AbstractTransferListenerAdapter - Downloaded https://repo.maven.apache.org/maven2/org/springframework/boot/spring-boot-starter-tomcat/2.6.3/spring-boot-starter-tomcat-2.6.3.jar
2025-03-16 18:29:17,652 [BasicRepositoryConnector-repo.maven.apache.org-1-0] INFO  o.e.m.c.i.e.AbstractTransferListenerAdapter - Downloaded https://repo.maven.apache.org/maven2/jakarta/annotation/jakarta.annotation-api/1.3.5/jakarta.annotation-api-1.3.5.jar
2025-03-16 18:29:17,759 [BasicRepositoryConnector-repo.maven.apache.org-1-4] INFO  o.e.m.c.i.e.AbstractTransferListenerAdapter - Downloading https://repo.maven.apache.org/maven2/org/apache/tomcat/embed/tomcat-embed-core/9.0.56/tomcat-embed-core-9.0.56.jar
2025-03-16 18:29:17,846 [BasicRepositoryConnector-repo.maven.apache.org-1-1] INFO  o.e.m.c.i.e.AbstractTransferListenerAdapter - Downloading https://repo.maven.apache.org/maven2/org/apache/tomcat/embed/tomcat-embed-websocket/9.0.56/tomcat-embed-websocket-9.0.56.jar
2025-03-16 18:29:17,889 [BasicRepositoryConnector-repo.maven.apache.org-1-2] INFO  o.e.m.c.i.e.AbstractTransferListenerAdapter - Downloaded https://repo.maven.apache.org/maven2/com/fasterxml/jackson/module/jackson-module-parameter-names/2.13.1/jackson-module-parameter-names-2.13.1.jar
2025-03-16 18:29:17,912 [BasicRepositoryConnector-repo.maven.apache.org-1-4] INFO  o.e.m.c.i.e.AbstractTransferListenerAdapter - Downloaded https://repo.maven.apache.org/maven2/org/apache/tomcat/embed/tomcat-embed-core/9.0.56/tomcat-embed-core-9.0.56.jar
2025-03-16 18:29:17,928 [BasicRepositoryConnector-repo.maven.apache.org-1-1] INFO  o.e.m.c.i.e.AbstractTransferListenerAdapter - Downloaded https://repo.maven.apache.org/maven2/org/apache/tomcat/embed/tomcat-embed-websocket/9.0.56/tomcat-embed-websocket-9.0.56.jar
2025-03-16 18:29:17,985 [BasicRepositoryConnector-repo.maven.apache.org-1-4] INFO  o.e.m.c.i.e.AbstractTransferListenerAdapter - Downloading https://repo.maven.apache.org/maven2/org/springframework/spring-expression/5.3.15/spring-expression-5.3.15.jar
2025-03-16 18:29:17,987 [BasicRepositoryConnector-repo.maven.apache.org-1-0] INFO  o.e.m.c.i.e.AbstractTransferListenerAdapter - Downloading https://repo.maven.apache.org/maven2/org/springframework/spring-web/5.3.15/spring-web-5.3.15.jar
2025-03-16 18:29:18,003 [BasicRepositoryConnector-repo.maven.apache.org-1-1] INFO  o.e.m.c.i.e.AbstractTransferListenerAdapter - Downloading https://repo.maven.apache.org/maven2/com/h2database/h2/1.4.200/h2-1.4.200.jar
2025-03-16 18:29:18,071 [BasicRepositoryConnector-repo.maven.apache.org-1-4] INFO  o.e.m.c.i.e.AbstractTransferListenerAdapter - Downloaded https://repo.maven.apache.org/maven2/org/springframework/spring-expression/5.3.15/spring-expression-5.3.15.jar
2025-03-16 18:29:18,093 [BasicRepositoryConnector-repo.maven.apache.org-1-2] INFO  o.e.m.c.i.e.AbstractTransferListenerAdapter - Downloading https://repo.maven.apache.org/maven2/org/springframework/spring-webmvc/5.3.15/spring-webmvc-5.3.15.jar
2025-03-16 18:29:18,137 [BasicRepositoryConnector-repo.maven.apache.org-1-0] INFO  o.e.m.c.i.e.AbstractTransferListenerAdapter - Downloaded https://repo.maven.apache.org/maven2/org/springframework/spring-web/5.3.15/spring-web-5.3.15.jar
2025-03-16 18:29:18,152 [BasicRepositoryConnector-repo.maven.apache.org-1-1] INFO  o.e.m.c.i.e.AbstractTransferListenerAdapter - Downloaded https://repo.maven.apache.org/maven2/com/h2database/h2/1.4.200/h2-1.4.200.jar
2025-03-16 18:29:18,155 [BasicRepositoryConnector-repo.maven.apache.org-1-4] INFO  o.e.m.c.i.e.AbstractTransferListenerAdapter - Downloading https://repo.maven.apache.org/maven2/org/projectlombok/lombok/1.18.22/lombok-1.18.22.jar
2025-03-16 18:29:18,214 [BasicRepositoryConnector-repo.maven.apache.org-1-0] INFO  o.e.m.c.i.e.AbstractTransferListenerAdapter - Downloading https://repo.maven.apache.org/maven2/org/springframework/boot/spring-boot-starter-test/2.6.3/spring-boot-starter-test-2.6.3.jar
2025-03-16 18:29:18,231 [BasicRepositoryConnector-repo.maven.apache.org-1-1] INFO  o.e.m.c.i.e.AbstractTransferListenerAdapter - Downloading https://repo.maven.apache.org/maven2/org/springframework/boot/spring-boot-test/2.6.3/spring-boot-test-2.6.3.jar
2025-03-16 18:29:18,243 [BasicRepositoryConnector-repo.maven.apache.org-1-2] INFO  o.e.m.c.i.e.AbstractTransferListenerAdapter - Downloaded https://repo.maven.apache.org/maven2/org/springframework/spring-webmvc/5.3.15/spring-webmvc-5.3.15.jar
2025-03-16 18:29:18,293 [BasicRepositoryConnector-repo.maven.apache.org-1-4] INFO  o.e.m.c.i.e.AbstractTransferListenerAdapter - Downloaded https://repo.maven.apache.org/maven2/org/projectlombok/lombok/1.18.22/lombok-1.18.22.jar
2025-03-16 18:29:18,305 [BasicRepositoryConnector-repo.maven.apache.org-1-1] INFO  o.e.m.c.i.e.AbstractTransferListenerAdapter - Downloaded https://repo.maven.apache.org/maven2/org/springframework/boot/spring-boot-test/2.6.3/spring-boot-test-2.6.3.jar
2025-03-16 18:29:18,310 [BasicRepositoryConnector-repo.maven.apache.org-1-0] INFO  o.e.m.c.i.e.AbstractTransferListenerAdapter - Downloaded https://repo.maven.apache.org/maven2/org/springframework/boot/spring-boot-starter-test/2.6.3/spring-boot-starter-test-2.6.3.jar
2025-03-16 18:29:18,325 [BasicRepositoryConnector-repo.maven.apache.org-1-2] INFO  o.e.m.c.i.e.AbstractTransferListenerAdapter - Downloading https://repo.maven.apache.org/maven2/org/springframework/boot/spring-boot-test-autoconfigure/2.6.3/spring-boot-test-autoconfigure-2.6.3.jar
2025-03-16 18:29:18,351 [BasicRepositoryConnector-repo.maven.apache.org-1-3] INFO  o.e.m.c.i.e.AbstractTransferListenerAdapter - Downloaded https://repo.maven.apache.org/maven2/com/fasterxml/jackson/datatype/jackson-datatype-jdk8/2.13.1/jackson-datatype-jdk8-2.13.1.jar
2025-03-16 18:29:18,369 [BasicRepositoryConnector-repo.maven.apache.org-1-4] INFO  o.e.m.c.i.e.AbstractTransferListenerAdapter - Downloading https://repo.maven.apache.org/maven2/com/jayway/jsonpath/json-path/2.6.0/json-path-2.6.0.jar
2025-03-16 18:29:18,377 [BasicRepositoryConnector-repo.maven.apache.org-1-1] INFO  o.e.m.c.i.e.AbstractTransferListenerAdapter - Downloading https://repo.maven.apache.org/maven2/net/minidev/json-smart/2.4.7/json-smart-2.4.7.jar
2025-03-16 18:29:18,380 [BasicRepositoryConnector-repo.maven.apache.org-1-2] INFO  o.e.m.c.i.e.AbstractTransferListenerAdapter - Downloaded https://repo.maven.apache.org/maven2/org/springframework/boot/spring-boot-test-autoconfigure/2.6.3/spring-boot-test-autoconfigure-2.6.3.jar
2025-03-16 18:29:18,386 [BasicRepositoryConnector-repo.maven.apache.org-1-0] INFO  o.e.m.c.i.e.AbstractTransferListenerAdapter - Downloading https://repo.maven.apache.org/maven2/net/minidev/accessors-smart/2.4.7/accessors-smart-2.4.7.jar
2025-03-16 18:29:18,437 [BasicRepositoryConnector-repo.maven.apache.org-1-4] INFO  o.e.m.c.i.e.AbstractTransferListenerAdapter - Downloaded https://repo.maven.apache.org/maven2/com/jayway/jsonpath/json-path/2.6.0/json-path-2.6.0.jar
2025-03-16 18:29:18,440 [BasicRepositoryConnector-repo.maven.apache.org-1-3] INFO  o.e.m.c.i.e.AbstractTransferListenerAdapter - Downloading https://repo.maven.apache.org/maven2/org/ow2/asm/asm/9.1/asm-9.1.jar
2025-03-16 18:29:18,452 [BasicRepositoryConnector-repo.maven.apache.org-1-1] INFO  o.e.m.c.i.e.AbstractTransferListenerAdapter - Downloaded https://repo.maven.apache.org/maven2/net/minidev/json-smart/2.4.7/json-smart-2.4.7.jar
2025-03-16 18:29:18,464 [BasicRepositoryConnector-repo.maven.apache.org-1-2] INFO  o.e.m.c.i.e.AbstractTransferListenerAdapter - Downloading https://repo.maven.apache.org/maven2/jakarta/xml/bind/jakarta.xml.bind-api/2.3.3/jakarta.xml.bind-api-2.3.3.jar
2025-03-16 18:29:18,515 [BasicRepositoryConnector-repo.maven.apache.org-1-3] INFO  o.e.m.c.i.e.AbstractTransferListenerAdapter - Downloaded https://repo.maven.apache.org/maven2/org/ow2/asm/asm/9.1/asm-9.1.jar
2025-03-16 18:29:18,515 [BasicRepositoryConnector-repo.maven.apache.org-1-4] INFO  o.e.m.c.i.e.AbstractTransferListenerAdapter - Downloading https://repo.maven.apache.org/maven2/jakarta/activation/jakarta.activation-api/1.2.2/jakarta.activation-api-1.2.2.jar
2025-03-16 18:29:18,528 [BasicRepositoryConnector-repo.maven.apache.org-1-2] INFO  o.e.m.c.i.e.AbstractTransferListenerAdapter - Downloaded https://repo.maven.apache.org/maven2/jakarta/xml/bind/jakarta.xml.bind-api/2.3.3/jakarta.xml.bind-api-2.3.3.jar
2025-03-16 18:29:18,540 [BasicRepositoryConnector-repo.maven.apache.org-1-1] INFO  o.e.m.c.i.e.AbstractTransferListenerAdapter - Downloading https://repo.maven.apache.org/maven2/org/assertj/assertj-core/3.21.0/assertj-core-3.21.0.jar
2025-03-16 18:29:18,597 [BasicRepositoryConnector-repo.maven.apache.org-1-3] INFO  o.e.m.c.i.e.AbstractTransferListenerAdapter - Downloading https://repo.maven.apache.org/maven2/org/junit/jupiter/junit-jupiter/5.8.2/junit-jupiter-5.8.2.jar
2025-03-16 18:29:18,608 [BasicRepositoryConnector-repo.maven.apache.org-1-2] INFO  o.e.m.c.i.e.AbstractTransferListenerAdapter - Downloading https://repo.maven.apache.org/maven2/org/junit/jupiter/junit-jupiter-api/5.8.2/junit-jupiter-api-5.8.2.jar
2025-03-16 18:29:18,692 [BasicRepositoryConnector-repo.maven.apache.org-1-2] INFO  o.e.m.c.i.e.AbstractTransferListenerAdapter - Downloaded https://repo.maven.apache.org/maven2/org/junit/jupiter/junit-jupiter-api/5.8.2/junit-jupiter-api-5.8.2.jar
2025-03-16 18:29:18,700 [BasicRepositoryConnector-repo.maven.apache.org-1-3] INFO  o.e.m.c.i.e.AbstractTransferListenerAdapter - Downloaded https://repo.maven.apache.org/maven2/org/junit/jupiter/junit-jupiter/5.8.2/junit-jupiter-5.8.2.jar
2025-03-16 18:29:18,757 [BasicRepositoryConnector-repo.maven.apache.org-1-1] INFO  o.e.m.c.i.e.AbstractTransferListenerAdapter - Downloaded https://repo.maven.apache.org/maven2/org/assertj/assertj-core/3.21.0/assertj-core-3.21.0.jar
2025-03-16 18:29:18,768 [BasicRepositoryConnector-repo.maven.apache.org-1-2] INFO  o.e.m.c.i.e.AbstractTransferListenerAdapter - Downloading https://repo.maven.apache.org/maven2/org/opentest4j/opentest4j/1.2.0/opentest4j-1.2.0.jar
2025-03-16 18:29:18,774 [BasicRepositoryConnector-repo.maven.apache.org-1-3] INFO  o.e.m.c.i.e.AbstractTransferListenerAdapter - Downloading https://repo.maven.apache.org/maven2/org/junit/platform/junit-platform-commons/1.8.2/junit-platform-commons-1.8.2.jar
2025-03-16 18:29:18,834 [BasicRepositoryConnector-repo.maven.apache.org-1-1] INFO  o.e.m.c.i.e.AbstractTransferListenerAdapter - Downloading https://repo.maven.apache.org/maven2/org/junit/jupiter/junit-jupiter-params/5.8.2/junit-jupiter-params-5.8.2.jar
2025-03-16 18:29:18,840 [BasicRepositoryConnector-repo.maven.apache.org-1-3] INFO  o.e.m.c.i.e.AbstractTransferListenerAdapter - Downloaded https://repo.maven.apache.org/maven2/org/junit/platform/junit-platform-commons/1.8.2/junit-platform-commons-1.8.2.jar
2025-03-16 18:29:18,917 [BasicRepositoryConnector-repo.maven.apache.org-1-1] INFO  o.e.m.c.i.e.AbstractTransferListenerAdapter - Downloaded https://repo.maven.apache.org/maven2/org/junit/jupiter/junit-jupiter-params/5.8.2/junit-jupiter-params-5.8.2.jar
2025-03-16 18:29:18,922 [BasicRepositoryConnector-repo.maven.apache.org-1-3] INFO  o.e.m.c.i.e.AbstractTransferListenerAdapter - Downloading https://repo.maven.apache.org/maven2/org/junit/jupiter/junit-jupiter-engine/5.8.2/junit-jupiter-engine-5.8.2.jar
2025-03-16 18:29:18,925 [BasicRepositoryConnector-repo.maven.apache.org-1-2] INFO  o.e.m.c.i.e.AbstractTransferListenerAdapter - Downloaded https://repo.maven.apache.org/maven2/org/opentest4j/opentest4j/1.2.0/opentest4j-1.2.0.jar
2025-03-16 18:29:18,995 [BasicRepositoryConnector-repo.maven.apache.org-1-1] INFO  o.e.m.c.i.e.AbstractTransferListenerAdapter - Downloading https://repo.maven.apache.org/maven2/org/junit/platform/junit-platform-engine/1.8.2/junit-platform-engine-1.8.2.jar
2025-03-16 18:29:19,004 [BasicRepositoryConnector-repo.maven.apache.org-1-2] INFO  o.e.m.c.i.e.AbstractTransferListenerAdapter - Downloading https://repo.maven.apache.org/maven2/org/mockito/mockito-core/4.0.0/mockito-core-4.0.0.jar
2025-03-16 18:29:19,005 [BasicRepositoryConnector-repo.maven.apache.org-1-3] INFO  o.e.m.c.i.e.AbstractTransferListenerAdapter - Downloaded https://repo.maven.apache.org/maven2/org/junit/jupiter/junit-jupiter-engine/5.8.2/junit-jupiter-engine-5.8.2.jar
2025-03-16 18:29:19,067 [BasicRepositoryConnector-repo.maven.apache.org-1-1] INFO  o.e.m.c.i.e.AbstractTransferListenerAdapter - Downloaded https://repo.maven.apache.org/maven2/org/junit/platform/junit-platform-engine/1.8.2/junit-platform-engine-1.8.2.jar
2025-03-16 18:29:19,082 [BasicRepositoryConnector-repo.maven.apache.org-1-3] INFO  o.e.m.c.i.e.AbstractTransferListenerAdapter - Downloading https://repo.maven.apache.org/maven2/net/bytebuddy/byte-buddy-agent/1.11.22/byte-buddy-agent-1.11.22.jar
2025-03-16 18:29:19,084 [BasicRepositoryConnector-repo.maven.apache.org-1-2] INFO  o.e.m.c.i.e.AbstractTransferListenerAdapter - Downloaded https://repo.maven.apache.org/maven2/org/mockito/mockito-core/4.0.0/mockito-core-4.0.0.jar
2025-03-16 18:29:19,100 [BasicRepositoryConnector-repo.maven.apache.org-1-0] INFO  o.e.m.c.i.e.AbstractTransferListenerAdapter - Downloaded https://repo.maven.apache.org/maven2/net/minidev/accessors-smart/2.4.7/accessors-smart-2.4.7.jar
2025-03-16 18:29:19,143 [BasicRepositoryConnector-repo.maven.apache.org-1-1] INFO  o.e.m.c.i.e.AbstractTransferListenerAdapter - Downloading https://repo.maven.apache.org/maven2/org/objenesis/objenesis/3.2/objenesis-3.2.jar
2025-03-16 18:29:19,150 [BasicRepositoryConnector-repo.maven.apache.org-1-3] INFO  o.e.m.c.i.e.AbstractTransferListenerAdapter - Downloaded https://repo.maven.apache.org/maven2/net/bytebuddy/byte-buddy-agent/1.11.22/byte-buddy-agent-1.11.22.jar
2025-03-16 18:29:19,161 [BasicRepositoryConnector-repo.maven.apache.org-1-2] INFO  o.e.m.c.i.e.AbstractTransferListenerAdapter - Downloading https://repo.maven.apache.org/maven2/org/mockito/mockito-junit-jupiter/4.0.0/mockito-junit-jupiter-4.0.0.jar
2025-03-16 18:29:19,177 [BasicRepositoryConnector-repo.maven.apache.org-1-0] INFO  o.e.m.c.i.e.AbstractTransferListenerAdapter - Downloading https://repo.maven.apache.org/maven2/org/skyscreamer/jsonassert/1.5.0/jsonassert-1.5.0.jar
2025-03-16 18:29:19,307 [BasicRepositoryConnector-repo.maven.apache.org-1-2] INFO  o.e.m.c.i.e.AbstractTransferListenerAdapter - Downloaded https://repo.maven.apache.org/maven2/org/mockito/mockito-junit-jupiter/4.0.0/mockito-junit-jupiter-4.0.0.jar
2025-03-16 18:29:19,384 [BasicRepositoryConnector-repo.maven.apache.org-1-2] INFO  o.e.m.c.i.e.AbstractTransferListenerAdapter - Downloading https://repo.maven.apache.org/maven2/org/springframework/spring-jcl/5.3.15/spring-jcl-5.3.15.jar
2025-03-16 18:29:19,396 [BasicRepositoryConnector-repo.maven.apache.org-1-3] INFO  o.e.m.c.i.e.AbstractTransferListenerAdapter - Downloading https://repo.maven.apache.org/maven2/org/springframework/spring-core/5.3.15/spring-core-5.3.15.jar
2025-03-16 18:29:19,491 [BasicRepositoryConnector-repo.maven.apache.org-1-3] INFO  o.e.m.c.i.e.AbstractTransferListenerAdapter - Downloaded https://repo.maven.apache.org/maven2/org/springframework/spring-core/5.3.15/spring-core-5.3.15.jar
2025-03-16 18:29:19,566 [BasicRepositoryConnector-repo.maven.apache.org-1-3] INFO  o.e.m.c.i.e.AbstractTransferListenerAdapter - Downloading https://repo.maven.apache.org/maven2/org/springframework/spring-test/5.3.15/spring-test-5.3.15.jar
2025-03-16 18:29:19,653 [BasicRepositoryConnector-repo.maven.apache.org-1-3] INFO  o.e.m.c.i.e.AbstractTransferListenerAdapter - Downloaded https://repo.maven.apache.org/maven2/org/springframework/spring-test/5.3.15/spring-test-5.3.15.jar
2025-03-16 18:29:19,657 [BasicRepositoryConnector-repo.maven.apache.org-1-4] INFO  o.e.m.c.i.e.AbstractTransferListenerAdapter - Downloaded https://repo.maven.apache.org/maven2/jakarta/activation/jakarta.activation-api/1.2.2/jakarta.activation-api-1.2.2.jar
2025-03-16 18:29:19,728 [BasicRepositoryConnector-repo.maven.apache.org-1-3] INFO  o.e.m.c.i.e.AbstractTransferListenerAdapter - Downloading https://repo.maven.apache.org/maven2/org/xmlunit/xmlunit-core/2.8.4/xmlunit-core-2.8.4.jar
2025-03-16 18:29:19,737 [BasicRepositoryConnector-repo.maven.apache.org-1-4] INFO  o.e.m.c.i.e.AbstractTransferListenerAdapter - Downloading https://repo.maven.apache.org/maven2/org/springdoc/springdoc-openapi-ui/1.6.14/springdoc-openapi-ui-1.6.14.jar
2025-03-16 18:29:19,798 [BasicRepositoryConnector-repo.maven.apache.org-1-3] INFO  o.e.m.c.i.e.AbstractTransferListenerAdapter - Downloaded https://repo.maven.apache.org/maven2/org/xmlunit/xmlunit-core/2.8.4/xmlunit-core-2.8.4.jar
2025-03-16 18:29:19,880 [BasicRepositoryConnector-repo.maven.apache.org-1-3] INFO  o.e.m.c.i.e.AbstractTransferListenerAdapter - Downloading https://repo.maven.apache.org/maven2/org/springdoc/springdoc-openapi-webmvc-core/1.6.14/springdoc-openapi-webmvc-core-1.6.14.jar
2025-03-16 18:29:19,914 [BasicRepositoryConnector-repo.maven.apache.org-1-0] INFO  o.e.m.c.i.e.AbstractTransferListenerAdapter - Downloaded https://repo.maven.apache.org/maven2/org/skyscreamer/jsonassert/1.5.0/jsonassert-1.5.0.jar
2025-03-16 18:29:19,957 [BasicRepositoryConnector-repo.maven.apache.org-1-2] INFO  o.e.m.c.i.e.AbstractTransferListenerAdapter - Downloaded https://repo.maven.apache.org/maven2/org/springframework/spring-jcl/5.3.15/spring-jcl-5.3.15.jar
2025-03-16 18:29:19,991 [BasicRepositoryConnector-repo.maven.apache.org-1-0] INFO  o.e.m.c.i.e.AbstractTransferListenerAdapter - Downloading https://repo.maven.apache.org/maven2/org/springdoc/springdoc-openapi-common/1.6.14/springdoc-openapi-common-1.6.14.jar
2025-03-16 18:29:20,038 [BasicRepositoryConnector-repo.maven.apache.org-1-2] INFO  o.e.m.c.i.e.AbstractTransferListenerAdapter - Downloading https://repo.maven.apache.org/maven2/io/swagger/core/v3/swagger-core/2.2.7/swagger-core-2.2.7.jar
2025-03-16 18:29:20,106 [BasicRepositoryConnector-repo.maven.apache.org-1-0] INFO  o.e.m.c.i.e.AbstractTransferListenerAdapter - Downloaded https://repo.maven.apache.org/maven2/org/springdoc/springdoc-openapi-common/1.6.14/springdoc-openapi-common-1.6.14.jar
2025-03-16 18:29:20,164 [BasicRepositoryConnector-repo.maven.apache.org-1-2] INFO  o.e.m.c.i.e.AbstractTransferListenerAdapter - Downloaded https://repo.maven.apache.org/maven2/io/swagger/core/v3/swagger-core/2.2.7/swagger-core-2.2.7.jar
2025-03-16 18:29:20,192 [BasicRepositoryConnector-repo.maven.apache.org-1-0] INFO  o.e.m.c.i.e.AbstractTransferListenerAdapter - Downloading https://repo.maven.apache.org/maven2/com/fasterxml/jackson/dataformat/jackson-dataformat-yaml/2.13.1/jackson-dataformat-yaml-2.13.1.jar
2025-03-16 18:29:20,246 [BasicRepositoryConnector-repo.maven.apache.org-1-4] INFO  o.e.m.c.i.e.AbstractTransferListenerAdapter - Downloaded https://repo.maven.apache.org/maven2/org/springdoc/springdoc-openapi-ui/1.6.14/springdoc-openapi-ui-1.6.14.jar
2025-03-16 18:29:20,249 [BasicRepositoryConnector-repo.maven.apache.org-1-0] INFO  o.e.m.c.i.e.AbstractTransferListenerAdapter - Downloaded https://repo.maven.apache.org/maven2/com/fasterxml/jackson/dataformat/jackson-dataformat-yaml/2.13.1/jackson-dataformat-yaml-2.13.1.jar
2025-03-16 18:29:20,318 [BasicRepositoryConnector-repo.maven.apache.org-1-4] INFO  o.e.m.c.i.e.AbstractTransferListenerAdapter - Downloading https://repo.maven.apache.org/maven2/io/swagger/core/v3/swagger-models/2.2.7/swagger-models-2.2.7.jar
2025-03-16 18:29:20,364 [BasicRepositoryConnector-repo.maven.apache.org-1-2] INFO  o.e.m.c.i.e.AbstractTransferListenerAdapter - Downloading https://repo.maven.apache.org/maven2/io/swagger/core/v3/swagger-annotations/2.2.7/swagger-annotations-2.2.7.jar
2025-03-16 18:29:20,375 [BasicRepositoryConnector-repo.maven.apache.org-1-4] INFO  o.e.m.c.i.e.AbstractTransferListenerAdapter - Downloaded https://repo.maven.apache.org/maven2/io/swagger/core/v3/swagger-models/2.2.7/swagger-models-2.2.7.jar
2025-03-16 18:29:20,449 [BasicRepositoryConnector-repo.maven.apache.org-1-4] INFO  o.e.m.c.i.e.AbstractTransferListenerAdapter - Downloading https://repo.maven.apache.org/maven2/org/webjars/webjars-locator-core/0.48/webjars-locator-core-0.48.jar
2025-03-16 18:29:20,496 [BasicRepositoryConnector-repo.maven.apache.org-1-0] INFO  o.e.m.c.i.e.AbstractTransferListenerAdapter - Downloading https://repo.maven.apache.org/maven2/org/webjars/swagger-ui/4.15.5/swagger-ui-4.15.5.jar
2025-03-16 18:29:20,510 [BasicRepositoryConnector-repo.maven.apache.org-1-1] INFO  o.e.m.c.i.e.AbstractTransferListenerAdapter - Downloaded https://repo.maven.apache.org/maven2/org/objenesis/objenesis/3.2/objenesis-3.2.jar
2025-03-16 18:29:20,587 [BasicRepositoryConnector-repo.maven.apache.org-1-1] INFO  o.e.m.c.i.e.AbstractTransferListenerAdapter - Downloading https://repo.maven.apache.org/maven2/com/fasterxml/jackson/core/jackson-core/2.13.1/jackson-core-2.13.1.jar
2025-03-16 18:29:20,623 [BasicRepositoryConnector-repo.maven.apache.org-1-3] INFO  o.e.m.c.i.e.AbstractTransferListenerAdapter - Downloaded https://repo.maven.apache.org/maven2/org/springdoc/springdoc-openapi-webmvc-core/1.6.14/springdoc-openapi-webmvc-core-1.6.14.jar
2025-03-16 18:29:20,682 [BasicRepositoryConnector-repo.maven.apache.org-1-1] INFO  o.e.m.c.i.e.AbstractTransferListenerAdapter - Downloaded https://repo.maven.apache.org/maven2/com/fasterxml/jackson/core/jackson-core/2.13.1/jackson-core-2.13.1.jar
2025-03-16 18:29:20,696 [BasicRepositoryConnector-repo.maven.apache.org-1-3] INFO  o.e.m.c.i.e.AbstractTransferListenerAdapter - Downloading https://repo.maven.apache.org/maven2/io/github/classgraph/classgraph/4.8.149/classgraph-4.8.149.jar
2025-03-16 18:29:20,770 [BasicRepositoryConnector-repo.maven.apache.org-1-4] INFO  o.e.m.c.i.e.AbstractTransferListenerAdapter - Downloaded https://repo.maven.apache.org/maven2/org/webjars/webjars-locator-core/0.48/webjars-locator-core-0.48.jar
2025-03-16 18:29:20,772 [BasicRepositoryConnector-repo.maven.apache.org-1-1] INFO  o.e.m.c.i.e.AbstractTransferListenerAdapter - Downloading https://repo.maven.apache.org/maven2/org/springframework/boot/spring-boot-starter-validation/2.6.3/spring-boot-starter-validation-2.6.3.jar
2025-03-16 18:29:20,775 [BasicRepositoryConnector-repo.maven.apache.org-1-3] INFO  o.e.m.c.i.e.AbstractTransferListenerAdapter - Downloaded https://repo.maven.apache.org/maven2/io/github/classgraph/classgraph/4.8.149/classgraph-4.8.149.jar
2025-03-16 18:29:20,850 [BasicRepositoryConnector-repo.maven.apache.org-1-4] INFO  o.e.m.c.i.e.AbstractTransferListenerAdapter - Downloading https://repo.maven.apache.org/maven2/org/apache/tomcat/embed/tomcat-embed-el/9.0.56/tomcat-embed-el-9.0.56.jar
2025-03-16 18:29:20,867 [BasicRepositoryConnector-repo.maven.apache.org-1-3] INFO  o.e.m.c.i.e.AbstractTransferListenerAdapter - Downloading https://repo.maven.apache.org/maven2/org/hibernate/validator/hibernate-validator/6.2.0.Final/hibernate-validator-6.2.0.Final.jar
2025-03-16 18:29:20,906 [BasicRepositoryConnector-repo.maven.apache.org-1-0] INFO  o.e.m.c.i.e.AbstractTransferListenerAdapter - Downloaded https://repo.maven.apache.org/maven2/org/webjars/swagger-ui/4.15.5/swagger-ui-4.15.5.jar
2025-03-16 18:29:20,931 [BasicRepositoryConnector-repo.maven.apache.org-1-1] INFO  o.e.m.c.i.e.AbstractTransferListenerAdapter - Downloaded https://repo.maven.apache.org/maven2/org/springframework/boot/spring-boot-starter-validation/2.6.3/spring-boot-starter-validation-2.6.3.jar
2025-03-16 18:29:20,932 [BasicRepositoryConnector-repo.maven.apache.org-1-4] INFO  o.e.m.c.i.e.AbstractTransferListenerAdapter - Downloaded https://repo.maven.apache.org/maven2/org/apache/tomcat/embed/tomcat-embed-el/9.0.56/tomcat-embed-el-9.0.56.jar
2025-03-16 18:29:20,980 [BasicRepositoryConnector-repo.maven.apache.org-1-0] INFO  o.e.m.c.i.e.AbstractTransferListenerAdapter - Downloading https://repo.maven.apache.org/maven2/jakarta/validation/jakarta.validation-api/2.0.2/jakarta.validation-api-2.0.2.jar
2025-03-16 18:29:20,985 [BasicRepositoryConnector-repo.maven.apache.org-1-3] INFO  o.e.m.c.i.e.AbstractTransferListenerAdapter - Downloaded https://repo.maven.apache.org/maven2/org/hibernate/validator/hibernate-validator/6.2.0.Final/hibernate-validator-6.2.0.Final.jar
2025-03-16 18:29:21,029 [BasicRepositoryConnector-repo.maven.apache.org-1-0] INFO  o.e.m.c.i.e.AbstractTransferListenerAdapter - Downloaded https://repo.maven.apache.org/maven2/jakarta/validation/jakarta.validation-api/2.0.2/jakarta.validation-api-2.0.2.jar
2025-03-16 18:29:21,516 [BasicRepositoryConnector-repo.maven.apache.org-1-2] INFO  o.e.m.c.i.e.AbstractTransferListenerAdapter - Downloaded https://repo.maven.apache.org/maven2/io/swagger/core/v3/swagger-annotations/2.2.7/swagger-annotations-2.2.7.jar
2025-03-16 18:29:23,957 [Worker-29: Importing Maven projects] INFO  o.e.m.c.i.l.LifecycleMappingFactory - Using org.eclipse.m2e.jdt.JarLifecycleMapping lifecycle mapping for MavenProject: com.petamigo:login:0.0.1-SNAPSHOT @ D:\Desenvolvimento Software\PetAmigo\API\login\pom.xml.
2025-03-16 18:29:24,537 [Worker-29: Importing Maven projects] INFO  o.e.m.c.i.l.LifecycleMappingFactory - Using org.eclipse.m2e.jdt.JarLifecycleMapping lifecycle mapping for MavenProject: br.com:HotelariaDegaspari:0.0.1-SNAPSHOT @ D:\Desenvolvimento Software\HotelariaDegaspari\HotelariaDegaspari\pom.xml.
2025-03-16 18:29:24,771 [Worker-29: Importing Maven projects] INFO  o.e.m.c.i.e.AbstractTransferListenerAdapter - Downloading https://repo.maven.apache.org/maven2/org/apache/maven/plugins/maven-resources-plugin/3.2.0/maven-resources-plugin-3.2.0.pom
2025-03-16 18:29:24,822 [Worker-29: Importing Maven projects] INFO  o.e.m.c.i.e.AbstractTransferListenerAdapter - Downloaded https://repo.maven.apache.org/maven2/org/apache/maven/plugins/maven-resources-plugin/3.2.0/maven-resources-plugin-3.2.0.pom
2025-03-16 18:29:24,904 [Worker-29: Importing Maven projects] INFO  o.e.m.c.i.e.AbstractTransferListenerAdapter - Downloading https://repo.maven.apache.org/maven2/org/apache/maven/plugins/maven-plugins/34/maven-plugins-34.pom
2025-03-16 18:29:24,953 [Worker-29: Importing Maven projects] INFO  o.e.m.c.i.e.AbstractTransferListenerAdapter - Downloaded https://repo.maven.apache.org/maven2/org/apache/maven/plugins/maven-plugins/34/maven-plugins-34.pom
2025-03-16 18:29:25,047 [Worker-29: Importing Maven projects] INFO  o.e.m.c.i.e.AbstractTransferListenerAdapter - Downloading https://repo.maven.apache.org/maven2/org/apache/maven/maven-parent/34/maven-parent-34.pom
2025-03-16 18:29:25,093 [Worker-29: Importing Maven projects] INFO  o.e.m.c.i.e.AbstractTransferListenerAdapter - Downloaded https://repo.maven.apache.org/maven2/org/apache/maven/maven-parent/34/maven-parent-34.pom
2025-03-16 18:29:25,198 [Worker-29: Importing Maven projects] INFO  o.e.m.c.i.e.AbstractTransferListenerAdapter - Downloading https://repo.maven.apache.org/maven2/org/apache/maven/plugins/maven-surefire-plugin/2.22.2/maven-surefire-plugin-2.22.2.pom
2025-03-16 18:29:25,236 [Worker-29: Importing Maven projects] INFO  o.e.m.c.i.e.AbstractTransferListenerAdapter - Downloaded https://repo.maven.apache.org/maven2/org/apache/maven/plugins/maven-surefire-plugin/2.22.2/maven-surefire-plugin-2.22.2.pom
2025-03-16 18:29:25,318 [Worker-29: Importing Maven projects] INFO  o.e.m.c.i.e.AbstractTransferListenerAdapter - Downloading https://repo.maven.apache.org/maven2/org/apache/maven/surefire/surefire/2.22.2/surefire-2.22.2.pom
2025-03-16 18:29:25,364 [Worker-29: Importing Maven projects] INFO  o.e.m.c.i.e.AbstractTransferListenerAdapter - Downloaded https://repo.maven.apache.org/maven2/org/apache/maven/surefire/surefire/2.22.2/surefire-2.22.2.pom
2025-03-16 18:29:25,579 [Worker-29: Importing Maven projects] INFO  o.e.m.c.i.e.AbstractTransferListenerAdapter - Downloading https://repo.maven.apache.org/maven2/org/apache/maven/plugins/maven-jar-plugin/3.2.2/maven-jar-plugin-3.2.2.pom
2025-03-16 18:29:25,621 [Worker-29: Importing Maven projects] INFO  o.e.m.c.i.e.AbstractTransferListenerAdapter - Downloaded https://repo.maven.apache.org/maven2/org/apache/maven/plugins/maven-jar-plugin/3.2.2/maven-jar-plugin-3.2.2.pom
2025-03-16 18:29:25,746 [Worker-29: Importing Maven projects] INFO  o.e.m.c.i.e.AbstractTransferListenerAdapter - Downloading https://repo.maven.apache.org/maven2/org/apache/maven/maven-plugin-api/3.1.0/maven-plugin-api-3.1.0.pom
2025-03-16 18:29:25,788 [Worker-29: Importing Maven projects] INFO  o.e.m.c.i.e.AbstractTransferListenerAdapter - Downloaded https://repo.maven.apache.org/maven2/org/apache/maven/maven-plugin-api/3.1.0/maven-plugin-api-3.1.0.pom
2025-03-16 18:29:25,871 [Worker-29: Importing Maven projects] INFO  o.e.m.c.i.e.AbstractTransferListenerAdapter - Downloading https://repo.maven.apache.org/maven2/org/apache/maven/maven/3.1.0/maven-3.1.0.pom
2025-03-16 18:29:25,914 [Worker-29: Importing Maven projects] INFO  o.e.m.c.i.e.AbstractTransferListenerAdapter - Downloaded https://repo.maven.apache.org/maven2/org/apache/maven/maven/3.1.0/maven-3.1.0.pom
2025-03-16 18:29:26,022 [Worker-29: Importing Maven projects] INFO  o.e.m.c.i.e.AbstractTransferListenerAdapter - Downloading https://repo.maven.apache.org/maven2/org/apache/maven/maven-model/3.1.0/maven-model-3.1.0.pom
2025-03-16 18:29:26,063 [Worker-29: Importing Maven projects] INFO  o.e.m.c.i.e.AbstractTransferListenerAdapter - Downloaded https://repo.maven.apache.org/maven2/org/apache/maven/maven-model/3.1.0/maven-model-3.1.0.pom
2025-03-16 18:29:26,204 [Worker-29: Importing Maven projects] INFO  o.e.m.c.i.e.AbstractTransferListenerAdapter - Downloading https://repo.maven.apache.org/maven2/org/codehaus/plexus/plexus-utils/3.0.10/plexus-utils-3.0.10.pom
2025-03-16 18:29:26,247 [Worker-29: Importing Maven projects] INFO  o.e.m.c.i.e.AbstractTransferListenerAdapter - Downloaded https://repo.maven.apache.org/maven2/org/codehaus/plexus/plexus-utils/3.0.10/plexus-utils-3.0.10.pom
2025-03-16 18:29:26,339 [Worker-29: Importing Maven projects] INFO  o.e.m.c.i.e.AbstractTransferListenerAdapter - Downloading https://repo.maven.apache.org/maven2/org/codehaus/plexus/plexus/3.3/plexus-3.3.pom
2025-03-16 18:29:26,385 [Worker-29: Importing Maven projects] INFO  o.e.m.c.i.e.AbstractTransferListenerAdapter - Downloaded https://repo.maven.apache.org/maven2/org/codehaus/plexus/plexus/3.3/plexus-3.3.pom
2025-03-16 18:29:26,481 [Worker-29: Importing Maven projects] INFO  o.e.m.c.i.e.AbstractTransferListenerAdapter - Downloading https://repo.maven.apache.org/maven2/org/apache/maven/maven-artifact/3.1.0/maven-artifact-3.1.0.pom
2025-03-16 18:29:26,513 [Worker-29: Importing Maven projects] INFO  o.e.m.c.i.e.AbstractTransferListenerAdapter - Downloaded https://repo.maven.apache.org/maven2/org/apache/maven/maven-artifact/3.1.0/maven-artifact-3.1.0.pom
2025-03-16 18:29:26,610 [Worker-29: Importing Maven projects] INFO  o.e.m.c.i.e.AbstractTransferListenerAdapter - Downloading https://repo.maven.apache.org/maven2/org/eclipse/sisu/org.eclipse.sisu.plexus/0.0.0.M2a/org.eclipse.sisu.plexus-0.0.0.M2a.pom
2025-03-16 18:29:26,641 [Worker-29: Importing Maven projects] INFO  o.e.m.c.i.e.AbstractTransferListenerAdapter - Downloaded https://repo.maven.apache.org/maven2/org/eclipse/sisu/org.eclipse.sisu.plexus/0.0.0.M2a/org.eclipse.sisu.plexus-0.0.0.M2a.pom
2025-03-16 18:29:26,729 [Worker-29: Importing Maven projects] INFO  o.e.m.c.i.e.AbstractTransferListenerAdapter - Downloading https://repo.maven.apache.org/maven2/org/eclipse/sisu/sisu-plexus/0.0.0.M2a/sisu-plexus-0.0.0.M2a.pom
2025-03-16 18:29:26,770 [Worker-29: Importing Maven projects] INFO  o.e.m.c.i.e.AbstractTransferListenerAdapter - Downloaded https://repo.maven.apache.org/maven2/org/eclipse/sisu/sisu-plexus/0.0.0.M2a/sisu-plexus-0.0.0.M2a.pom
2025-03-16 18:29:26,858 [Worker-29: Importing Maven projects] INFO  o.e.m.c.i.e.AbstractTransferListenerAdapter - Downloading https://repo.maven.apache.org/maven2/javax/enterprise/cdi-api/1.0/cdi-api-1.0.pom
2025-03-16 18:29:26,899 [Worker-29: Importing Maven projects] INFO  o.e.m.c.i.e.AbstractTransferListenerAdapter - Downloaded https://repo.maven.apache.org/maven2/javax/enterprise/cdi-api/1.0/cdi-api-1.0.pom
2025-03-16 18:29:27,000 [Worker-29: Importing Maven projects] INFO  o.e.m.c.i.e.AbstractTransferListenerAdapter - Downloading https://repo.maven.apache.org/maven2/org/jboss/weld/weld-api-parent/1.0/weld-api-parent-1.0.pom
2025-03-16 18:29:27,043 [Worker-29: Importing Maven projects] INFO  o.e.m.c.i.e.AbstractTransferListenerAdapter - Downloaded https://repo.maven.apache.org/maven2/org/jboss/weld/weld-api-parent/1.0/weld-api-parent-1.0.pom
2025-03-16 18:29:27,131 [Worker-29: Importing Maven projects] INFO  o.e.m.c.i.e.AbstractTransferListenerAdapter - Downloading https://repo.maven.apache.org/maven2/org/jboss/weld/weld-api-bom/1.0/weld-api-bom-1.0.pom
2025-03-16 18:29:27,171 [Worker-29: Importing Maven projects] INFO  o.e.m.c.i.e.AbstractTransferListenerAdapter - Downloaded https://repo.maven.apache.org/maven2/org/jboss/weld/weld-api-bom/1.0/weld-api-bom-1.0.pom
2025-03-16 18:29:27,256 [Worker-29: Importing Maven projects] INFO  o.e.m.c.i.e.AbstractTransferListenerAdapter - Downloading https://repo.maven.apache.org/maven2/org/jboss/weld/weld-parent/6/weld-parent-6.pom
2025-03-16 18:29:27,300 [Worker-29: Importing Maven projects] INFO  o.e.m.c.i.e.AbstractTransferListenerAdapter - Downloaded https://repo.maven.apache.org/maven2/org/jboss/weld/weld-parent/6/weld-parent-6.pom
2025-03-16 18:29:27,407 [Worker-29: Importing Maven projects] INFO  o.e.m.c.i.e.AbstractTransferListenerAdapter - Downloading https://repo.maven.apache.org/maven2/javax/annotation/jsr250-api/1.0/jsr250-api-1.0.pom
2025-03-16 18:29:27,438 [Worker-29: Importing Maven projects] INFO  o.e.m.c.i.e.AbstractTransferListenerAdapter - Downloaded https://repo.maven.apache.org/maven2/javax/annotation/jsr250-api/1.0/jsr250-api-1.0.pom
2025-03-16 18:29:27,533 [Worker-29: Importing Maven projects] INFO  o.e.m.c.i.e.AbstractTransferListenerAdapter - Downloading https://repo.maven.apache.org/maven2/com/google/guava/guava/10.0.1/guava-10.0.1.pom
2025-03-16 18:29:27,579 [Worker-29: Importing Maven projects] INFO  o.e.m.c.i.e.AbstractTransferListenerAdapter - Downloaded https://repo.maven.apache.org/maven2/com/google/guava/guava/10.0.1/guava-10.0.1.pom
2025-03-16 18:29:27,664 [Worker-29: Importing Maven projects] INFO  o.e.m.c.i.e.AbstractTransferListenerAdapter - Downloading https://repo.maven.apache.org/maven2/com/google/guava/guava-parent/10.0.1/guava-parent-10.0.1.pom
2025-03-16 18:29:27,707 [Worker-29: Importing Maven projects] INFO  o.e.m.c.i.e.AbstractTransferListenerAdapter - Downloaded https://repo.maven.apache.org/maven2/com/google/guava/guava-parent/10.0.1/guava-parent-10.0.1.pom
2025-03-16 18:29:27,788 [Worker-29: Importing Maven projects] INFO  o.e.m.c.i.e.AbstractTransferListenerAdapter - Downloading https://repo.maven.apache.org/maven2/com/google/code/findbugs/jsr305/1.3.9/jsr305-1.3.9.pom
2025-03-16 18:29:27,830 [Worker-29: Importing Maven projects] INFO  o.e.m.c.i.e.AbstractTransferListenerAdapter - Downloaded https://repo.maven.apache.org/maven2/com/google/code/findbugs/jsr305/1.3.9/jsr305-1.3.9.pom
2025-03-16 18:29:27,922 [Worker-29: Importing Maven projects] INFO  o.e.m.c.i.e.AbstractTransferListenerAdapter - Downloading https://repo.maven.apache.org/maven2/org/sonatype/sisu/sisu-guice/3.1.0/sisu-guice-3.1.0.pom
2025-03-16 18:29:27,959 [Worker-29: Importing Maven projects] INFO  o.e.m.c.i.e.AbstractTransferListenerAdapter - Downloaded https://repo.maven.apache.org/maven2/org/sonatype/sisu/sisu-guice/3.1.0/sisu-guice-3.1.0.pom
2025-03-16 18:29:28,052 [Worker-29: Importing Maven projects] INFO  o.e.m.c.i.e.AbstractTransferListenerAdapter - Downloading https://repo.maven.apache.org/maven2/org/sonatype/sisu/inject/guice-parent/3.1.0/guice-parent-3.1.0.pom
2025-03-16 18:29:28,102 [Worker-29: Importing Maven projects] INFO  o.e.m.c.i.e.AbstractTransferListenerAdapter - Downloaded https://repo.maven.apache.org/maven2/org/sonatype/sisu/inject/guice-parent/3.1.0/guice-parent-3.1.0.pom
2025-03-16 18:29:28,197 [Worker-29: Importing Maven projects] INFO  o.e.m.c.i.e.AbstractTransferListenerAdapter - Downloading https://repo.maven.apache.org/maven2/aopalliance/aopalliance/1.0/aopalliance-1.0.pom
2025-03-16 18:29:28,237 [Worker-29: Importing Maven projects] INFO  o.e.m.c.i.e.AbstractTransferListenerAdapter - Downloaded https://repo.maven.apache.org/maven2/aopalliance/aopalliance/1.0/aopalliance-1.0.pom
2025-03-16 18:29:28,328 [Worker-29: Importing Maven projects] INFO  o.e.m.c.i.e.AbstractTransferListenerAdapter - Downloading https://repo.maven.apache.org/maven2/org/eclipse/sisu/org.eclipse.sisu.inject/0.0.0.M2a/org.eclipse.sisu.inject-0.0.0.M2a.pom
2025-03-16 18:29:28,361 [Worker-29: Importing Maven projects] INFO  o.e.m.c.i.e.AbstractTransferListenerAdapter - Downloaded https://repo.maven.apache.org/maven2/org/eclipse/sisu/org.eclipse.sisu.inject/0.0.0.M2a/org.eclipse.sisu.inject-0.0.0.M2a.pom
2025-03-16 18:29:28,453 [Worker-29: Importing Maven projects] INFO  o.e.m.c.i.e.AbstractTransferListenerAdapter - Downloading https://repo.maven.apache.org/maven2/org/eclipse/sisu/sisu-inject/0.0.0.M2a/sisu-inject-0.0.0.M2a.pom
2025-03-16 18:29:28,486 [Worker-29: Importing Maven projects] INFO  o.e.m.c.i.e.AbstractTransferListenerAdapter - Downloaded https://repo.maven.apache.org/maven2/org/eclipse/sisu/sisu-inject/0.0.0.M2a/sisu-inject-0.0.0.M2a.pom
2025-03-16 18:29:28,569 [Worker-29: Importing Maven projects] INFO  o.e.m.c.i.e.AbstractTransferListenerAdapter - Downloading https://repo.maven.apache.org/maven2/asm/asm/3.3.1/asm-3.3.1.pom
2025-03-16 18:29:28,605 [Worker-29: Importing Maven projects] INFO  o.e.m.c.i.e.AbstractTransferListenerAdapter - Downloaded https://repo.maven.apache.org/maven2/asm/asm/3.3.1/asm-3.3.1.pom
2025-03-16 18:29:28,692 [Worker-29: Importing Maven projects] INFO  o.e.m.c.i.e.AbstractTransferListenerAdapter - Downloading https://repo.maven.apache.org/maven2/asm/asm-parent/3.3.1/asm-parent-3.3.1.pom
2025-03-16 18:29:28,735 [Worker-29: Importing Maven projects] INFO  o.e.m.c.i.e.AbstractTransferListenerAdapter - Downloaded https://repo.maven.apache.org/maven2/asm/asm-parent/3.3.1/asm-parent-3.3.1.pom
2025-03-16 18:29:28,818 [Worker-29: Importing Maven projects] INFO  o.e.m.c.i.e.AbstractTransferListenerAdapter - Downloading https://repo.maven.apache.org/maven2/org/codehaus/plexus/plexus-component-annotations/2.0.0/plexus-component-annotations-2.0.0.pom
2025-03-16 18:29:28,860 [Worker-29: Importing Maven projects] INFO  o.e.m.c.i.e.AbstractTransferListenerAdapter - Downloaded https://repo.maven.apache.org/maven2/org/codehaus/plexus/plexus-component-annotations/2.0.0/plexus-component-annotations-2.0.0.pom
2025-03-16 18:29:28,941 [Worker-29: Importing Maven projects] INFO  o.e.m.c.i.e.AbstractTransferListenerAdapter - Downloading https://repo.maven.apache.org/maven2/org/codehaus/plexus/plexus-containers/2.0.0/plexus-containers-2.0.0.pom
2025-03-16 18:29:28,981 [Worker-29: Importing Maven projects] INFO  o.e.m.c.i.e.AbstractTransferListenerAdapter - Downloaded https://repo.maven.apache.org/maven2/org/codehaus/plexus/plexus-containers/2.0.0/plexus-containers-2.0.0.pom
2025-03-16 18:29:29,075 [Worker-29: Importing Maven projects] INFO  o.e.m.c.i.e.AbstractTransferListenerAdapter - Downloading https://repo.maven.apache.org/maven2/org/codehaus/plexus/plexus-classworlds/2.4/plexus-classworlds-2.4.pom
2025-03-16 18:29:29,117 [Worker-29: Importing Maven projects] INFO  o.e.m.c.i.e.AbstractTransferListenerAdapter - Downloaded https://repo.maven.apache.org/maven2/org/codehaus/plexus/plexus-classworlds/2.4/plexus-classworlds-2.4.pom
2025-03-16 18:29:29,200 [Worker-29: Importing Maven projects] INFO  o.e.m.c.i.e.AbstractTransferListenerAdapter - Downloading https://repo.maven.apache.org/maven2/org/codehaus/plexus/plexus-utils/2.1/plexus-utils-2.1.pom
2025-03-16 18:29:29,243 [Worker-29: Importing Maven projects] INFO  o.e.m.c.i.e.AbstractTransferListenerAdapter - Downloaded https://repo.maven.apache.org/maven2/org/codehaus/plexus/plexus-utils/2.1/plexus-utils-2.1.pom
2025-03-16 18:29:29,327 [Worker-29: Importing Maven projects] INFO  o.e.m.c.i.e.AbstractTransferListenerAdapter - Downloading https://repo.maven.apache.org/maven2/org/sonatype/spice/spice-parent/16/spice-parent-16.pom
2025-03-16 18:29:29,370 [Worker-29: Importing Maven projects] INFO  o.e.m.c.i.e.AbstractTransferListenerAdapter - Downloaded https://repo.maven.apache.org/maven2/org/sonatype/spice/spice-parent/16/spice-parent-16.pom
2025-03-16 18:29:29,464 [Worker-29: Importing Maven projects] INFO  o.e.m.c.i.e.AbstractTransferListenerAdapter - Downloading https://repo.maven.apache.org/maven2/org/apache/maven/maven-core/3.1.0/maven-core-3.1.0.pom
2025-03-16 18:29:29,505 [Worker-29: Importing Maven projects] INFO  o.e.m.c.i.e.AbstractTransferListenerAdapter - Downloaded https://repo.maven.apache.org/maven2/org/apache/maven/maven-core/3.1.0/maven-core-3.1.0.pom
2025-03-16 18:29:29,588 [Worker-29: Importing Maven projects] INFO  o.e.m.c.i.e.AbstractTransferListenerAdapter - Downloading https://repo.maven.apache.org/maven2/org/apache/maven/maven-settings/3.1.0/maven-settings-3.1.0.pom
2025-03-16 18:29:29,629 [Worker-29: Importing Maven projects] INFO  o.e.m.c.i.e.AbstractTransferListenerAdapter - Downloaded https://repo.maven.apache.org/maven2/org/apache/maven/maven-settings/3.1.0/maven-settings-3.1.0.pom
2025-03-16 18:29:29,722 [Worker-29: Importing Maven projects] INFO  o.e.m.c.i.e.AbstractTransferListenerAdapter - Downloading https://repo.maven.apache.org/maven2/org/apache/maven/maven-settings-builder/3.1.0/maven-settings-builder-3.1.0.pom
2025-03-16 18:29:29,760 [Worker-29: Importing Maven projects] INFO  o.e.m.c.i.e.AbstractTransferListenerAdapter - Downloaded https://repo.maven.apache.org/maven2/org/apache/maven/maven-settings-builder/3.1.0/maven-settings-builder-3.1.0.pom
2025-03-16 18:29:29,856 [Worker-29: Importing Maven projects] INFO  o.e.m.c.i.e.AbstractTransferListenerAdapter - Downloading https://repo.maven.apache.org/maven2/org/codehaus/plexus/plexus-interpolation/1.16/plexus-interpolation-1.16.pom
2025-03-16 18:29:29,892 [Worker-29: Importing Maven projects] INFO  o.e.m.c.i.e.AbstractTransferListenerAdapter - Downloaded https://repo.maven.apache.org/maven2/org/codehaus/plexus/plexus-interpolation/1.16/plexus-interpolation-1.16.pom
2025-03-16 18:29:29,974 [Worker-29: Importing Maven projects] INFO  o.e.m.c.i.e.AbstractTransferListenerAdapter - Downloading https://repo.maven.apache.org/maven2/org/codehaus/plexus/plexus-components/1.3/plexus-components-1.3.pom
2025-03-16 18:29:30,014 [Worker-29: Importing Maven projects] INFO  o.e.m.c.i.e.AbstractTransferListenerAdapter - Downloaded https://repo.maven.apache.org/maven2/org/codehaus/plexus/plexus-components/1.3/plexus-components-1.3.pom
2025-03-16 18:29:30,098 [Worker-29: Importing Maven projects] INFO  o.e.m.c.i.e.AbstractTransferListenerAdapter - Downloading https://repo.maven.apache.org/maven2/org/apache/maven/maven-repository-metadata/3.1.0/maven-repository-metadata-3.1.0.pom
2025-03-16 18:29:30,143 [Worker-29: Importing Maven projects] INFO  o.e.m.c.i.e.AbstractTransferListenerAdapter - Downloaded https://repo.maven.apache.org/maven2/org/apache/maven/maven-repository-metadata/3.1.0/maven-repository-metadata-3.1.0.pom
2025-03-16 18:29:30,224 [Worker-29: Importing Maven projects] INFO  o.e.m.c.i.e.AbstractTransferListenerAdapter - Downloading https://repo.maven.apache.org/maven2/org/apache/maven/maven-model-builder/3.1.0/maven-model-builder-3.1.0.pom
2025-03-16 18:29:30,268 [Worker-29: Importing Maven projects] INFO  o.e.m.c.i.e.AbstractTransferListenerAdapter - Downloaded https://repo.maven.apache.org/maven2/org/apache/maven/maven-model-builder/3.1.0/maven-model-builder-3.1.0.pom
2025-03-16 18:29:30,350 [Worker-29: Importing Maven projects] INFO  o.e.m.c.i.e.AbstractTransferListenerAdapter - Downloading https://repo.maven.apache.org/maven2/org/apache/maven/maven-aether-provider/3.1.0/maven-aether-provider-3.1.0.pom
2025-03-16 18:29:30,386 [Worker-29: Importing Maven projects] INFO  o.e.m.c.i.e.AbstractTransferListenerAdapter - Downloaded https://repo.maven.apache.org/maven2/org/apache/maven/maven-aether-provider/3.1.0/maven-aether-provider-3.1.0.pom
2025-03-16 18:29:30,468 [Worker-29: Importing Maven projects] INFO  o.e.m.c.i.e.AbstractTransferListenerAdapter - Downloading https://repo.maven.apache.org/maven2/org/eclipse/aether/aether-api/0.9.0.M2/aether-api-0.9.0.M2.pom
2025-03-16 18:29:30,514 [Worker-29: Importing Maven projects] INFO  o.e.m.c.i.e.AbstractTransferListenerAdapter - Downloaded https://repo.maven.apache.org/maven2/org/eclipse/aether/aether-api/0.9.0.M2/aether-api-0.9.0.M2.pom
2025-03-16 18:29:30,598 [Worker-29: Importing Maven projects] INFO  o.e.m.c.i.e.AbstractTransferListenerAdapter - Downloading https://repo.maven.apache.org/maven2/org/eclipse/aether/aether/0.9.0.M2/aether-0.9.0.M2.pom
2025-03-16 18:29:30,646 [Worker-29: Importing Maven projects] INFO  o.e.m.c.i.e.AbstractTransferListenerAdapter - Downloaded https://repo.maven.apache.org/maven2/org/eclipse/aether/aether/0.9.0.M2/aether-0.9.0.M2.pom
2025-03-16 18:29:30,749 [Worker-29: Importing Maven projects] INFO  o.e.m.c.i.e.AbstractTransferListenerAdapter - Downloading https://repo.maven.apache.org/maven2/org/eclipse/aether/aether-spi/0.9.0.M2/aether-spi-0.9.0.M2.pom
2025-03-16 18:29:30,781 [Worker-29: Importing Maven projects] INFO  o.e.m.c.i.e.AbstractTransferListenerAdapter - Downloaded https://repo.maven.apache.org/maven2/org/eclipse/aether/aether-spi/0.9.0.M2/aether-spi-0.9.0.M2.pom
2025-03-16 18:29:30,883 [Worker-29: Importing Maven projects] INFO  o.e.m.c.i.e.AbstractTransferListenerAdapter - Downloading https://repo.maven.apache.org/maven2/org/eclipse/aether/aether-util/0.9.0.M2/aether-util-0.9.0.M2.pom
2025-03-16 18:29:30,931 [Worker-29: Importing Maven projects] INFO  o.e.m.c.i.e.AbstractTransferListenerAdapter - Downloaded https://repo.maven.apache.org/maven2/org/eclipse/aether/aether-util/0.9.0.M2/aether-util-0.9.0.M2.pom
2025-03-16 18:29:31,025 [Worker-29: Importing Maven projects] INFO  o.e.m.c.i.e.AbstractTransferListenerAdapter - Downloading https://repo.maven.apache.org/maven2/org/eclipse/aether/aether-impl/0.9.0.M2/aether-impl-0.9.0.M2.pom
2025-03-16 18:29:31,061 [Worker-29: Importing Maven projects] INFO  o.e.m.c.i.e.AbstractTransferListenerAdapter - Downloaded https://repo.maven.apache.org/maven2/org/eclipse/aether/aether-impl/0.9.0.M2/aether-impl-0.9.0.M2.pom
2025-03-16 18:29:31,172 [Worker-29: Importing Maven projects] INFO  o.e.m.c.i.e.AbstractTransferListenerAdapter - Downloading https://repo.maven.apache.org/maven2/org/codehaus/plexus/plexus-classworlds/2.4.2/plexus-classworlds-2.4.2.pom
2025-03-16 18:29:31,216 [Worker-29: Importing Maven projects] INFO  o.e.m.c.i.e.AbstractTransferListenerAdapter - Downloaded https://repo.maven.apache.org/maven2/org/codehaus/plexus/plexus-classworlds/2.4.2/plexus-classworlds-2.4.2.pom
2025-03-16 18:29:31,306 [Worker-29: Importing Maven projects] INFO  o.e.m.c.i.e.AbstractTransferListenerAdapter - Downloading https://repo.maven.apache.org/maven2/org/codehaus/plexus/plexus/3.0.1/plexus-3.0.1.pom
2025-03-16 18:29:31,352 [Worker-29: Importing Maven projects] INFO  o.e.m.c.i.e.AbstractTransferListenerAdapter - Downloaded https://repo.maven.apache.org/maven2/org/codehaus/plexus/plexus/3.0.1/plexus-3.0.1.pom
2025-03-16 18:29:31,453 [Worker-29: Importing Maven projects] INFO  o.e.m.c.i.e.AbstractTransferListenerAdapter - Downloading https://repo.maven.apache.org/maven2/org/apache/maven/shared/file-management/3.0.0/file-management-3.0.0.pom
2025-03-16 18:29:31,497 [Worker-29: Importing Maven projects] INFO  o.e.m.c.i.e.AbstractTransferListenerAdapter - Downloaded https://repo.maven.apache.org/maven2/org/apache/maven/shared/file-management/3.0.0/file-management-3.0.0.pom
2025-03-16 18:29:31,583 [Worker-29: Importing Maven projects] INFO  o.e.m.c.i.e.AbstractTransferListenerAdapter - Downloading https://repo.maven.apache.org/maven2/org/apache/maven/shared/maven-shared-components/22/maven-shared-components-22.pom
2025-03-16 18:29:31,626 [Worker-29: Importing Maven projects] INFO  o.e.m.c.i.e.AbstractTransferListenerAdapter - Downloaded https://repo.maven.apache.org/maven2/org/apache/maven/shared/maven-shared-components/22/maven-shared-components-22.pom
2025-03-16 18:29:31,713 [Worker-29: Importing Maven projects] INFO  o.e.m.c.i.e.AbstractTransferListenerAdapter - Downloading https://repo.maven.apache.org/maven2/org/apache/maven/maven-parent/27/maven-parent-27.pom
2025-03-16 18:29:31,760 [Worker-29: Importing Maven projects] INFO  o.e.m.c.i.e.AbstractTransferListenerAdapter - Downloaded https://repo.maven.apache.org/maven2/org/apache/maven/maven-parent/27/maven-parent-27.pom
2025-03-16 18:29:31,865 [Worker-29: Importing Maven projects] INFO  o.e.m.c.i.e.AbstractTransferListenerAdapter - Downloading https://repo.maven.apache.org/maven2/org/apache/apache/17/apache-17.pom
2025-03-16 18:29:31,900 [Worker-29: Importing Maven projects] INFO  o.e.m.c.i.e.AbstractTransferListenerAdapter - Downloaded https://repo.maven.apache.org/maven2/org/apache/apache/17/apache-17.pom
2025-03-16 18:29:31,993 [Worker-29: Importing Maven projects] INFO  o.e.m.c.i.e.AbstractTransferListenerAdapter - Downloading https://repo.maven.apache.org/maven2/org/apache/maven/shared/maven-shared-io/3.0.0/maven-shared-io-3.0.0.pom
2025-03-16 18:29:32,036 [Worker-29: Importing Maven projects] INFO  o.e.m.c.i.e.AbstractTransferListenerAdapter - Downloaded https://repo.maven.apache.org/maven2/org/apache/maven/shared/maven-shared-io/3.0.0/maven-shared-io-3.0.0.pom
2025-03-16 18:29:32,121 [Worker-29: Importing Maven projects] INFO  o.e.m.c.i.e.AbstractTransferListenerAdapter - Downloading https://repo.maven.apache.org/maven2/org/apache/maven/maven-compat/3.0/maven-compat-3.0.pom
2025-03-16 18:29:32,155 [Worker-29: Importing Maven projects] INFO  o.e.m.c.i.e.AbstractTransferListenerAdapter - Downloaded https://repo.maven.apache.org/maven2/org/apache/maven/maven-compat/3.0/maven-compat-3.0.pom
2025-03-16 18:29:32,242 [Worker-29: Importing Maven projects] INFO  o.e.m.c.i.e.AbstractTransferListenerAdapter - Downloading https://repo.maven.apache.org/maven2/org/apache/maven/wagon/wagon-provider-api/1.0-beta-6/wagon-provider-api-1.0-beta-6.pom
2025-03-16 18:29:32,286 [Worker-29: Importing Maven projects] INFO  o.e.m.c.i.e.AbstractTransferListenerAdapter - Downloaded https://repo.maven.apache.org/maven2/org/apache/maven/wagon/wagon-provider-api/1.0-beta-6/wagon-provider-api-1.0-beta-6.pom
2025-03-16 18:29:32,370 [Worker-29: Importing Maven projects] INFO  o.e.m.c.i.e.AbstractTransferListenerAdapter - Downloading https://repo.maven.apache.org/maven2/org/apache/maven/wagon/wagon/1.0-beta-6/wagon-1.0-beta-6.pom
2025-03-16 18:29:32,418 [Worker-29: Importing Maven projects] INFO  o.e.m.c.i.e.AbstractTransferListenerAdapter - Downloaded https://repo.maven.apache.org/maven2/org/apache/maven/wagon/wagon/1.0-beta-6/wagon-1.0-beta-6.pom
2025-03-16 18:29:32,517 [Worker-29: Importing Maven projects] INFO  o.e.m.c.i.e.AbstractTransferListenerAdapter - Downloading https://repo.maven.apache.org/maven2/org/codehaus/plexus/plexus-utils/1.4.2/plexus-utils-1.4.2.pom
2025-03-16 18:29:32,559 [Worker-29: Importing Maven projects] INFO  o.e.m.c.i.e.AbstractTransferListenerAdapter - Downloaded https://repo.maven.apache.org/maven2/org/codehaus/plexus/plexus-utils/1.4.2/plexus-utils-1.4.2.pom
2025-03-16 18:29:32,640 [Worker-29: Importing Maven projects] INFO  o.e.m.c.i.e.AbstractTransferListenerAdapter - Downloading https://repo.maven.apache.org/maven2/org/apache/maven/wagon/wagon-provider-api/2.10/wagon-provider-api-2.10.pom
2025-03-16 18:29:32,683 [Worker-29: Importing Maven projects] INFO  o.e.m.c.i.e.AbstractTransferListenerAdapter - Downloaded https://repo.maven.apache.org/maven2/org/apache/maven/wagon/wagon-provider-api/2.10/wagon-provider-api-2.10.pom
2025-03-16 18:29:32,763 [Worker-29: Importing Maven projects] INFO  o.e.m.c.i.e.AbstractTransferListenerAdapter - Downloading https://repo.maven.apache.org/maven2/org/apache/maven/wagon/wagon/2.10/wagon-2.10.pom
2025-03-16 18:29:32,806 [Worker-29: Importing Maven projects] INFO  o.e.m.c.i.e.AbstractTransferListenerAdapter - Downloaded https://repo.maven.apache.org/maven2/org/apache/maven/wagon/wagon/2.10/wagon-2.10.pom
2025-03-16 18:29:32,897 [Worker-29: Importing Maven projects] INFO  o.e.m.c.i.e.AbstractTransferListenerAdapter - Downloading https://repo.maven.apache.org/maven2/org/apache/maven/maven-parent/26/maven-parent-26.pom
2025-03-16 18:29:32,932 [Worker-29: Importing Maven projects] INFO  o.e.m.c.i.e.AbstractTransferListenerAdapter - Downloaded https://repo.maven.apache.org/maven2/org/apache/maven/maven-parent/26/maven-parent-26.pom
2025-03-16 18:29:33,029 [Worker-29: Importing Maven projects] INFO  o.e.m.c.i.e.AbstractTransferListenerAdapter - Downloading https://repo.maven.apache.org/maven2/org/codehaus/plexus/plexus-utils/3.0.15/plexus-utils-3.0.15.pom
2025-03-16 18:29:33,074 [Worker-29: Importing Maven projects] INFO  o.e.m.c.i.e.AbstractTransferListenerAdapter - Downloaded https://repo.maven.apache.org/maven2/org/codehaus/plexus/plexus-utils/3.0.15/plexus-utils-3.0.15.pom
2025-03-16 18:29:33,162 [Worker-29: Importing Maven projects] INFO  o.e.m.c.i.e.AbstractTransferListenerAdapter - Downloading https://repo.maven.apache.org/maven2/org/apache/maven/shared/maven-shared-utils/3.0.0/maven-shared-utils-3.0.0.pom
2025-03-16 18:29:33,205 [Worker-29: Importing Maven projects] INFO  o.e.m.c.i.e.AbstractTransferListenerAdapter - Downloaded https://repo.maven.apache.org/maven2/org/apache/maven/shared/maven-shared-utils/3.0.0/maven-shared-utils-3.0.0.pom
2025-03-16 18:29:33,287 [Worker-29: Importing Maven projects] INFO  o.e.m.c.i.e.AbstractTransferListenerAdapter - Downloading https://repo.maven.apache.org/maven2/org/apache/maven/shared/maven-shared-components/21/maven-shared-components-21.pom
2025-03-16 18:29:33,331 [Worker-29: Importing Maven projects] INFO  o.e.m.c.i.e.AbstractTransferListenerAdapter - Downloaded https://repo.maven.apache.org/maven2/org/apache/maven/shared/maven-shared-components/21/maven-shared-components-21.pom
2025-03-16 18:29:33,413 [Worker-29: Importing Maven projects] INFO  o.e.m.c.i.e.AbstractTransferListenerAdapter - Downloading https://repo.maven.apache.org/maven2/org/apache/maven/maven-parent/25/maven-parent-25.pom
2025-03-16 18:29:33,457 [Worker-29: Importing Maven projects] INFO  o.e.m.c.i.e.AbstractTransferListenerAdapter - Downloaded https://repo.maven.apache.org/maven2/org/apache/maven/maven-parent/25/maven-parent-25.pom
2025-03-16 18:29:33,549 [Worker-29: Importing Maven projects] INFO  o.e.m.c.i.e.AbstractTransferListenerAdapter - Downloading https://repo.maven.apache.org/maven2/org/apache/apache/15/apache-15.pom
2025-03-16 18:29:33,592 [Worker-29: Importing Maven projects] INFO  o.e.m.c.i.e.AbstractTransferListenerAdapter - Downloaded https://repo.maven.apache.org/maven2/org/apache/apache/15/apache-15.pom
2025-03-16 18:29:33,683 [Worker-29: Importing Maven projects] INFO  o.e.m.c.i.e.AbstractTransferListenerAdapter - Downloading https://repo.maven.apache.org/maven2/commons-io/commons-io/2.4/commons-io-2.4.pom
2025-03-16 18:29:33,725 [Worker-29: Importing Maven projects] INFO  o.e.m.c.i.e.AbstractTransferListenerAdapter - Downloaded https://repo.maven.apache.org/maven2/commons-io/commons-io/2.4/commons-io-2.4.pom
2025-03-16 18:29:33,818 [Worker-29: Importing Maven projects] INFO  o.e.m.c.i.e.AbstractTransferListenerAdapter - Downloading https://repo.maven.apache.org/maven2/org/apache/commons/commons-parent/25/commons-parent-25.pom
2025-03-16 18:29:33,868 [Worker-29: Importing Maven projects] INFO  o.e.m.c.i.e.AbstractTransferListenerAdapter - Downloaded https://repo.maven.apache.org/maven2/org/apache/commons/commons-parent/25/commons-parent-25.pom
2025-03-16 18:29:33,975 [Worker-29: Importing Maven projects] INFO  o.e.m.c.i.e.AbstractTransferListenerAdapter - Downloading https://repo.maven.apache.org/maven2/org/apache/apache/9/apache-9.pom
2025-03-16 18:29:34,009 [Worker-29: Importing Maven projects] INFO  o.e.m.c.i.e.AbstractTransferListenerAdapter - Downloaded https://repo.maven.apache.org/maven2/org/apache/apache/9/apache-9.pom
2025-03-16 18:29:34,101 [Worker-29: Importing Maven projects] INFO  o.e.m.c.i.e.AbstractTransferListenerAdapter - Downloading https://repo.maven.apache.org/maven2/org/apache/maven/maven-archiver/3.5.2/maven-archiver-3.5.2.pom
2025-03-16 18:29:34,144 [Worker-29: Importing Maven projects] INFO  o.e.m.c.i.e.AbstractTransferListenerAdapter - Downloaded https://repo.maven.apache.org/maven2/org/apache/maven/maven-archiver/3.5.2/maven-archiver-3.5.2.pom
2025-03-16 18:29:34,226 [Worker-29: Importing Maven projects] INFO  o.e.m.c.i.e.AbstractTransferListenerAdapter - Downloading https://repo.maven.apache.org/maven2/org/apache/maven/shared/maven-shared-components/34/maven-shared-components-34.pom
2025-03-16 18:29:34,261 [Worker-29: Importing Maven projects] INFO  o.e.m.c.i.e.AbstractTransferListenerAdapter - Downloaded https://repo.maven.apache.org/maven2/org/apache/maven/shared/maven-shared-components/34/maven-shared-components-34.pom
2025-03-16 18:29:34,351 [Worker-29: Importing Maven projects] INFO  o.e.m.c.i.e.AbstractTransferListenerAdapter - Downloading https://repo.maven.apache.org/maven2/org/apache/maven/maven-artifact/3.1.1/maven-artifact-3.1.1.pom
2025-03-16 18:29:34,390 [Worker-29: Importing Maven projects] INFO  o.e.m.c.i.e.AbstractTransferListenerAdapter - Downloaded https://repo.maven.apache.org/maven2/org/apache/maven/maven-artifact/3.1.1/maven-artifact-3.1.1.pom
2025-03-16 18:29:34,469 [Worker-29: Importing Maven projects] INFO  o.e.m.c.i.e.AbstractTransferListenerAdapter - Downloading https://repo.maven.apache.org/maven2/org/apache/maven/maven/3.1.1/maven-3.1.1.pom
2025-03-16 18:29:34,520 [Worker-29: Importing Maven projects] INFO  o.e.m.c.i.e.AbstractTransferListenerAdapter - Downloaded https://repo.maven.apache.org/maven2/org/apache/maven/maven/3.1.1/maven-3.1.1.pom
2025-03-16 18:29:34,624 [Worker-29: Importing Maven projects] INFO  o.e.m.c.i.e.AbstractTransferListenerAdapter - Downloading https://repo.maven.apache.org/maven2/org/apache/maven/maven-model/3.1.1/maven-model-3.1.1.pom
2025-03-16 18:29:34,669 [Worker-29: Importing Maven projects] INFO  o.e.m.c.i.e.AbstractTransferListenerAdapter - Downloaded https://repo.maven.apache.org/maven2/org/apache/maven/maven-model/3.1.1/maven-model-3.1.1.pom
2025-03-16 18:29:34,761 [Worker-29: Importing Maven projects] INFO  o.e.m.c.i.e.AbstractTransferListenerAdapter - Downloading https://repo.maven.apache.org/maven2/org/apache/maven/maven-core/3.1.1/maven-core-3.1.1.pom
2025-03-16 18:29:34,810 [Worker-29: Importing Maven projects] INFO  o.e.m.c.i.e.AbstractTransferListenerAdapter - Downloaded https://repo.maven.apache.org/maven2/org/apache/maven/maven-core/3.1.1/maven-core-3.1.1.pom
2025-03-16 18:29:34,896 [Worker-29: Importing Maven projects] INFO  o.e.m.c.i.e.AbstractTransferListenerAdapter - Downloading https://repo.maven.apache.org/maven2/org/apache/maven/maven-settings/3.1.1/maven-settings-3.1.1.pom
2025-03-16 18:29:34,937 [Worker-29: Importing Maven projects] INFO  o.e.m.c.i.e.AbstractTransferListenerAdapter - Downloaded https://repo.maven.apache.org/maven2/org/apache/maven/maven-settings/3.1.1/maven-settings-3.1.1.pom
2025-03-16 18:29:35,033 [Worker-29: Importing Maven projects] INFO  o.e.m.c.i.e.AbstractTransferListenerAdapter - Downloading https://repo.maven.apache.org/maven2/org/apache/maven/maven-settings-builder/3.1.1/maven-settings-builder-3.1.1.pom
2025-03-16 18:29:35,085 [Worker-29: Importing Maven projects] INFO  o.e.m.c.i.e.AbstractTransferListenerAdapter - Downloaded https://repo.maven.apache.org/maven2/org/apache/maven/maven-settings-builder/3.1.1/maven-settings-builder-3.1.1.pom
2025-03-16 18:29:35,178 [Worker-29: Importing Maven projects] INFO  o.e.m.c.i.e.AbstractTransferListenerAdapter - Downloading https://repo.maven.apache.org/maven2/org/codehaus/plexus/plexus-interpolation/1.19/plexus-interpolation-1.19.pom
2025-03-16 18:29:35,211 [Worker-29: Importing Maven projects] INFO  o.e.m.c.i.e.AbstractTransferListenerAdapter - Downloaded https://repo.maven.apache.org/maven2/org/codehaus/plexus/plexus-interpolation/1.19/plexus-interpolation-1.19.pom
2025-03-16 18:29:35,307 [Worker-29: Importing Maven projects] INFO  o.e.m.c.i.e.AbstractTransferListenerAdapter - Downloading https://repo.maven.apache.org/maven2/org/codehaus/plexus/plexus-components/1.3.1/plexus-components-1.3.1.pom
2025-03-16 18:29:35,352 [Worker-29: Importing Maven projects] INFO  o.e.m.c.i.e.AbstractTransferListenerAdapter - Downloaded https://repo.maven.apache.org/maven2/org/codehaus/plexus/plexus-components/1.3.1/plexus-components-1.3.1.pom
2025-03-16 18:29:35,436 [Worker-29: Importing Maven projects] INFO  o.e.m.c.i.e.AbstractTransferListenerAdapter - Downloading https://repo.maven.apache.org/maven2/org/apache/maven/maven-repository-metadata/3.1.1/maven-repository-metadata-3.1.1.pom
2025-03-16 18:29:35,483 [Worker-29: Importing Maven projects] INFO  o.e.m.c.i.e.AbstractTransferListenerAdapter - Downloaded https://repo.maven.apache.org/maven2/org/apache/maven/maven-repository-metadata/3.1.1/maven-repository-metadata-3.1.1.pom
2025-03-16 18:29:35,566 [Worker-29: Importing Maven projects] INFO  o.e.m.c.i.e.AbstractTransferListenerAdapter - Downloading https://repo.maven.apache.org/maven2/org/apache/maven/maven-plugin-api/3.1.1/maven-plugin-api-3.1.1.pom
2025-03-16 18:29:35,609 [Worker-29: Importing Maven projects] INFO  o.e.m.c.i.e.AbstractTransferListenerAdapter - Downloaded https://repo.maven.apache.org/maven2/org/apache/maven/maven-plugin-api/3.1.1/maven-plugin-api-3.1.1.pom
2025-03-16 18:29:35,693 [Worker-29: Importing Maven projects] INFO  o.e.m.c.i.e.AbstractTransferListenerAdapter - Downloading https://repo.maven.apache.org/maven2/org/eclipse/sisu/org.eclipse.sisu.plexus/0.0.0.M5/org.eclipse.sisu.plexus-0.0.0.M5.pom
2025-03-16 18:29:35,743 [Worker-29: Importing Maven projects] INFO  o.e.m.c.i.e.AbstractTransferListenerAdapter - Downloaded https://repo.maven.apache.org/maven2/org/eclipse/sisu/org.eclipse.sisu.plexus/0.0.0.M5/org.eclipse.sisu.plexus-0.0.0.M5.pom
2025-03-16 18:29:35,829 [Worker-29: Importing Maven projects] INFO  o.e.m.c.i.e.AbstractTransferListenerAdapter - Downloading https://repo.maven.apache.org/maven2/org/eclipse/sisu/sisu-plexus/0.0.0.M5/sisu-plexus-0.0.0.M5.pom
2025-03-16 18:29:35,879 [Worker-29: Importing Maven projects] INFO  o.e.m.c.i.e.AbstractTransferListenerAdapter - Downloaded https://repo.maven.apache.org/maven2/org/eclipse/sisu/sisu-plexus/0.0.0.M5/sisu-plexus-0.0.0.M5.pom
2025-03-16 18:29:35,984 [Worker-29: Importing Maven projects] INFO  o.e.m.c.i.e.AbstractTransferListenerAdapter - Downloading https://repo.maven.apache.org/maven2/org/eclipse/sisu/org.eclipse.sisu.inject/0.0.0.M5/org.eclipse.sisu.inject-0.0.0.M5.pom
2025-03-16 18:29:36,020 [Worker-29: Importing Maven projects] INFO  o.e.m.c.i.e.AbstractTransferListenerAdapter - Downloaded https://repo.maven.apache.org/maven2/org/eclipse/sisu/org.eclipse.sisu.inject/0.0.0.M5/org.eclipse.sisu.inject-0.0.0.M5.pom
2025-03-16 18:29:36,111 [Worker-29: Importing Maven projects] INFO  o.e.m.c.i.e.AbstractTransferListenerAdapter - Downloading https://repo.maven.apache.org/maven2/org/eclipse/sisu/sisu-inject/0.0.0.M5/sisu-inject-0.0.0.M5.pom
2025-03-16 18:29:36,160 [Worker-29: Importing Maven projects] INFO  o.e.m.c.i.e.AbstractTransferListenerAdapter - Downloaded https://repo.maven.apache.org/maven2/org/eclipse/sisu/sisu-inject/0.0.0.M5/sisu-inject-0.0.0.M5.pom
2025-03-16 18:29:36,286 [Worker-29: Importing Maven projects] INFO  o.e.m.c.i.e.AbstractTransferListenerAdapter - Downloading https://repo.maven.apache.org/maven2/org/apache/maven/maven-model-builder/3.1.1/maven-model-builder-3.1.1.pom
2025-03-16 18:29:36,338 [Worker-29: Importing Maven projects] INFO  o.e.m.c.i.e.AbstractTransferListenerAdapter - Downloaded https://repo.maven.apache.org/maven2/org/apache/maven/maven-model-builder/3.1.1/maven-model-builder-3.1.1.pom
2025-03-16 18:29:36,424 [Worker-29: Importing Maven projects] INFO  o.e.m.c.i.e.AbstractTransferListenerAdapter - Downloading https://repo.maven.apache.org/maven2/org/apache/maven/maven-aether-provider/3.1.1/maven-aether-provider-3.1.1.pom
2025-03-16 18:29:36,480 [Worker-29: Importing Maven projects] INFO  o.e.m.c.i.e.AbstractTransferListenerAdapter - Downloaded https://repo.maven.apache.org/maven2/org/apache/maven/maven-aether-provider/3.1.1/maven-aether-provider-3.1.1.pom
2025-03-16 18:29:36,593 [Worker-29: Importing Maven projects] INFO  o.e.m.c.i.e.AbstractTransferListenerAdapter - Downloading https://repo.maven.apache.org/maven2/org/codehaus/plexus/plexus-classworlds/2.5.1/plexus-classworlds-2.5.1.pom
2025-03-16 18:29:36,639 [Worker-29: Importing Maven projects] INFO  o.e.m.c.i.e.AbstractTransferListenerAdapter - Downloaded https://repo.maven.apache.org/maven2/org/codehaus/plexus/plexus-classworlds/2.5.1/plexus-classworlds-2.5.1.pom
2025-03-16 18:29:36,729 [Worker-29: Importing Maven projects] INFO  o.e.m.c.i.e.AbstractTransferListenerAdapter - Downloading https://repo.maven.apache.org/maven2/org/apache/maven/shared/maven-shared-utils/3.3.3/maven-shared-utils-3.3.3.pom
2025-03-16 18:29:36,778 [Worker-29: Importing Maven projects] INFO  o.e.m.c.i.e.AbstractTransferListenerAdapter - Downloaded https://repo.maven.apache.org/maven2/org/apache/maven/shared/maven-shared-utils/3.3.3/maven-shared-utils-3.3.3.pom
2025-03-16 18:29:36,878 [Worker-29: Importing Maven projects] INFO  o.e.m.c.i.e.AbstractTransferListenerAdapter - Downloading https://repo.maven.apache.org/maven2/commons-io/commons-io/2.6/commons-io-2.6.pom
2025-03-16 18:29:36,923 [Worker-29: Importing Maven projects] INFO  o.e.m.c.i.e.AbstractTransferListenerAdapter - Downloaded https://repo.maven.apache.org/maven2/commons-io/commons-io/2.6/commons-io-2.6.pom
2025-03-16 18:29:37,029 [Worker-29: Importing Maven projects] INFO  o.e.m.c.i.e.AbstractTransferListenerAdapter - Downloading https://repo.maven.apache.org/maven2/org/apache/commons/commons-parent/42/commons-parent-42.pom
2025-03-16 18:29:37,089 [Worker-29: Importing Maven projects] INFO  o.e.m.c.i.e.AbstractTransferListenerAdapter - Downloaded https://repo.maven.apache.org/maven2/org/apache/commons/commons-parent/42/commons-parent-42.pom
2025-03-16 18:29:37,213 [Worker-29: Importing Maven projects] INFO  o.e.m.c.i.e.AbstractTransferListenerAdapter - Downloading https://repo.maven.apache.org/maven2/org/apache/commons/commons-compress/1.20/commons-compress-1.20.pom
2025-03-16 18:29:37,272 [Worker-29: Importing Maven projects] INFO  o.e.m.c.i.e.AbstractTransferListenerAdapter - Downloaded https://repo.maven.apache.org/maven2/org/apache/commons/commons-compress/1.20/commons-compress-1.20.pom
2025-03-16 18:29:37,385 [Worker-29: Importing Maven projects] INFO  o.e.m.c.i.e.AbstractTransferListenerAdapter - Downloading https://repo.maven.apache.org/maven2/org/apache/commons/commons-parent/48/commons-parent-48.pom
2025-03-16 18:29:37,467 [Worker-29: Importing Maven projects] INFO  o.e.m.c.i.e.AbstractTransferListenerAdapter - Downloaded https://repo.maven.apache.org/maven2/org/apache/commons/commons-parent/48/commons-parent-48.pom
2025-03-16 18:29:37,580 [Worker-29: Importing Maven projects] INFO  o.e.m.c.i.e.AbstractTransferListenerAdapter - Downloading https://repo.maven.apache.org/maven2/org/codehaus/plexus/plexus-archiver/4.2.7/plexus-archiver-4.2.7.pom
2025-03-16 18:29:37,627 [Worker-29: Importing Maven projects] INFO  o.e.m.c.i.e.AbstractTransferListenerAdapter - Downloaded https://repo.maven.apache.org/maven2/org/codehaus/plexus/plexus-archiver/4.2.7/plexus-archiver-4.2.7.pom
2025-03-16 18:29:37,718 [Worker-29: Importing Maven projects] INFO  o.e.m.c.i.e.AbstractTransferListenerAdapter - Downloading https://repo.maven.apache.org/maven2/org/codehaus/plexus/plexus/8/plexus-8.pom
2025-03-16 18:29:37,766 [Worker-29: Importing Maven projects] INFO  o.e.m.c.i.e.AbstractTransferListenerAdapter - Downloaded https://repo.maven.apache.org/maven2/org/codehaus/plexus/plexus/8/plexus-8.pom
2025-03-16 18:29:37,864 [Worker-29: Importing Maven projects] INFO  o.e.m.c.i.e.AbstractTransferListenerAdapter - Downloading https://repo.maven.apache.org/maven2/org/codehaus/plexus/plexus-utils/3.4.1/plexus-utils-3.4.1.pom
2025-03-16 18:29:37,912 [Worker-29: Importing Maven projects] INFO  o.e.m.c.i.e.AbstractTransferListenerAdapter - Downloaded https://repo.maven.apache.org/maven2/org/codehaus/plexus/plexus-utils/3.4.1/plexus-utils-3.4.1.pom
2025-03-16 18:29:38,001 [Worker-29: Importing Maven projects] INFO  o.e.m.c.i.e.AbstractTransferListenerAdapter - Downloading https://repo.maven.apache.org/maven2/org/codehaus/plexus/plexus-io/3.2.0/plexus-io-3.2.0.pom
2025-03-16 18:29:38,050 [Worker-29: Importing Maven projects] INFO  o.e.m.c.i.e.AbstractTransferListenerAdapter - Downloaded https://repo.maven.apache.org/maven2/org/codehaus/plexus/plexus-io/3.2.0/plexus-io-3.2.0.pom
2025-03-16 18:29:38,131 [Worker-29: Importing Maven projects] INFO  o.e.m.c.i.e.AbstractTransferListenerAdapter - Downloading https://repo.maven.apache.org/maven2/org/codehaus/plexus/plexus-utils/3.3.0/plexus-utils-3.3.0.pom
2025-03-16 18:29:38,168 [Worker-29: Importing Maven projects] INFO  o.e.m.c.i.e.AbstractTransferListenerAdapter - Downloaded https://repo.maven.apache.org/maven2/org/codehaus/plexus/plexus-utils/3.3.0/plexus-utils-3.3.0.pom
2025-03-16 18:29:38,250 [Worker-29: Importing Maven projects] INFO  o.e.m.c.i.e.AbstractTransferListenerAdapter - Downloading https://repo.maven.apache.org/maven2/org/apache/commons/commons-compress/1.21/commons-compress-1.21.pom
2025-03-16 18:29:38,307 [Worker-29: Importing Maven projects] INFO  o.e.m.c.i.e.AbstractTransferListenerAdapter - Downloaded https://repo.maven.apache.org/maven2/org/apache/commons/commons-compress/1.21/commons-compress-1.21.pom
2025-03-16 18:29:38,426 [Worker-29: Importing Maven projects] INFO  o.e.m.c.i.e.AbstractTransferListenerAdapter - Downloading https://repo.maven.apache.org/maven2/org/apache/maven/shared/maven-shared-utils/3.3.4/maven-shared-utils-3.3.4.pom
2025-03-16 18:29:38,483 [Worker-29: Importing Maven projects] INFO  o.e.m.c.i.e.AbstractTransferListenerAdapter - Downloaded https://repo.maven.apache.org/maven2/org/apache/maven/shared/maven-shared-utils/3.3.4/maven-shared-utils-3.3.4.pom
2025-03-16 18:29:38,566 [Worker-29: Importing Maven projects] INFO  o.e.m.c.i.e.AbstractTransferListenerAdapter - Downloading https://repo.maven.apache.org/maven2/org/codehaus/plexus/plexus-utils/3.3.1/plexus-utils-3.3.1.pom
2025-03-16 18:29:38,613 [Worker-29: Importing Maven projects] INFO  o.e.m.c.i.e.AbstractTransferListenerAdapter - Downloaded https://repo.maven.apache.org/maven2/org/codehaus/plexus/plexus-utils/3.3.1/plexus-utils-3.3.1.pom
2025-03-16 18:29:38,730 [Worker-29: Importing Maven projects] INFO  o.e.m.c.i.e.AbstractTransferListenerAdapter - Downloading https://repo.maven.apache.org/maven2/org/apache/maven/maven-plugin-api/3.1.0/maven-plugin-api-3.1.0.jar
2025-03-16 18:29:39,359 [Worker-29: Importing Maven projects] INFO  o.e.m.c.i.e.AbstractTransferListenerAdapter - Downloaded https://repo.maven.apache.org/maven2/org/apache/maven/maven-plugin-api/3.1.0/maven-plugin-api-3.1.0.jar
2025-03-16 18:29:39,432 [BasicRepositoryConnector-repo.maven.apache.org-2-0] INFO  o.e.m.c.i.e.AbstractTransferListenerAdapter - Downloading https://repo.maven.apache.org/maven2/org/apache/maven/maven-model/3.1.0/maven-model-3.1.0.jar
2025-03-16 18:29:39,437 [BasicRepositoryConnector-repo.maven.apache.org-2-3] INFO  o.e.m.c.i.e.AbstractTransferListenerAdapter - Downloading https://repo.maven.apache.org/maven2/javax/annotation/jsr250-api/1.0/jsr250-api-1.0.jar
2025-03-16 18:29:39,437 [BasicRepositoryConnector-repo.maven.apache.org-2-4] INFO  o.e.m.c.i.e.AbstractTransferListenerAdapter - Downloading https://repo.maven.apache.org/maven2/com/google/guava/guava/10.0.1/guava-10.0.1.jar
2025-03-16 18:29:39,449 [BasicRepositoryConnector-repo.maven.apache.org-2-1] INFO  o.e.m.c.i.e.AbstractTransferListenerAdapter - Downloading https://repo.maven.apache.org/maven2/org/eclipse/sisu/org.eclipse.sisu.plexus/0.0.0.M2a/org.eclipse.sisu.plexus-0.0.0.M2a.jar
2025-03-16 18:29:39,451 [BasicRepositoryConnector-repo.maven.apache.org-2-2] INFO  o.e.m.c.i.e.AbstractTransferListenerAdapter - Downloading https://repo.maven.apache.org/maven2/javax/enterprise/cdi-api/1.0/cdi-api-1.0.jar
2025-03-16 18:29:39,506 [BasicRepositoryConnector-repo.maven.apache.org-2-0] INFO  o.e.m.c.i.e.AbstractTransferListenerAdapter - Downloaded https://repo.maven.apache.org/maven2/org/apache/maven/maven-model/3.1.0/maven-model-3.1.0.jar
2025-03-16 18:29:39,542 [BasicRepositoryConnector-repo.maven.apache.org-2-1] INFO  o.e.m.c.i.e.AbstractTransferListenerAdapter - Downloaded https://repo.maven.apache.org/maven2/org/eclipse/sisu/org.eclipse.sisu.plexus/0.0.0.M2a/org.eclipse.sisu.plexus-0.0.0.M2a.jar
2025-03-16 18:29:39,584 [BasicRepositoryConnector-repo.maven.apache.org-2-0] INFO  o.e.m.c.i.e.AbstractTransferListenerAdapter - Downloading https://repo.maven.apache.org/maven2/com/google/code/findbugs/jsr305/1.3.9/jsr305-1.3.9.jar
2025-03-16 18:29:39,631 [BasicRepositoryConnector-repo.maven.apache.org-2-4] INFO  o.e.m.c.i.e.AbstractTransferListenerAdapter - Downloaded https://repo.maven.apache.org/maven2/com/google/guava/guava/10.0.1/guava-10.0.1.jar
2025-03-16 18:29:39,634 [BasicRepositoryConnector-repo.maven.apache.org-2-1] INFO  o.e.m.c.i.e.AbstractTransferListenerAdapter - Downloading https://repo.maven.apache.org/maven2/org/sonatype/sisu/sisu-guice/3.1.0/sisu-guice-3.1.0-no_aop.jar
2025-03-16 18:29:39,635 [BasicRepositoryConnector-repo.maven.apache.org-2-3] INFO  o.e.m.c.i.e.AbstractTransferListenerAdapter - Downloaded https://repo.maven.apache.org/maven2/javax/annotation/jsr250-api/1.0/jsr250-api-1.0.jar
2025-03-16 18:29:39,706 [BasicRepositoryConnector-repo.maven.apache.org-2-4] INFO  o.e.m.c.i.e.AbstractTransferListenerAdapter - Downloading https://repo.maven.apache.org/maven2/aopalliance/aopalliance/1.0/aopalliance-1.0.jar
2025-03-16 18:29:39,710 [BasicRepositoryConnector-repo.maven.apache.org-2-3] INFO  o.e.m.c.i.e.AbstractTransferListenerAdapter - Downloading https://repo.maven.apache.org/maven2/org/eclipse/sisu/org.eclipse.sisu.inject/0.0.0.M2a/org.eclipse.sisu.inject-0.0.0.M2a.jar
2025-03-16 18:29:39,726 [BasicRepositoryConnector-repo.maven.apache.org-2-1] INFO  o.e.m.c.i.e.AbstractTransferListenerAdapter - Downloaded https://repo.maven.apache.org/maven2/org/sonatype/sisu/sisu-guice/3.1.0/sisu-guice-3.1.0-no_aop.jar
2025-03-16 18:29:39,742 [BasicRepositoryConnector-repo.maven.apache.org-2-4] INFO  o.e.m.c.i.e.AbstractTransferListenerAdapter - Downloaded https://repo.maven.apache.org/maven2/aopalliance/aopalliance/1.0/aopalliance-1.0.jar
2025-03-16 18:29:39,791 [BasicRepositoryConnector-repo.maven.apache.org-2-3] INFO  o.e.m.c.i.e.AbstractTransferListenerAdapter - Downloaded https://repo.maven.apache.org/maven2/org/eclipse/sisu/org.eclipse.sisu.inject/0.0.0.M2a/org.eclipse.sisu.inject-0.0.0.M2a.jar
2025-03-16 18:29:39,809 [BasicRepositoryConnector-repo.maven.apache.org-2-1] INFO  o.e.m.c.i.e.AbstractTransferListenerAdapter - Downloading https://repo.maven.apache.org/maven2/asm/asm/3.3.1/asm-3.3.1.jar
2025-03-16 18:29:39,824 [BasicRepositoryConnector-repo.maven.apache.org-2-4] INFO  o.e.m.c.i.e.AbstractTransferListenerAdapter - Downloading https://repo.maven.apache.org/maven2/org/apache/maven/maven-core/3.1.0/maven-core-3.1.0.jar
2025-03-16 18:29:39,872 [BasicRepositoryConnector-repo.maven.apache.org-2-3] INFO  o.e.m.c.i.e.AbstractTransferListenerAdapter - Downloading https://repo.maven.apache.org/maven2/org/apache/maven/maven-settings/3.1.0/maven-settings-3.1.0.jar
2025-03-16 18:29:39,945 [BasicRepositoryConnector-repo.maven.apache.org-2-4] INFO  o.e.m.c.i.e.AbstractTransferListenerAdapter - Downloaded https://repo.maven.apache.org/maven2/org/apache/maven/maven-core/3.1.0/maven-core-3.1.0.jar
2025-03-16 18:29:40,021 [BasicRepositoryConnector-repo.maven.apache.org-2-4] INFO  o.e.m.c.i.e.AbstractTransferListenerAdapter - Downloading https://repo.maven.apache.org/maven2/org/apache/maven/maven-settings-builder/3.1.0/maven-settings-builder-3.1.0.jar
2025-03-16 18:29:40,628 [BasicRepositoryConnector-repo.maven.apache.org-2-1] INFO  o.e.m.c.i.e.AbstractTransferListenerAdapter - Downloaded https://repo.maven.apache.org/maven2/asm/asm/3.3.1/asm-3.3.1.jar
2025-03-16 18:29:40,645 [BasicRepositoryConnector-repo.maven.apache.org-2-3] INFO  o.e.m.c.i.e.AbstractTransferListenerAdapter - Downloaded https://repo.maven.apache.org/maven2/org/apache/maven/maven-settings/3.1.0/maven-settings-3.1.0.jar
2025-03-16 18:29:40,706 [BasicRepositoryConnector-repo.maven.apache.org-2-1] INFO  o.e.m.c.i.e.AbstractTransferListenerAdapter - Downloading https://repo.maven.apache.org/maven2/org/apache/maven/maven-repository-metadata/3.1.0/maven-repository-metadata-3.1.0.jar
2025-03-16 18:29:40,722 [BasicRepositoryConnector-repo.maven.apache.org-2-3] INFO  o.e.m.c.i.e.AbstractTransferListenerAdapter - Downloading https://repo.maven.apache.org/maven2/org/apache/maven/maven-model-builder/3.1.0/maven-model-builder-3.1.0.jar
2025-03-16 18:29:40,802 [BasicRepositoryConnector-repo.maven.apache.org-2-3] INFO  o.e.m.c.i.e.AbstractTransferListenerAdapter - Downloaded https://repo.maven.apache.org/maven2/org/apache/maven/maven-model-builder/3.1.0/maven-model-builder-3.1.0.jar
2025-03-16 18:29:40,878 [BasicRepositoryConnector-repo.maven.apache.org-2-3] INFO  o.e.m.c.i.e.AbstractTransferListenerAdapter - Downloading https://repo.maven.apache.org/maven2/org/apache/maven/maven-aether-provider/3.1.0/maven-aether-provider-3.1.0.jar
2025-03-16 18:29:40,948 [BasicRepositoryConnector-repo.maven.apache.org-2-3] INFO  o.e.m.c.i.e.AbstractTransferListenerAdapter - Downloaded https://repo.maven.apache.org/maven2/org/apache/maven/maven-aether-provider/3.1.0/maven-aether-provider-3.1.0.jar
2025-03-16 18:29:41,025 [BasicRepositoryConnector-repo.maven.apache.org-2-3] INFO  o.e.m.c.i.e.AbstractTransferListenerAdapter - Downloading https://repo.maven.apache.org/maven2/org/eclipse/aether/aether-spi/0.9.0.M2/aether-spi-0.9.0.M2.jar
2025-03-16 18:29:41,198 [BasicRepositoryConnector-repo.maven.apache.org-2-1] INFO  o.e.m.c.i.e.AbstractTransferListenerAdapter - Downloaded https://repo.maven.apache.org/maven2/org/apache/maven/maven-repository-metadata/3.1.0/maven-repository-metadata-3.1.0.jar
2025-03-16 18:29:41,209 [BasicRepositoryConnector-repo.maven.apache.org-2-4] INFO  o.e.m.c.i.e.AbstractTransferListenerAdapter - Downloaded https://repo.maven.apache.org/maven2/org/apache/maven/maven-settings-builder/3.1.0/maven-settings-builder-3.1.0.jar
2025-03-16 18:29:41,254 [BasicRepositoryConnector-repo.maven.apache.org-2-0] INFO  o.e.m.c.i.e.AbstractTransferListenerAdapter - Downloaded https://repo.maven.apache.org/maven2/com/google/code/findbugs/jsr305/1.3.9/jsr305-1.3.9.jar
2025-03-16 18:29:41,275 [BasicRepositoryConnector-repo.maven.apache.org-2-1] INFO  o.e.m.c.i.e.AbstractTransferListenerAdapter - Downloading https://repo.maven.apache.org/maven2/org/eclipse/aether/aether-impl/0.9.0.M2/aether-impl-0.9.0.M2.jar
2025-03-16 18:29:41,294 [BasicRepositoryConnector-repo.maven.apache.org-2-4] INFO  o.e.m.c.i.e.AbstractTransferListenerAdapter - Downloading https://repo.maven.apache.org/maven2/org/eclipse/aether/aether-api/0.9.0.M2/aether-api-0.9.0.M2.jar
2025-03-16 18:29:41,352 [BasicRepositoryConnector-repo.maven.apache.org-2-0] INFO  o.e.m.c.i.e.AbstractTransferListenerAdapter - Downloading https://repo.maven.apache.org/maven2/org/eclipse/aether/aether-util/0.9.0.M2/aether-util-0.9.0.M2.jar
2025-03-16 18:29:41,368 [BasicRepositoryConnector-repo.maven.apache.org-2-1] INFO  o.e.m.c.i.e.AbstractTransferListenerAdapter - Downloaded https://repo.maven.apache.org/maven2/org/eclipse/aether/aether-impl/0.9.0.M2/aether-impl-0.9.0.M2.jar
2025-03-16 18:29:41,384 [BasicRepositoryConnector-repo.maven.apache.org-2-4] INFO  o.e.m.c.i.e.AbstractTransferListenerAdapter - Downloaded https://repo.maven.apache.org/maven2/org/eclipse/aether/aether-api/0.9.0.M2/aether-api-0.9.0.M2.jar
2025-03-16 18:29:41,389 [BasicRepositoryConnector-repo.maven.apache.org-2-2] INFO  o.e.m.c.i.e.AbstractTransferListenerAdapter - Downloaded https://repo.maven.apache.org/maven2/javax/enterprise/cdi-api/1.0/cdi-api-1.0.jar
2025-03-16 18:29:41,442 [BasicRepositoryConnector-repo.maven.apache.org-2-1] INFO  o.e.m.c.i.e.AbstractTransferListenerAdapter - Downloading https://repo.maven.apache.org/maven2/org/codehaus/plexus/plexus-interpolation/1.16/plexus-interpolation-1.16.jar
2025-03-16 18:29:41,444 [BasicRepositoryConnector-repo.maven.apache.org-2-0] INFO  o.e.m.c.i.e.AbstractTransferListenerAdapter - Downloaded https://repo.maven.apache.org/maven2/org/eclipse/aether/aether-util/0.9.0.M2/aether-util-0.9.0.M2.jar
2025-03-16 18:29:41,458 [BasicRepositoryConnector-repo.maven.apache.org-2-4] INFO  o.e.m.c.i.e.AbstractTransferListenerAdapter - Downloading https://repo.maven.apache.org/maven2/org/codehaus/plexus/plexus-classworlds/2.4.2/plexus-classworlds-2.4.2.jar
2025-03-16 18:29:41,465 [BasicRepositoryConnector-repo.maven.apache.org-2-2] INFO  o.e.m.c.i.e.AbstractTransferListenerAdapter - Downloading https://repo.maven.apache.org/maven2/org/codehaus/plexus/plexus-component-annotations/2.0.0/plexus-component-annotations-2.0.0.jar
2025-03-16 18:29:41,529 [BasicRepositoryConnector-repo.maven.apache.org-2-0] INFO  o.e.m.c.i.e.AbstractTransferListenerAdapter - Downloading https://repo.maven.apache.org/maven2/org/apache/maven/maven-artifact/3.1.0/maven-artifact-3.1.0.jar
2025-03-16 18:29:41,542 [BasicRepositoryConnector-repo.maven.apache.org-2-1] INFO  o.e.m.c.i.e.AbstractTransferListenerAdapter - Downloaded https://repo.maven.apache.org/maven2/org/codehaus/plexus/plexus-interpolation/1.16/plexus-interpolation-1.16.jar
2025-03-16 18:29:41,590 [BasicRepositoryConnector-repo.maven.apache.org-2-2] INFO  o.e.m.c.i.e.AbstractTransferListenerAdapter - Downloaded https://repo.maven.apache.org/maven2/org/codehaus/plexus/plexus-component-annotations/2.0.0/plexus-component-annotations-2.0.0.jar
2025-03-16 18:29:41,617 [BasicRepositoryConnector-repo.maven.apache.org-2-1] INFO  o.e.m.c.i.e.AbstractTransferListenerAdapter - Downloading https://repo.maven.apache.org/maven2/org/apache/maven/shared/file-management/3.0.0/file-management-3.0.0.jar
2025-03-16 18:29:41,643 [BasicRepositoryConnector-repo.maven.apache.org-2-0] INFO  o.e.m.c.i.e.AbstractTransferListenerAdapter - Downloaded https://repo.maven.apache.org/maven2/org/apache/maven/maven-artifact/3.1.0/maven-artifact-3.1.0.jar
2025-03-16 18:29:41,669 [BasicRepositoryConnector-repo.maven.apache.org-2-2] INFO  o.e.m.c.i.e.AbstractTransferListenerAdapter - Downloading https://repo.maven.apache.org/maven2/org/apache/maven/shared/maven-shared-io/3.0.0/maven-shared-io-3.0.0.jar
2025-03-16 18:29:41,729 [BasicRepositoryConnector-repo.maven.apache.org-2-0] INFO  o.e.m.c.i.e.AbstractTransferListenerAdapter - Downloading https://repo.maven.apache.org/maven2/org/apache/maven/maven-compat/3.0/maven-compat-3.0.jar
2025-03-16 18:29:41,836 [BasicRepositoryConnector-repo.maven.apache.org-2-0] INFO  o.e.m.c.i.e.AbstractTransferListenerAdapter - Downloaded https://repo.maven.apache.org/maven2/org/apache/maven/maven-compat/3.0/maven-compat-3.0.jar
2025-03-16 18:29:41,903 [BasicRepositoryConnector-repo.maven.apache.org-2-3] INFO  o.e.m.c.i.e.AbstractTransferListenerAdapter - Downloaded https://repo.maven.apache.org/maven2/org/eclipse/aether/aether-spi/0.9.0.M2/aether-spi-0.9.0.M2.jar
2025-03-16 18:29:41,924 [BasicRepositoryConnector-repo.maven.apache.org-2-0] INFO  o.e.m.c.i.e.AbstractTransferListenerAdapter - Downloading https://repo.maven.apache.org/maven2/org/apache/maven/wagon/wagon-provider-api/2.10/wagon-provider-api-2.10.jar
2025-03-16 18:29:41,989 [BasicRepositoryConnector-repo.maven.apache.org-2-3] INFO  o.e.m.c.i.e.AbstractTransferListenerAdapter - Downloading https://repo.maven.apache.org/maven2/org/apache/maven/maven-archiver/3.5.2/maven-archiver-3.5.2.jar
2025-03-16 18:29:42,013 [BasicRepositoryConnector-repo.maven.apache.org-2-0] INFO  o.e.m.c.i.e.AbstractTransferListenerAdapter - Downloaded https://repo.maven.apache.org/maven2/org/apache/maven/wagon/wagon-provider-api/2.10/wagon-provider-api-2.10.jar
2025-03-16 18:29:42,105 [BasicRepositoryConnector-repo.maven.apache.org-2-0] INFO  o.e.m.c.i.e.AbstractTransferListenerAdapter - Downloading https://repo.maven.apache.org/maven2/commons-io/commons-io/2.6/commons-io-2.6.jar
2025-03-16 18:29:42,183 [BasicRepositoryConnector-repo.maven.apache.org-2-0] INFO  o.e.m.c.i.e.AbstractTransferListenerAdapter - Downloaded https://repo.maven.apache.org/maven2/commons-io/commons-io/2.6/commons-io-2.6.jar
2025-03-16 18:29:42,261 [BasicRepositoryConnector-repo.maven.apache.org-2-0] INFO  o.e.m.c.i.e.AbstractTransferListenerAdapter - Downloading https://repo.maven.apache.org/maven2/org/apache/commons/commons-compress/1.20/commons-compress-1.20.jar
2025-03-16 18:29:42,391 [BasicRepositoryConnector-repo.maven.apache.org-2-0] INFO  o.e.m.c.i.e.AbstractTransferListenerAdapter - Downloaded https://repo.maven.apache.org/maven2/org/apache/commons/commons-compress/1.20/commons-compress-1.20.jar
2025-03-16 18:29:42,431 [BasicRepositoryConnector-repo.maven.apache.org-2-1] INFO  o.e.m.c.i.e.AbstractTransferListenerAdapter - Downloaded https://repo.maven.apache.org/maven2/org/apache/maven/shared/file-management/3.0.0/file-management-3.0.0.jar
2025-03-16 18:29:42,470 [BasicRepositoryConnector-repo.maven.apache.org-2-3] INFO  o.e.m.c.i.e.AbstractTransferListenerAdapter - Downloaded https://repo.maven.apache.org/maven2/org/apache/maven/maven-archiver/3.5.2/maven-archiver-3.5.2.jar
2025-03-16 18:29:42,473 [BasicRepositoryConnector-repo.maven.apache.org-2-0] INFO  o.e.m.c.i.e.AbstractTransferListenerAdapter - Downloading https://repo.maven.apache.org/maven2/org/codehaus/plexus/plexus-archiver/4.2.7/plexus-archiver-4.2.7.jar
2025-03-16 18:29:42,507 [BasicRepositoryConnector-repo.maven.apache.org-2-1] INFO  o.e.m.c.i.e.AbstractTransferListenerAdapter - Downloading https://repo.maven.apache.org/maven2/org/codehaus/plexus/plexus-io/3.2.0/plexus-io-3.2.0.jar
2025-03-16 18:29:42,559 [BasicRepositoryConnector-repo.maven.apache.org-2-3] INFO  o.e.m.c.i.e.AbstractTransferListenerAdapter - Downloading https://repo.maven.apache.org/maven2/org/apache/maven/shared/maven-shared-utils/3.3.4/maven-shared-utils-3.3.4.jar
2025-03-16 18:29:42,572 [BasicRepositoryConnector-repo.maven.apache.org-2-0] INFO  o.e.m.c.i.e.AbstractTransferListenerAdapter - Downloaded https://repo.maven.apache.org/maven2/org/codehaus/plexus/plexus-archiver/4.2.7/plexus-archiver-4.2.7.jar
2025-03-16 18:29:42,586 [BasicRepositoryConnector-repo.maven.apache.org-2-1] INFO  o.e.m.c.i.e.AbstractTransferListenerAdapter - Downloaded https://repo.maven.apache.org/maven2/org/codehaus/plexus/plexus-io/3.2.0/plexus-io-3.2.0.jar
2025-03-16 18:29:42,647 [BasicRepositoryConnector-repo.maven.apache.org-2-0] INFO  o.e.m.c.i.e.AbstractTransferListenerAdapter - Downloading https://repo.maven.apache.org/maven2/org/codehaus/plexus/plexus-utils/3.3.1/plexus-utils-3.3.1.jar
2025-03-16 18:29:42,648 [BasicRepositoryConnector-repo.maven.apache.org-2-3] INFO  o.e.m.c.i.e.AbstractTransferListenerAdapter - Downloaded https://repo.maven.apache.org/maven2/org/apache/maven/shared/maven-shared-utils/3.3.4/maven-shared-utils-3.3.4.jar
2025-03-16 18:29:42,721 [BasicRepositoryConnector-repo.maven.apache.org-2-4] INFO  o.e.m.c.i.e.AbstractTransferListenerAdapter - Downloaded https://repo.maven.apache.org/maven2/org/codehaus/plexus/plexus-classworlds/2.4.2/plexus-classworlds-2.4.2.jar
2025-03-16 18:29:42,736 [BasicRepositoryConnector-repo.maven.apache.org-2-0] INFO  o.e.m.c.i.e.AbstractTransferListenerAdapter - Downloaded https://repo.maven.apache.org/maven2/org/codehaus/plexus/plexus-utils/3.3.1/plexus-utils-3.3.1.jar
2025-03-16 18:29:42,821 [BasicRepositoryConnector-repo.maven.apache.org-2-2] INFO  o.e.m.c.i.e.AbstractTransferListenerAdapter - Downloaded https://repo.maven.apache.org/maven2/org/apache/maven/shared/maven-shared-io/3.0.0/maven-shared-io-3.0.0.jar
2025-03-16 18:29:45,385 [Worker-29: Importing Maven projects] INFO  o.e.m.c.i.e.AbstractTransferListenerAdapter - Downloading https://repo.maven.apache.org/maven2/org/apache/maven/shared/maven-filtering/3.2.0/maven-filtering-3.2.0.pom
2025-03-16 18:29:45,454 [Worker-29: Importing Maven projects] INFO  o.e.m.c.i.e.AbstractTransferListenerAdapter - Downloaded https://repo.maven.apache.org/maven2/org/apache/maven/shared/maven-filtering/3.2.0/maven-filtering-3.2.0.pom
2025-03-16 18:29:45,565 [Worker-29: Importing Maven projects] INFO  o.e.m.c.i.e.AbstractTransferListenerAdapter - Downloading https://repo.maven.apache.org/maven2/org/codehaus/plexus/plexus-utils/1.5.8/plexus-utils-1.5.8.pom
2025-03-16 18:29:45,635 [Worker-29: Importing Maven projects] INFO  o.e.m.c.i.e.AbstractTransferListenerAdapter - Downloaded https://repo.maven.apache.org/maven2/org/codehaus/plexus/plexus-utils/1.5.8/plexus-utils-1.5.8.pom
2025-03-16 18:29:45,785 [Worker-28: Download sources and javadoc] INFO  o.e.m.c.i.e.AbstractTransferListenerAdapter - Downloading https://repo.maven.apache.org/maven2/org/springframework/boot/spring-boot-starter-data-jpa/2.6.3/spring-boot-starter-data-jpa-2.6.3-sources.jar
2025-03-16 18:29:45,832 [Worker-29: Importing Maven projects] INFO  o.e.m.c.i.e.AbstractTransferListenerAdapter - Downloading https://repo.maven.apache.org/maven2/org/apache/commons/commons-lang3/3.8.1/commons-lang3-3.8.1.pom
2025-03-16 18:29:45,898 [Worker-29: Importing Maven projects] INFO  o.e.m.c.i.e.AbstractTransferListenerAdapter - Downloaded https://repo.maven.apache.org/maven2/org/apache/commons/commons-lang3/3.8.1/commons-lang3-3.8.1.pom
2025-03-16 18:29:45,960 [Worker-28: Download sources and javadoc] INFO  o.e.m.c.i.e.AbstractTransferListenerAdapter - Downloaded https://repo.maven.apache.org/maven2/org/springframework/boot/spring-boot-starter-data-jpa/2.6.3/spring-boot-starter-data-jpa-2.6.3-sources.jar
2025-03-16 18:29:45,971 [Worker-28: Download sources and javadoc] INFO  o.e.m.j.internal.DownloadSourcesJob - Downloaded sources for org.springframework.boot:spring-boot-starter-data-jpa:2.6.3
2025-03-16 18:29:46,050 [Worker-29: Importing Maven projects] INFO  o.e.m.c.i.e.AbstractTransferListenerAdapter - Downloading https://repo.maven.apache.org/maven2/org/apache/commons/commons-parent/47/commons-parent-47.pom
2025-03-16 18:29:46,139 [Worker-29: Importing Maven projects] INFO  o.e.m.c.i.e.AbstractTransferListenerAdapter - Downloaded https://repo.maven.apache.org/maven2/org/apache/commons/commons-parent/47/commons-parent-47.pom
2025-03-16 18:29:46,262 [Worker-28: Download sources and javadoc] INFO  o.e.m.c.i.e.AbstractTransferListenerAdapter - Downloading https://repo.maven.apache.org/maven2/org/springframework/boot/spring-boot-starter-aop/2.6.3/spring-boot-starter-aop-2.6.3-sources.jar
2025-03-16 18:29:46,286 [Worker-29: Importing Maven projects] INFO  o.e.m.c.i.e.AbstractTransferListenerAdapter - Downloading https://repo.maven.apache.org/maven2/org/apache/apache/19/apache-19.pom
2025-03-16 18:29:46,350 [Worker-29: Importing Maven projects] INFO  o.e.m.c.i.e.AbstractTransferListenerAdapter - Downloaded https://repo.maven.apache.org/maven2/org/apache/apache/19/apache-19.pom
2025-03-16 18:29:46,386 [Worker-28: Download sources and javadoc] INFO  o.e.m.c.i.e.AbstractTransferListenerAdapter - Downloaded https://repo.maven.apache.org/maven2/org/springframework/boot/spring-boot-starter-aop/2.6.3/spring-boot-starter-aop-2.6.3-sources.jar
2025-03-16 18:29:46,394 [Worker-28: Download sources and javadoc] INFO  o.e.m.j.internal.DownloadSourcesJob - Downloaded sources for org.springframework.boot:spring-boot-starter-aop:2.6.3
2025-03-16 18:29:46,576 [Worker-29: Importing Maven projects] INFO  o.e.m.c.i.e.AbstractTransferListenerAdapter - Downloading https://repo.maven.apache.org/maven2/org/codehaus/plexus/plexus-utils/3.0.10/plexus-utils-3.0.10.jar
2025-03-16 18:29:46,662 [Worker-29: Importing Maven projects] INFO  o.e.m.c.i.e.AbstractTransferListenerAdapter - Downloaded https://repo.maven.apache.org/maven2/org/codehaus/plexus/plexus-utils/3.0.10/plexus-utils-3.0.10.jar
2025-03-16 18:29:46,706 [Worker-28: Download sources and javadoc] INFO  o.e.m.c.i.e.AbstractTransferListenerAdapter - Downloading https://repo.maven.apache.org/maven2/org/springframework/spring-aop/5.3.15/spring-aop-5.3.15-sources.jar
2025-03-16 18:29:46,740 [BasicRepositoryConnector-repo.maven.apache.org-3-1] INFO  o.e.m.c.i.e.AbstractTransferListenerAdapter - Downloading https://repo.maven.apache.org/maven2/org/apache/maven/shared/maven-shared-utils/3.3.3/maven-shared-utils-3.3.3.jar
2025-03-16 18:29:46,740 [BasicRepositoryConnector-repo.maven.apache.org-3-0] INFO  o.e.m.c.i.e.AbstractTransferListenerAdapter - Downloading https://repo.maven.apache.org/maven2/org/apache/maven/shared/maven-filtering/3.2.0/maven-filtering-3.2.0.jar
2025-03-16 18:29:46,744 [BasicRepositoryConnector-repo.maven.apache.org-3-2] INFO  o.e.m.c.i.e.AbstractTransferListenerAdapter - Downloading https://repo.maven.apache.org/maven2/org/apache/commons/commons-lang3/3.8.1/commons-lang3-3.8.1.jar
2025-03-16 18:29:46,835 [BasicRepositoryConnector-repo.maven.apache.org-3-0] INFO  o.e.m.c.i.e.AbstractTransferListenerAdapter - Downloaded https://repo.maven.apache.org/maven2/org/apache/maven/shared/maven-filtering/3.2.0/maven-filtering-3.2.0.jar
2025-03-16 18:29:46,844 [BasicRepositoryConnector-repo.maven.apache.org-3-1] INFO  o.e.m.c.i.e.AbstractTransferListenerAdapter - Downloaded https://repo.maven.apache.org/maven2/org/apache/maven/shared/maven-shared-utils/3.3.3/maven-shared-utils-3.3.3.jar
2025-03-16 18:29:46,904 [BasicRepositoryConnector-repo.maven.apache.org-3-2] INFO  o.e.m.c.i.e.AbstractTransferListenerAdapter - Downloaded https://repo.maven.apache.org/maven2/org/apache/commons/commons-lang3/3.8.1/commons-lang3-3.8.1.jar
2025-03-16 18:29:47,067 [Worker-29: Importing Maven projects] INFO  o.e.m.j.i.AbstractJavaProjectConfigurator - Adding source folder /HotelariaDegaspari/src/main/java
2025-03-16 18:29:47,070 [Worker-28: Download sources and javadoc] INFO  o.e.m.c.i.e.AbstractTransferListenerAdapter - Downloaded https://repo.maven.apache.org/maven2/org/springframework/spring-aop/5.3.15/spring-aop-5.3.15-sources.jar
2025-03-16 18:29:47,073 [Worker-29: Importing Maven projects] INFO  o.e.m.j.i.AbstractJavaProjectConfigurator - Adding resource folder /HotelariaDegaspari/src/main/resources
2025-03-16 18:29:47,080 [Worker-28: Download sources and javadoc] INFO  o.e.m.j.internal.DownloadSourcesJob - Downloaded sources for org.springframework:spring-aop:5.3.15
2025-03-16 18:29:47,129 [Worker-29: Importing Maven projects] INFO  o.e.m.j.i.AbstractJavaProjectConfigurator - Adding resource folder /HotelariaDegaspari/src/main/resources
2025-03-16 18:29:47,146 [Worker-29: Importing Maven projects] INFO  o.e.m.j.i.AbstractJavaProjectConfigurator - Adding source folder /HotelariaDegaspari/src/test/java
2025-03-16 18:29:47,147 [Worker-29: Importing Maven projects] INFO  o.e.m.j.i.AbstractJavaProjectConfigurator - Adding resource folder /HotelariaDegaspari/src/test/resources
2025-03-16 18:29:47,371 [Worker-28: Download sources and javadoc] INFO  o.e.m.c.i.e.AbstractTransferListenerAdapter - Downloading https://repo.maven.apache.org/maven2/org/aspectj/aspectjweaver/1.9.7/aspectjweaver-1.9.7-sources.jar
2025-03-16 18:29:47,938 [Worker-28: Download sources and javadoc] INFO  o.e.m.c.i.e.AbstractTransferListenerAdapter - Downloaded https://repo.maven.apache.org/maven2/org/aspectj/aspectjweaver/1.9.7/aspectjweaver-1.9.7-sources.jar
2025-03-16 18:29:47,947 [Worker-28: Download sources and javadoc] INFO  o.e.m.j.internal.DownloadSourcesJob - Downloaded sources for org.aspectj:aspectjweaver:1.9.7
2025-03-16 18:29:48,035 [Worker-29: Importing Maven projects] INFO  o.e.m.c.i.p.ProjectConfigurationManager - Imported and configured 1 project(s) in 83 sec
2025-03-16 18:29:48,214 [Worker-28: Download sources and javadoc] INFO  o.e.m.c.i.e.AbstractTransferListenerAdapter - Downloading https://repo.maven.apache.org/maven2/org/springframework/boot/spring-boot-starter-jdbc/2.6.3/spring-boot-starter-jdbc-2.6.3-sources.jar
2025-03-16 18:29:48,317 [Worker-28: Download sources and javadoc] INFO  o.e.m.c.i.e.AbstractTransferListenerAdapter - Downloaded https://repo.maven.apache.org/maven2/org/springframework/boot/spring-boot-starter-jdbc/2.6.3/spring-boot-starter-jdbc-2.6.3-sources.jar
2025-03-16 18:29:48,328 [Worker-28: Download sources and javadoc] INFO  o.e.m.j.internal.DownloadSourcesJob - Downloaded sources for org.springframework.boot:spring-boot-starter-jdbc:2.6.3
2025-03-16 18:29:48,627 [Worker-28: Download sources and javadoc] INFO  o.e.m.c.i.e.AbstractTransferListenerAdapter - Downloading https://repo.maven.apache.org/maven2/com/zaxxer/HikariCP/4.0.3/HikariCP-4.0.3-sources.jar
2025-03-16 18:29:48,956 [Worker-28: Download sources and javadoc] INFO  o.e.m.c.i.e.AbstractTransferListenerAdapter - Downloaded https://repo.maven.apache.org/maven2/com/zaxxer/HikariCP/4.0.3/HikariCP-4.0.3-sources.jar
2025-03-16 18:29:48,987 [Worker-28: Download sources and javadoc] INFO  o.e.m.j.internal.DownloadSourcesJob - Downloaded sources for com.zaxxer:HikariCP:4.0.3
2025-03-16 18:29:49,287 [Worker-28: Download sources and javadoc] INFO  o.e.m.c.i.e.AbstractTransferListenerAdapter - Downloading https://repo.maven.apache.org/maven2/org/springframework/spring-jdbc/5.3.15/spring-jdbc-5.3.15-sources.jar
2025-03-16 18:29:49,659 [Worker-28: Download sources and javadoc] INFO  o.e.m.c.i.e.AbstractTransferListenerAdapter - Downloaded https://repo.maven.apache.org/maven2/org/springframework/spring-jdbc/5.3.15/spring-jdbc-5.3.15-sources.jar
2025-03-16 18:29:49,667 [Worker-28: Download sources and javadoc] INFO  o.e.m.j.internal.DownloadSourcesJob - Downloaded sources for org.springframework:spring-jdbc:5.3.15
2025-03-16 18:29:49,933 [Worker-28: Download sources and javadoc] INFO  o.e.m.c.i.e.AbstractTransferListenerAdapter - Downloading https://repo.maven.apache.org/maven2/jakarta/transaction/jakarta.transaction-api/1.3.3/jakarta.transaction-api-1.3.3-sources.jar
2025-03-16 18:29:50,987 [Worker-28: Download sources and javadoc] INFO  o.e.m.c.i.e.AbstractTransferListenerAdapter - Downloaded https://repo.maven.apache.org/maven2/jakarta/transaction/jakarta.transaction-api/1.3.3/jakarta.transaction-api-1.3.3-sources.jar
2025-03-16 18:29:50,999 [Worker-28: Download sources and javadoc] INFO  o.e.m.j.internal.DownloadSourcesJob - Downloaded sources for jakarta.transaction:jakarta.transaction-api:1.3.3
2025-03-16 18:29:51,314 [Worker-28: Download sources and javadoc] INFO  o.e.m.c.i.e.AbstractTransferListenerAdapter - Downloading https://repo.maven.apache.org/maven2/jakarta/persistence/jakarta.persistence-api/2.2.3/jakarta.persistence-api-2.2.3-sources.jar
2025-03-16 18:29:51,370 [Worker-27: Building] INFO  o.e.m.c.i.embedder.EclipseLogger - Using 'UTF-8' encoding to copy filtered resources.
2025-03-16 18:29:51,371 [Worker-27: Building] INFO  o.e.m.c.i.embedder.EclipseLogger - Using 'UTF-8' encoding to copy filtered properties files.
2025-03-16 18:29:51,371 [Worker-27: Building] INFO  o.e.m.c.i.embedder.EclipseLogger - Copying 1 resource
2025-03-16 18:29:51,414 [Worker-27: Building] INFO  o.e.m.c.i.embedder.EclipseLogger - Copying 0 resource
2025-03-16 18:29:51,422 [Worker-27: Building] INFO  o.e.m.c.i.embedder.EclipseLogger - Using 'UTF-8' encoding to copy filtered resources.
2025-03-16 18:29:51,422 [Worker-27: Building] INFO  o.e.m.c.i.embedder.EclipseLogger - Using 'UTF-8' encoding to copy filtered properties files.
2025-03-16 18:29:51,422 [Worker-27: Building] INFO  o.e.m.c.i.embedder.EclipseLogger - skip non existing resourceDirectory D:\Desenvolvimento Software\HotelariaDegaspari\HotelariaDegaspari\src\test\resources
2025-03-16 18:29:51,726 [Worker-28: Download sources and javadoc] INFO  o.e.m.c.i.e.AbstractTransferListenerAdapter - Downloaded https://repo.maven.apache.org/maven2/jakarta/persistence/jakarta.persistence-api/2.2.3/jakarta.persistence-api-2.2.3-sources.jar
2025-03-16 18:29:51,751 [Worker-28: Download sources and javadoc] INFO  o.e.m.j.internal.DownloadSourcesJob - Downloaded sources for jakarta.persistence:jakarta.persistence-api:2.2.3
2025-03-16 18:29:52,370 [Worker-28: Download sources and javadoc] INFO  o.e.m.c.i.e.AbstractTransferListenerAdapter - Downloading https://repo.maven.apache.org/maven2/org/hibernate/hibernate-core/5.6.4.Final/hibernate-core-5.6.4.Final-sources.jar
2025-03-16 18:29:53,077 [Worker-28: Download sources and javadoc] INFO  o.e.m.c.i.e.AbstractTransferListenerAdapter - Downloaded https://repo.maven.apache.org/maven2/org/hibernate/hibernate-core/5.6.4.Final/hibernate-core-5.6.4.Final-sources.jar
2025-03-16 18:29:53,082 [Worker-28: Download sources and javadoc] INFO  o.e.m.j.internal.DownloadSourcesJob - Downloaded sources for org.hibernate:hibernate-core:5.6.4.Final
2025-03-16 18:29:53,364 [Worker-28: Download sources and javadoc] INFO  o.e.m.c.i.e.AbstractTransferListenerAdapter - Downloading https://repo.maven.apache.org/maven2/org/jboss/logging/jboss-logging/3.4.3.Final/jboss-logging-3.4.3.Final-sources.jar
2025-03-16 18:29:54,308 [Worker-28: Download sources and javadoc] INFO  o.e.m.c.i.e.AbstractTransferListenerAdapter - Downloaded https://repo.maven.apache.org/maven2/org/jboss/logging/jboss-logging/3.4.3.Final/jboss-logging-3.4.3.Final-sources.jar
2025-03-16 18:29:54,316 [Worker-28: Download sources and javadoc] INFO  o.e.m.j.internal.DownloadSourcesJob - Downloaded sources for org.jboss.logging:jboss-logging:3.4.3.Final
2025-03-16 18:29:54,617 [Worker-28: Download sources and javadoc] INFO  o.e.m.c.i.e.AbstractTransferListenerAdapter - Downloading https://repo.maven.apache.org/maven2/net/bytebuddy/byte-buddy/1.11.22/byte-buddy-1.11.22-sources.jar
2025-03-16 18:29:55,123 [Worker-28: Download sources and javadoc] INFO  o.e.m.c.i.e.AbstractTransferListenerAdapter - Downloaded https://repo.maven.apache.org/maven2/net/bytebuddy/byte-buddy/1.11.22/byte-buddy-1.11.22-sources.jar
2025-03-16 18:29:55,130 [Worker-28: Download sources and javadoc] INFO  o.e.m.j.internal.DownloadSourcesJob - Downloaded sources for net.bytebuddy:byte-buddy:1.11.22
2025-03-16 18:29:55,525 [Worker-28: Download sources and javadoc] INFO  o.e.m.c.i.e.AbstractTransferListenerAdapter - Downloaded https://repo.maven.apache.org/maven2/antlr/antlr/2.7.7/antlr-2.7.7-sources.jar
2025-03-16 18:29:55,530 [Worker-28: Download sources and javadoc] ERROR o.e.m.j.internal.DownloadSourcesJob - Could not download sources for antlr:antlr:2.7.7
org.eclipse.core.runtime.CoreException: Could not resolve artifact antlr:antlr:jar:sources:2.7.7
	at org.eclipse.m2e.core.internal.embedder.MavenImpl.lambda$7(MavenImpl.java:540)
	at org.eclipse.m2e.core.internal.embedder.MavenExecutionContext.executeBare(MavenExecutionContext.java:458)
	at org.eclipse.m2e.core.internal.embedder.MavenExecutionContext.execute(MavenExecutionContext.java:292)
	at org.eclipse.m2e.core.internal.embedder.MavenExecutionContext.execute(MavenExecutionContext.java:278)
	at org.eclipse.m2e.core.internal.embedder.MavenImpl.resolve(MavenImpl.java:509)
	at org.eclipse.m2e.core.internal.embedder.MavenImpl.resolve(MavenImpl.java:494)
	at org.eclipse.m2e.jdt.internal.DownloadSourcesJob.download(DownloadSourcesJob.java:308)
	at org.eclipse.m2e.jdt.internal.DownloadSourcesJob.downloadAttachments(DownloadSourcesJob.java:282)
	at org.eclipse.m2e.jdt.internal.DownloadSourcesJob.downloadMaven(DownloadSourcesJob.java:252)
	at org.eclipse.m2e.jdt.internal.DownloadSourcesJob.downloadFilesAndPopulateToUpdate(DownloadSourcesJob.java:220)
	at org.eclipse.m2e.jdt.internal.DownloadSourcesJob.lambda$0(DownloadSourcesJob.java:149)
	at org.eclipse.m2e.core.internal.embedder.MavenExecutionContext.executeBare(MavenExecutionContext.java:458)
	at org.eclipse.m2e.core.internal.embedder.MavenExecutionContext.execute(MavenExecutionContext.java:339)
	at org.eclipse.m2e.core.internal.embedder.MavenExecutionContext.execute(MavenExecutionContext.java:278)
	at org.eclipse.m2e.core.embedder.IMaven.execute(IMaven.java:300)
	at org.eclipse.m2e.jdt.internal.DownloadSourcesJob.run(DownloadSourcesJob.java:149)
	at org.eclipse.core.internal.jobs.Worker.run(Worker.java:63)
2025-03-16 18:29:55,838 [Worker-28: Download sources and javadoc] INFO  o.e.m.c.i.e.AbstractTransferListenerAdapter - Downloading https://repo.maven.apache.org/maven2/org/jboss/jandex/2.4.2.Final/jandex-2.4.2.Final-sources.jar
2025-03-16 18:29:56,083 [Worker-28: Download sources and javadoc] INFO  o.e.m.c.i.e.AbstractTransferListenerAdapter - Downloaded https://repo.maven.apache.org/maven2/org/jboss/jandex/2.4.2.Final/jandex-2.4.2.Final-sources.jar
2025-03-16 18:29:56,090 [Worker-28: Download sources and javadoc] INFO  o.e.m.j.internal.DownloadSourcesJob - Downloaded sources for org.jboss:jandex:2.4.2.Final
2025-03-16 18:29:56,401 [Worker-28: Download sources and javadoc] INFO  o.e.m.c.i.e.AbstractTransferListenerAdapter - Downloading https://repo.maven.apache.org/maven2/com/fasterxml/classmate/1.5.1/classmate-1.5.1-sources.jar
2025-03-16 18:29:56,534 [Worker-28: Download sources and javadoc] INFO  o.e.m.c.i.e.AbstractTransferListenerAdapter - Downloaded https://repo.maven.apache.org/maven2/com/fasterxml/classmate/1.5.1/classmate-1.5.1-sources.jar
2025-03-16 18:29:56,541 [Worker-28: Download sources and javadoc] INFO  o.e.m.j.internal.DownloadSourcesJob - Downloaded sources for com.fasterxml:classmate:1.5.1
2025-03-16 18:29:56,812 [Worker-28: Download sources and javadoc] INFO  o.e.m.c.i.e.AbstractTransferListenerAdapter - Downloading https://repo.maven.apache.org/maven2/org/hibernate/common/hibernate-commons-annotations/5.1.2.Final/hibernate-commons-annotations-5.1.2.Final-sources.jar
2025-03-16 18:29:56,954 [Worker-28: Download sources and javadoc] INFO  o.e.m.c.i.e.AbstractTransferListenerAdapter - Downloaded https://repo.maven.apache.org/maven2/org/hibernate/common/hibernate-commons-annotations/5.1.2.Final/hibernate-commons-annotations-5.1.2.Final-sources.jar
2025-03-16 18:29:56,969 [Worker-28: Download sources and javadoc] INFO  o.e.m.j.internal.DownloadSourcesJob - Downloaded sources for org.hibernate.common:hibernate-commons-annotations:5.1.2.Final
2025-03-16 18:29:57,258 [Worker-28: Download sources and javadoc] INFO  o.e.m.c.i.e.AbstractTransferListenerAdapter - Downloading https://repo.maven.apache.org/maven2/org/glassfish/jaxb/jaxb-runtime/2.3.5/jaxb-runtime-2.3.5-sources.jar
2025-03-16 18:29:57,696 [Worker-28: Download sources and javadoc] INFO  o.e.m.c.i.e.AbstractTransferListenerAdapter - Downloaded https://repo.maven.apache.org/maven2/org/glassfish/jaxb/jaxb-runtime/2.3.5/jaxb-runtime-2.3.5-sources.jar
2025-03-16 18:29:57,704 [Worker-28: Download sources and javadoc] INFO  o.e.m.j.internal.DownloadSourcesJob - Downloaded sources for org.glassfish.jaxb:jaxb-runtime:2.3.5
2025-03-16 18:29:57,976 [Worker-28: Download sources and javadoc] INFO  o.e.m.c.i.e.AbstractTransferListenerAdapter - Downloading https://repo.maven.apache.org/maven2/org/glassfish/jaxb/txw2/2.3.5/txw2-2.3.5-sources.jar
2025-03-16 18:29:58,114 [Worker-28: Download sources and javadoc] INFO  o.e.m.c.i.e.AbstractTransferListenerAdapter - Downloaded https://repo.maven.apache.org/maven2/org/glassfish/jaxb/txw2/2.3.5/txw2-2.3.5-sources.jar
2025-03-16 18:29:58,119 [Worker-28: Download sources and javadoc] INFO  o.e.m.j.internal.DownloadSourcesJob - Downloaded sources for org.glassfish.jaxb:txw2:2.3.5
2025-03-16 18:29:58,395 [Worker-28: Download sources and javadoc] INFO  o.e.m.c.i.e.AbstractTransferListenerAdapter - Downloading https://repo.maven.apache.org/maven2/com/sun/istack/istack-commons-runtime/3.0.12/istack-commons-runtime-3.0.12-sources.jar
2025-03-16 18:29:59,086 [Worker-28: Download sources and javadoc] INFO  o.e.m.c.i.e.AbstractTransferListenerAdapter - Downloaded https://repo.maven.apache.org/maven2/com/sun/istack/istack-commons-runtime/3.0.12/istack-commons-runtime-3.0.12-sources.jar
2025-03-16 18:29:59,092 [Worker-28: Download sources and javadoc] INFO  o.e.m.j.internal.DownloadSourcesJob - Downloaded sources for com.sun.istack:istack-commons-runtime:3.0.12
2025-03-16 18:29:59,359 [Worker-28: Download sources and javadoc] INFO  o.e.m.c.i.e.AbstractTransferListenerAdapter - Downloading https://repo.maven.apache.org/maven2/com/sun/activation/jakarta.activation/1.2.2/jakarta.activation-1.2.2-sources.jar
2025-03-16 18:29:59,493 [Worker-28: Download sources and javadoc] INFO  o.e.m.c.i.e.AbstractTransferListenerAdapter - Downloaded https://repo.maven.apache.org/maven2/com/sun/activation/jakarta.activation/1.2.2/jakarta.activation-1.2.2-sources.jar
2025-03-16 18:29:59,499 [Worker-28: Download sources and javadoc] INFO  o.e.m.j.internal.DownloadSourcesJob - Downloaded sources for com.sun.activation:jakarta.activation:1.2.2
2025-03-16 18:29:59,774 [Worker-28: Download sources and javadoc] INFO  o.e.m.c.i.e.AbstractTransferListenerAdapter - Downloading https://repo.maven.apache.org/maven2/org/springframework/data/spring-data-jpa/2.6.1/spring-data-jpa-2.6.1-sources.jar
2025-03-16 18:30:00,024 [Worker-28: Download sources and javadoc] INFO  o.e.m.c.i.e.AbstractTransferListenerAdapter - Downloaded https://repo.maven.apache.org/maven2/org/springframework/data/spring-data-jpa/2.6.1/spring-data-jpa-2.6.1-sources.jar
2025-03-16 18:30:00,033 [Worker-28: Download sources and javadoc] INFO  o.e.m.j.internal.DownloadSourcesJob - Downloaded sources for org.springframework.data:spring-data-jpa:2.6.1
2025-03-16 18:30:00,315 [Worker-28: Download sources and javadoc] INFO  o.e.m.c.i.e.AbstractTransferListenerAdapter - Downloading https://repo.maven.apache.org/maven2/org/springframework/data/spring-data-commons/2.6.1/spring-data-commons-2.6.1-sources.jar
2025-03-16 18:30:00,770 [Worker-28: Download sources and javadoc] INFO  o.e.m.c.i.e.AbstractTransferListenerAdapter - Downloaded https://repo.maven.apache.org/maven2/org/springframework/data/spring-data-commons/2.6.1/spring-data-commons-2.6.1-sources.jar
2025-03-16 18:30:00,778 [Worker-28: Download sources and javadoc] INFO  o.e.m.j.internal.DownloadSourcesJob - Downloaded sources for org.springframework.data:spring-data-commons:2.6.1
2025-03-16 18:30:01,054 [Worker-28: Download sources and javadoc] INFO  o.e.m.c.i.e.AbstractTransferListenerAdapter - Downloading https://repo.maven.apache.org/maven2/org/springframework/spring-orm/5.3.15/spring-orm-5.3.15-sources.jar
2025-03-16 18:30:01,304 [Worker-28: Download sources and javadoc] INFO  o.e.m.c.i.e.AbstractTransferListenerAdapter - Downloaded https://repo.maven.apache.org/maven2/org/springframework/spring-orm/5.3.15/spring-orm-5.3.15-sources.jar
2025-03-16 18:30:01,310 [Worker-28: Download sources and javadoc] INFO  o.e.m.j.internal.DownloadSourcesJob - Downloaded sources for org.springframework:spring-orm:5.3.15
2025-03-16 18:30:01,777 [Worker-28: Download sources and javadoc] INFO  o.e.m.c.i.e.AbstractTransferListenerAdapter - Downloading https://repo.maven.apache.org/maven2/org/springframework/spring-context/5.3.15/spring-context-5.3.15-sources.jar
2025-03-16 18:30:02,290 [Worker-28: Download sources and javadoc] INFO  o.e.m.c.i.e.AbstractTransferListenerAdapter - Downloaded https://repo.maven.apache.org/maven2/org/springframework/spring-context/5.3.15/spring-context-5.3.15-sources.jar
2025-03-16 18:30:02,296 [Worker-28: Download sources and javadoc] INFO  o.e.m.j.internal.DownloadSourcesJob - Downloaded sources for org.springframework:spring-context:5.3.15
2025-03-16 18:30:02,615 [Worker-28: Download sources and javadoc] INFO  o.e.m.c.i.e.AbstractTransferListenerAdapter - Downloading https://repo.maven.apache.org/maven2/org/springframework/spring-tx/5.3.15/spring-tx-5.3.15-sources.jar
2025-03-16 18:30:02,917 [Worker-28: Download sources and javadoc] INFO  o.e.m.c.i.e.AbstractTransferListenerAdapter - Downloaded https://repo.maven.apache.org/maven2/org/springframework/spring-tx/5.3.15/spring-tx-5.3.15-sources.jar
2025-03-16 18:30:02,922 [Worker-28: Download sources and javadoc] INFO  o.e.m.j.internal.DownloadSourcesJob - Downloaded sources for org.springframework:spring-tx:5.3.15
2025-03-16 18:30:03,201 [Worker-28: Download sources and javadoc] INFO  o.e.m.c.i.e.AbstractTransferListenerAdapter - Downloading https://repo.maven.apache.org/maven2/org/springframework/spring-beans/5.3.15/spring-beans-5.3.15-sources.jar
2025-03-16 18:30:03,604 [Worker-28: Download sources and javadoc] INFO  o.e.m.c.i.e.AbstractTransferListenerAdapter - Downloaded https://repo.maven.apache.org/maven2/org/springframework/spring-beans/5.3.15/spring-beans-5.3.15-sources.jar
2025-03-16 18:30:03,609 [Worker-28: Download sources and javadoc] INFO  o.e.m.j.internal.DownloadSourcesJob - Downloaded sources for org.springframework:spring-beans:5.3.15
2025-03-16 18:30:03,900 [Worker-28: Download sources and javadoc] INFO  o.e.m.c.i.e.AbstractTransferListenerAdapter - Downloading https://repo.maven.apache.org/maven2/org/slf4j/slf4j-api/1.7.33/slf4j-api-1.7.33-sources.jar
2025-03-16 18:30:04,029 [Worker-28: Download sources and javadoc] INFO  o.e.m.c.i.e.AbstractTransferListenerAdapter - Downloaded https://repo.maven.apache.org/maven2/org/slf4j/slf4j-api/1.7.33/slf4j-api-1.7.33-sources.jar
2025-03-16 18:30:04,037 [Worker-28: Download sources and javadoc] INFO  o.e.m.j.internal.DownloadSourcesJob - Downloaded sources for org.slf4j:slf4j-api:1.7.33
2025-03-16 18:30:04,326 [Worker-28: Download sources and javadoc] INFO  o.e.m.c.i.e.AbstractTransferListenerAdapter - Downloading https://repo.maven.apache.org/maven2/org/springframework/spring-aspects/5.3.15/spring-aspects-5.3.15-sources.jar
2025-03-16 18:30:04,882 [Worker-28: Download sources and javadoc] INFO  o.e.m.c.i.e.AbstractTransferListenerAdapter - Downloaded https://repo.maven.apache.org/maven2/org/springframework/spring-aspects/5.3.15/spring-aspects-5.3.15-sources.jar
2025-03-16 18:30:04,889 [Worker-28: Download sources and javadoc] INFO  o.e.m.j.internal.DownloadSourcesJob - Downloaded sources for org.springframework:spring-aspects:5.3.15
2025-03-16 18:30:05,166 [Worker-28: Download sources and javadoc] INFO  o.e.m.c.i.e.AbstractTransferListenerAdapter - Downloading https://repo.maven.apache.org/maven2/org/springframework/boot/spring-boot-starter-web/2.6.3/spring-boot-starter-web-2.6.3-sources.jar
2025-03-16 18:30:05,237 [Worker-28: Download sources and javadoc] INFO  o.e.m.c.i.e.AbstractTransferListenerAdapter - Downloaded https://repo.maven.apache.org/maven2/org/springframework/boot/spring-boot-starter-web/2.6.3/spring-boot-starter-web-2.6.3-sources.jar
2025-03-16 18:30:05,243 [Worker-28: Download sources and javadoc] INFO  o.e.m.j.internal.DownloadSourcesJob - Downloaded sources for org.springframework.boot:spring-boot-starter-web:2.6.3
2025-03-16 18:30:05,510 [Worker-28: Download sources and javadoc] INFO  o.e.m.c.i.e.AbstractTransferListenerAdapter - Downloading https://repo.maven.apache.org/maven2/org/springframework/boot/spring-boot-starter/2.6.3/spring-boot-starter-2.6.3-sources.jar
2025-03-16 18:30:05,571 [Worker-28: Download sources and javadoc] INFO  o.e.m.c.i.e.AbstractTransferListenerAdapter - Downloaded https://repo.maven.apache.org/maven2/org/springframework/boot/spring-boot-starter/2.6.3/spring-boot-starter-2.6.3-sources.jar
2025-03-16 18:30:05,577 [Worker-28: Download sources and javadoc] INFO  o.e.m.j.internal.DownloadSourcesJob - Downloaded sources for org.springframework.boot:spring-boot-starter:2.6.3
2025-03-16 18:30:05,872 [Worker-28: Download sources and javadoc] INFO  o.e.m.c.i.e.AbstractTransferListenerAdapter - Downloading https://repo.maven.apache.org/maven2/org/springframework/boot/spring-boot/2.6.3/spring-boot-2.6.3-sources.jar
2025-03-16 18:30:06,357 [Worker-28: Download sources and javadoc] INFO  o.e.m.c.i.e.AbstractTransferListenerAdapter - Downloaded https://repo.maven.apache.org/maven2/org/springframework/boot/spring-boot/2.6.3/spring-boot-2.6.3-sources.jar
2025-03-16 18:30:06,364 [Worker-28: Download sources and javadoc] INFO  o.e.m.j.internal.DownloadSourcesJob - Downloaded sources for org.springframework.boot:spring-boot:2.6.3
2025-03-16 18:30:06,642 [Worker-28: Download sources and javadoc] INFO  o.e.m.c.i.e.AbstractTransferListenerAdapter - Downloading https://repo.maven.apache.org/maven2/org/springframework/boot/spring-boot-autoconfigure/2.6.3/spring-boot-autoconfigure-2.6.3-sources.jar
2025-03-16 18:30:07,095 [Worker-28: Download sources and javadoc] INFO  o.e.m.c.i.e.AbstractTransferListenerAdapter - Downloaded https://repo.maven.apache.org/maven2/org/springframework/boot/spring-boot-autoconfigure/2.6.3/spring-boot-autoconfigure-2.6.3-sources.jar
2025-03-16 18:30:07,104 [Worker-28: Download sources and javadoc] INFO  o.e.m.j.internal.DownloadSourcesJob - Downloaded sources for org.springframework.boot:spring-boot-autoconfigure:2.6.3
2025-03-16 18:30:07,386 [Worker-28: Download sources and javadoc] INFO  o.e.m.c.i.e.AbstractTransferListenerAdapter - Downloading https://repo.maven.apache.org/maven2/org/springframework/boot/spring-boot-starter-logging/2.6.3/spring-boot-starter-logging-2.6.3-sources.jar
2025-03-16 18:30:07,455 [Worker-28: Download sources and javadoc] INFO  o.e.m.c.i.e.AbstractTransferListenerAdapter - Downloaded https://repo.maven.apache.org/maven2/org/springframework/boot/spring-boot-starter-logging/2.6.3/spring-boot-starter-logging-2.6.3-sources.jar
2025-03-16 18:30:07,460 [Worker-28: Download sources and javadoc] INFO  o.e.m.j.internal.DownloadSourcesJob - Downloaded sources for org.springframework.boot:spring-boot-starter-logging:2.6.3
2025-03-16 18:30:07,747 [Worker-28: Download sources and javadoc] INFO  o.e.m.c.i.e.AbstractTransferListenerAdapter - Downloading https://repo.maven.apache.org/maven2/ch/qos/logback/logback-classic/1.2.10/logback-classic-1.2.10-sources.jar
2025-03-16 18:30:08,004 [Worker-28: Download sources and javadoc] INFO  o.e.m.c.i.e.AbstractTransferListenerAdapter - Downloaded https://repo.maven.apache.org/maven2/ch/qos/logback/logback-classic/1.2.10/logback-classic-1.2.10-sources.jar
2025-03-16 18:30:08,011 [Worker-28: Download sources and javadoc] INFO  o.e.m.j.internal.DownloadSourcesJob - Downloaded sources for ch.qos.logback:logback-classic:1.2.10
2025-03-16 18:30:08,294 [Worker-28: Download sources and javadoc] INFO  o.e.m.c.i.e.AbstractTransferListenerAdapter - Downloading https://repo.maven.apache.org/maven2/ch/qos/logback/logback-core/1.2.10/logback-core-1.2.10-sources.jar
2025-03-16 18:30:08,636 [Worker-28: Download sources and javadoc] INFO  o.e.m.c.i.e.AbstractTransferListenerAdapter - Downloaded https://repo.maven.apache.org/maven2/ch/qos/logback/logback-core/1.2.10/logback-core-1.2.10-sources.jar
2025-03-16 18:30:08,644 [Worker-28: Download sources and javadoc] INFO  o.e.m.j.internal.DownloadSourcesJob - Downloaded sources for ch.qos.logback:logback-core:1.2.10
2025-03-16 18:30:08,933 [Worker-28: Download sources and javadoc] INFO  o.e.m.c.i.e.AbstractTransferListenerAdapter - Downloading https://repo.maven.apache.org/maven2/org/apache/logging/log4j/log4j-to-slf4j/2.17.1/log4j-to-slf4j-2.17.1-sources.jar
2025-03-16 18:30:09,351 [Worker-28: Download sources and javadoc] INFO  o.e.m.c.i.e.AbstractTransferListenerAdapter - Downloaded https://repo.maven.apache.org/maven2/org/apache/logging/log4j/log4j-to-slf4j/2.17.1/log4j-to-slf4j-2.17.1-sources.jar
2025-03-16 18:30:09,358 [Worker-28: Download sources and javadoc] INFO  o.e.m.j.internal.DownloadSourcesJob - Downloaded sources for org.apache.logging.log4j:log4j-to-slf4j:2.17.1
2025-03-16 18:30:09,648 [Worker-28: Download sources and javadoc] INFO  o.e.m.c.i.e.AbstractTransferListenerAdapter - Downloading https://repo.maven.apache.org/maven2/org/apache/logging/log4j/log4j-api/2.17.1/log4j-api-2.17.1-sources.jar
2025-03-16 18:30:10,008 [Worker-28: Download sources and javadoc] INFO  o.e.m.c.i.e.AbstractTransferListenerAdapter - Downloaded https://repo.maven.apache.org/maven2/org/apache/logging/log4j/log4j-api/2.17.1/log4j-api-2.17.1-sources.jar
2025-03-16 18:30:10,017 [Worker-28: Download sources and javadoc] INFO  o.e.m.j.internal.DownloadSourcesJob - Downloaded sources for org.apache.logging.log4j:log4j-api:2.17.1
2025-03-16 18:30:10,297 [Worker-28: Download sources and javadoc] INFO  o.e.m.c.i.e.AbstractTransferListenerAdapter - Downloading https://repo.maven.apache.org/maven2/org/slf4j/jul-to-slf4j/1.7.33/jul-to-slf4j-1.7.33-sources.jar
2025-03-16 18:30:10,455 [Worker-28: Download sources and javadoc] INFO  o.e.m.c.i.e.AbstractTransferListenerAdapter - Downloaded https://repo.maven.apache.org/maven2/org/slf4j/jul-to-slf4j/1.7.33/jul-to-slf4j-1.7.33-sources.jar
2025-03-16 18:30:10,463 [Worker-28: Download sources and javadoc] INFO  o.e.m.j.internal.DownloadSourcesJob - Downloaded sources for org.slf4j:jul-to-slf4j:1.7.33
2025-03-16 18:30:10,750 [Worker-28: Download sources and javadoc] INFO  o.e.m.c.i.e.AbstractTransferListenerAdapter - Downloading https://repo.maven.apache.org/maven2/jakarta/annotation/jakarta.annotation-api/1.3.5/jakarta.annotation-api-1.3.5-sources.jar
2025-03-16 18:30:11,371 [Worker-28: Download sources and javadoc] INFO  o.e.m.c.i.e.AbstractTransferListenerAdapter - Downloaded https://repo.maven.apache.org/maven2/jakarta/annotation/jakarta.annotation-api/1.3.5/jakarta.annotation-api-1.3.5-sources.jar
2025-03-16 18:30:11,382 [Worker-28: Download sources and javadoc] INFO  o.e.m.j.internal.DownloadSourcesJob - Downloaded sources for jakarta.annotation:jakarta.annotation-api:1.3.5
2025-03-16 18:30:11,684 [Worker-28: Download sources and javadoc] INFO  o.e.m.c.i.e.AbstractTransferListenerAdapter - Downloading https://repo.maven.apache.org/maven2/org/yaml/snakeyaml/1.29/snakeyaml-1.29-sources.jar
2025-03-16 18:30:11,952 [Worker-28: Download sources and javadoc] INFO  o.e.m.c.i.e.AbstractTransferListenerAdapter - Downloaded https://repo.maven.apache.org/maven2/org/yaml/snakeyaml/1.29/snakeyaml-1.29-sources.jar
2025-03-16 18:30:11,958 [Worker-28: Download sources and javadoc] INFO  o.e.m.j.internal.DownloadSourcesJob - Downloaded sources for org.yaml:snakeyaml:1.29
2025-03-16 18:30:12,243 [Worker-28: Download sources and javadoc] INFO  o.e.m.c.i.e.AbstractTransferListenerAdapter - Downloading https://repo.maven.apache.org/maven2/org/springframework/boot/spring-boot-starter-json/2.6.3/spring-boot-starter-json-2.6.3-sources.jar
2025-03-16 18:30:12,329 [Worker-28: Download sources and javadoc] INFO  o.e.m.c.i.e.AbstractTransferListenerAdapter - Downloaded https://repo.maven.apache.org/maven2/org/springframework/boot/spring-boot-starter-json/2.6.3/spring-boot-starter-json-2.6.3-sources.jar
2025-03-16 18:30:12,338 [Worker-28: Download sources and javadoc] INFO  o.e.m.j.internal.DownloadSourcesJob - Downloaded sources for org.springframework.boot:spring-boot-starter-json:2.6.3
2025-03-16 18:30:12,638 [Worker-28: Download sources and javadoc] INFO  o.e.m.c.i.e.AbstractTransferListenerAdapter - Downloading https://repo.maven.apache.org/maven2/com/fasterxml/jackson/core/jackson-databind/2.13.1/jackson-databind-2.13.1-sources.jar
2025-03-16 18:30:13,156 [Worker-28: Download sources and javadoc] INFO  o.e.m.c.i.e.AbstractTransferListenerAdapter - Downloaded https://repo.maven.apache.org/maven2/com/fasterxml/jackson/core/jackson-databind/2.13.1/jackson-databind-2.13.1-sources.jar
2025-03-16 18:30:13,174 [Worker-28: Download sources and javadoc] INFO  o.e.m.j.internal.DownloadSourcesJob - Downloaded sources for com.fasterxml.jackson.core:jackson-databind:2.13.1
2025-03-16 18:30:13,465 [Worker-28: Download sources and javadoc] INFO  o.e.m.c.i.e.AbstractTransferListenerAdapter - Downloading https://repo.maven.apache.org/maven2/com/fasterxml/jackson/core/jackson-annotations/2.13.1/jackson-annotations-2.13.1-sources.jar
2025-03-16 18:30:13,622 [Worker-28: Download sources and javadoc] INFO  o.e.m.c.i.e.AbstractTransferListenerAdapter - Downloaded https://repo.maven.apache.org/maven2/com/fasterxml/jackson/core/jackson-annotations/2.13.1/jackson-annotations-2.13.1-sources.jar
2025-03-16 18:30:13,629 [Worker-28: Download sources and javadoc] INFO  o.e.m.j.internal.DownloadSourcesJob - Downloaded sources for com.fasterxml.jackson.core:jackson-annotations:2.13.1
2025-03-16 18:30:13,905 [Worker-28: Download sources and javadoc] INFO  o.e.m.c.i.e.AbstractTransferListenerAdapter - Downloading https://repo.maven.apache.org/maven2/com/fasterxml/jackson/datatype/jackson-datatype-jdk8/2.13.1/jackson-datatype-jdk8-2.13.1-sources.jar
2025-03-16 18:30:14,832 [Worker-28: Download sources and javadoc] INFO  o.e.m.c.i.e.AbstractTransferListenerAdapter - Downloaded https://repo.maven.apache.org/maven2/com/fasterxml/jackson/datatype/jackson-datatype-jdk8/2.13.1/jackson-datatype-jdk8-2.13.1-sources.jar
2025-03-16 18:30:14,840 [Worker-28: Download sources and javadoc] INFO  o.e.m.j.internal.DownloadSourcesJob - Downloaded sources for com.fasterxml.jackson.datatype:jackson-datatype-jdk8:2.13.1
2025-03-16 18:30:15,115 [Worker-28: Download sources and javadoc] INFO  o.e.m.c.i.e.AbstractTransferListenerAdapter - Downloading https://repo.maven.apache.org/maven2/com/fasterxml/jackson/datatype/jackson-datatype-jsr310/2.13.1/jackson-datatype-jsr310-2.13.1-sources.jar
2025-03-16 18:30:15,275 [Worker-28: Download sources and javadoc] INFO  o.e.m.c.i.e.AbstractTransferListenerAdapter - Downloaded https://repo.maven.apache.org/maven2/com/fasterxml/jackson/datatype/jackson-datatype-jsr310/2.13.1/jackson-datatype-jsr310-2.13.1-sources.jar
2025-03-16 18:30:15,285 [Worker-28: Download sources and javadoc] INFO  o.e.m.j.internal.DownloadSourcesJob - Downloaded sources for com.fasterxml.jackson.datatype:jackson-datatype-jsr310:2.13.1
2025-03-16 18:30:15,573 [Worker-28: Download sources and javadoc] INFO  o.e.m.c.i.e.AbstractTransferListenerAdapter - Downloading https://repo.maven.apache.org/maven2/com/fasterxml/jackson/module/jackson-module-parameter-names/2.13.1/jackson-module-parameter-names-2.13.1-sources.jar
2025-03-16 18:30:15,767 [Worker-28: Download sources and javadoc] INFO  o.e.m.c.i.e.AbstractTransferListenerAdapter - Downloaded https://repo.maven.apache.org/maven2/com/fasterxml/jackson/module/jackson-module-parameter-names/2.13.1/jackson-module-parameter-names-2.13.1-sources.jar
2025-03-16 18:30:15,776 [Worker-28: Download sources and javadoc] INFO  o.e.m.j.internal.DownloadSourcesJob - Downloaded sources for com.fasterxml.jackson.module:jackson-module-parameter-names:2.13.1
2025-03-16 18:30:16,051 [Worker-28: Download sources and javadoc] INFO  o.e.m.c.i.e.AbstractTransferListenerAdapter - Downloading https://repo.maven.apache.org/maven2/org/springframework/boot/spring-boot-starter-tomcat/2.6.3/spring-boot-starter-tomcat-2.6.3-sources.jar
2025-03-16 18:30:16,176 [Worker-28: Download sources and javadoc] INFO  o.e.m.c.i.e.AbstractTransferListenerAdapter - Downloaded https://repo.maven.apache.org/maven2/org/springframework/boot/spring-boot-starter-tomcat/2.6.3/spring-boot-starter-tomcat-2.6.3-sources.jar
2025-03-16 18:30:16,190 [Worker-28: Download sources and javadoc] INFO  o.e.m.j.internal.DownloadSourcesJob - Downloaded sources for org.springframework.boot:spring-boot-starter-tomcat:2.6.3
2025-03-16 18:30:17,186 [Worker-28: Download sources and javadoc] INFO  o.e.m.c.i.e.AbstractTransferListenerAdapter - Downloading https://repo.maven.apache.org/maven2/org/apache/tomcat/embed/tomcat-embed-core/9.0.56/tomcat-embed-core-9.0.56-sources.jar
2025-03-16 18:30:17,889 [Worker-28: Download sources and javadoc] INFO  o.e.m.c.i.e.AbstractTransferListenerAdapter - Downloaded https://repo.maven.apache.org/maven2/org/apache/tomcat/embed/tomcat-embed-core/9.0.56/tomcat-embed-core-9.0.56-sources.jar
2025-03-16 18:30:17,902 [Worker-28: Download sources and javadoc] INFO  o.e.m.j.internal.DownloadSourcesJob - Downloaded sources for org.apache.tomcat.embed:tomcat-embed-core:9.0.56
2025-03-16 18:30:18,180 [Worker-28: Download sources and javadoc] INFO  o.e.m.c.i.e.AbstractTransferListenerAdapter - Downloading https://repo.maven.apache.org/maven2/org/apache/tomcat/embed/tomcat-embed-websocket/9.0.56/tomcat-embed-websocket-9.0.56-sources.jar
2025-03-16 18:30:18,509 [Worker-28: Download sources and javadoc] INFO  o.e.m.c.i.e.AbstractTransferListenerAdapter - Downloaded https://repo.maven.apache.org/maven2/org/apache/tomcat/embed/tomcat-embed-websocket/9.0.56/tomcat-embed-websocket-9.0.56-sources.jar
2025-03-16 18:30:18,521 [Worker-28: Download sources and javadoc] INFO  o.e.m.j.internal.DownloadSourcesJob - Downloaded sources for org.apache.tomcat.embed:tomcat-embed-websocket:9.0.56
2025-03-16 18:30:18,948 [Worker-28: Download sources and javadoc] INFO  o.e.m.c.i.e.AbstractTransferListenerAdapter - Downloading https://repo.maven.apache.org/maven2/org/springframework/spring-web/5.3.15/spring-web-5.3.15-sources.jar
2025-03-16 18:30:19,478 [Worker-28: Download sources and javadoc] INFO  o.e.m.c.i.e.AbstractTransferListenerAdapter - Downloaded https://repo.maven.apache.org/maven2/org/springframework/spring-web/5.3.15/spring-web-5.3.15-sources.jar
2025-03-16 18:30:19,491 [Worker-28: Download sources and javadoc] INFO  o.e.m.j.internal.DownloadSourcesJob - Downloaded sources for org.springframework:spring-web:5.3.15
2025-03-16 18:30:19,784 [Worker-28: Download sources and javadoc] INFO  o.e.m.c.i.e.AbstractTransferListenerAdapter - Downloading https://repo.maven.apache.org/maven2/org/springframework/spring-webmvc/5.3.15/spring-webmvc-5.3.15-sources.jar
2025-03-16 18:30:20,257 [Worker-28: Download sources and javadoc] INFO  o.e.m.c.i.e.AbstractTransferListenerAdapter - Downloaded https://repo.maven.apache.org/maven2/org/springframework/spring-webmvc/5.3.15/spring-webmvc-5.3.15-sources.jar
2025-03-16 18:30:20,264 [Worker-28: Download sources and javadoc] INFO  o.e.m.j.internal.DownloadSourcesJob - Downloaded sources for org.springframework:spring-webmvc:5.3.15
2025-03-16 18:30:20,529 [Worker-28: Download sources and javadoc] INFO  o.e.m.c.i.e.AbstractTransferListenerAdapter - Downloading https://repo.maven.apache.org/maven2/org/springframework/spring-expression/5.3.15/spring-expression-5.3.15-sources.jar
2025-03-16 18:30:20,808 [Worker-28: Download sources and javadoc] INFO  o.e.m.c.i.e.AbstractTransferListenerAdapter - Downloaded https://repo.maven.apache.org/maven2/org/springframework/spring-expression/5.3.15/spring-expression-5.3.15-sources.jar
2025-03-16 18:30:20,822 [Worker-28: Download sources and javadoc] INFO  o.e.m.j.internal.DownloadSourcesJob - Downloaded sources for org.springframework:spring-expression:5.3.15
2025-03-16 18:30:21,114 [Worker-28: Download sources and javadoc] INFO  o.e.m.c.i.e.AbstractTransferListenerAdapter - Downloading https://repo.maven.apache.org/maven2/com/h2database/h2/1.4.200/h2-1.4.200-sources.jar
2025-03-16 18:30:21,742 [Worker-28: Download sources and javadoc] INFO  o.e.m.c.i.e.AbstractTransferListenerAdapter - Downloaded https://repo.maven.apache.org/maven2/com/h2database/h2/1.4.200/h2-1.4.200-sources.jar
2025-03-16 18:30:21,759 [Worker-28: Download sources and javadoc] INFO  o.e.m.j.internal.DownloadSourcesJob - Downloaded sources for com.h2database:h2:1.4.200
2025-03-16 18:30:22,130 [Worker-28: Download sources and javadoc] INFO  o.e.m.c.i.e.AbstractTransferListenerAdapter - Downloading https://repo.maven.apache.org/maven2/org/projectlombok/lombok/1.18.22/lombok-1.18.22-sources.jar
2025-03-16 18:30:22,800 [Worker-28: Download sources and javadoc] INFO  o.e.m.c.i.e.AbstractTransferListenerAdapter - Downloaded https://repo.maven.apache.org/maven2/org/projectlombok/lombok/1.18.22/lombok-1.18.22-sources.jar
2025-03-16 18:30:22,808 [Worker-28: Download sources and javadoc] INFO  o.e.m.j.internal.DownloadSourcesJob - Downloaded sources for org.projectlombok:lombok:1.18.22
2025-03-16 18:30:23,104 [Worker-28: Download sources and javadoc] INFO  o.e.m.c.i.e.AbstractTransferListenerAdapter - Downloading https://repo.maven.apache.org/maven2/org/springframework/boot/spring-boot-starter-test/2.6.3/spring-boot-starter-test-2.6.3-sources.jar
2025-03-16 18:30:23,218 [Worker-28: Download sources and javadoc] INFO  o.e.m.c.i.e.AbstractTransferListenerAdapter - Downloaded https://repo.maven.apache.org/maven2/org/springframework/boot/spring-boot-starter-test/2.6.3/spring-boot-starter-test-2.6.3-sources.jar
2025-03-16 18:30:23,229 [Worker-28: Download sources and javadoc] INFO  o.e.m.j.internal.DownloadSourcesJob - Downloaded sources for org.springframework.boot:spring-boot-starter-test:2.6.3
2025-03-16 18:30:23,498 [Worker-28: Download sources and javadoc] INFO  o.e.m.c.i.e.AbstractTransferListenerAdapter - Downloading https://repo.maven.apache.org/maven2/org/springframework/boot/spring-boot-test/2.6.3/spring-boot-test-2.6.3-sources.jar
2025-03-16 18:30:23,757 [Worker-28: Download sources and javadoc] INFO  o.e.m.c.i.e.AbstractTransferListenerAdapter - Downloaded https://repo.maven.apache.org/maven2/org/springframework/boot/spring-boot-test/2.6.3/spring-boot-test-2.6.3-sources.jar
2025-03-16 18:30:23,766 [Worker-28: Download sources and javadoc] INFO  o.e.m.j.internal.DownloadSourcesJob - Downloaded sources for org.springframework.boot:spring-boot-test:2.6.3
2025-03-16 18:30:24,048 [Worker-28: Download sources and javadoc] INFO  o.e.m.c.i.e.AbstractTransferListenerAdapter - Downloading https://repo.maven.apache.org/maven2/org/springframework/boot/spring-boot-test-autoconfigure/2.6.3/spring-boot-test-autoconfigure-2.6.3-sources.jar
2025-03-16 18:30:24,325 [Worker-28: Download sources and javadoc] INFO  o.e.m.c.i.e.AbstractTransferListenerAdapter - Downloaded https://repo.maven.apache.org/maven2/org/springframework/boot/spring-boot-test-autoconfigure/2.6.3/spring-boot-test-autoconfigure-2.6.3-sources.jar
2025-03-16 18:30:24,333 [Worker-28: Download sources and javadoc] INFO  o.e.m.j.internal.DownloadSourcesJob - Downloaded sources for org.springframework.boot:spring-boot-test-autoconfigure:2.6.3
2025-03-16 18:30:24,622 [Worker-28: Download sources and javadoc] INFO  o.e.m.c.i.e.AbstractTransferListenerAdapter - Downloading https://repo.maven.apache.org/maven2/com/jayway/jsonpath/json-path/2.6.0/json-path-2.6.0-sources.jar
2025-03-16 18:30:24,885 [Worker-28: Download sources and javadoc] INFO  o.e.m.c.i.e.AbstractTransferListenerAdapter - Downloaded https://repo.maven.apache.org/maven2/com/jayway/jsonpath/json-path/2.6.0/json-path-2.6.0-sources.jar
2025-03-16 18:30:24,897 [Worker-28: Download sources and javadoc] INFO  o.e.m.j.internal.DownloadSourcesJob - Downloaded sources for com.jayway.jsonpath:json-path:2.6.0
2025-03-16 18:30:25,177 [Worker-28: Download sources and javadoc] INFO  o.e.m.c.i.e.AbstractTransferListenerAdapter - Downloading https://repo.maven.apache.org/maven2/net/minidev/json-smart/2.4.7/json-smart-2.4.7-sources.jar
2025-03-16 18:30:25,342 [Worker-28: Download sources and javadoc] INFO  o.e.m.c.i.e.AbstractTransferListenerAdapter - Downloaded https://repo.maven.apache.org/maven2/net/minidev/json-smart/2.4.7/json-smart-2.4.7-sources.jar
2025-03-16 18:30:25,354 [Worker-28: Download sources and javadoc] INFO  o.e.m.j.internal.DownloadSourcesJob - Downloaded sources for net.minidev:json-smart:2.4.7
2025-03-16 18:30:25,632 [Worker-28: Download sources and javadoc] INFO  o.e.m.c.i.e.AbstractTransferListenerAdapter - Downloading https://repo.maven.apache.org/maven2/net/minidev/accessors-smart/2.4.7/accessors-smart-2.4.7-sources.jar
2025-03-16 18:30:26,118 [Worker-28: Download sources and javadoc] INFO  o.e.m.c.i.e.AbstractTransferListenerAdapter - Downloaded https://repo.maven.apache.org/maven2/net/minidev/accessors-smart/2.4.7/accessors-smart-2.4.7-sources.jar
2025-03-16 18:30:26,125 [Worker-28: Download sources and javadoc] INFO  o.e.m.j.internal.DownloadSourcesJob - Downloaded sources for net.minidev:accessors-smart:2.4.7
2025-03-16 18:30:26,414 [Worker-28: Download sources and javadoc] INFO  o.e.m.c.i.e.AbstractTransferListenerAdapter - Downloading https://repo.maven.apache.org/maven2/org/ow2/asm/asm/9.1/asm-9.1-sources.jar
2025-03-16 18:30:26,698 [Worker-28: Download sources and javadoc] INFO  o.e.m.c.i.e.AbstractTransferListenerAdapter - Downloaded https://repo.maven.apache.org/maven2/org/ow2/asm/asm/9.1/asm-9.1-sources.jar
2025-03-16 18:30:26,710 [Worker-28: Download sources and javadoc] INFO  o.e.m.j.internal.DownloadSourcesJob - Downloaded sources for org.ow2.asm:asm:9.1
2025-03-16 18:30:26,982 [Worker-28: Download sources and javadoc] INFO  o.e.m.c.i.e.AbstractTransferListenerAdapter - Downloading https://repo.maven.apache.org/maven2/jakarta/xml/bind/jakarta.xml.bind-api/2.3.3/jakarta.xml.bind-api-2.3.3-sources.jar
2025-03-16 18:30:27,248 [Worker-28: Download sources and javadoc] INFO  o.e.m.c.i.e.AbstractTransferListenerAdapter - Downloaded https://repo.maven.apache.org/maven2/jakarta/xml/bind/jakarta.xml.bind-api/2.3.3/jakarta.xml.bind-api-2.3.3-sources.jar
2025-03-16 18:30:27,261 [Worker-28: Download sources and javadoc] INFO  o.e.m.j.internal.DownloadSourcesJob - Downloaded sources for jakarta.xml.bind:jakarta.xml.bind-api:2.3.3
2025-03-16 18:30:27,544 [Worker-28: Download sources and javadoc] INFO  o.e.m.c.i.e.AbstractTransferListenerAdapter - Downloading https://repo.maven.apache.org/maven2/jakarta/activation/jakarta.activation-api/1.2.2/jakarta.activation-api-1.2.2-sources.jar
2025-03-16 18:30:28,460 [Worker-28: Download sources and javadoc] INFO  o.e.m.c.i.e.AbstractTransferListenerAdapter - Downloaded https://repo.maven.apache.org/maven2/jakarta/activation/jakarta.activation-api/1.2.2/jakarta.activation-api-1.2.2-sources.jar
2025-03-16 18:30:28,481 [Worker-28: Download sources and javadoc] INFO  o.e.m.j.internal.DownloadSourcesJob - Downloaded sources for jakarta.activation:jakarta.activation-api:1.2.2
2025-03-16 18:30:28,921 [Worker-28: Download sources and javadoc] INFO  o.e.m.c.i.e.AbstractTransferListenerAdapter - Downloading https://repo.maven.apache.org/maven2/org/assertj/assertj-core/3.21.0/assertj-core-3.21.0-sources.jar
2025-03-16 18:30:29,477 [Worker-28: Download sources and javadoc] INFO  o.e.m.c.i.e.AbstractTransferListenerAdapter - Downloaded https://repo.maven.apache.org/maven2/org/assertj/assertj-core/3.21.0/assertj-core-3.21.0-sources.jar
2025-03-16 18:30:29,486 [Worker-28: Download sources and javadoc] INFO  o.e.m.j.internal.DownloadSourcesJob - Downloaded sources for org.assertj:assertj-core:3.21.0
2025-03-16 18:30:29,762 [Worker-28: Download sources and javadoc] INFO  o.e.m.c.i.e.AbstractTransferListenerAdapter - Downloading https://repo.maven.apache.org/maven2/org/junit/jupiter/junit-jupiter/5.8.2/junit-jupiter-5.8.2-sources.jar
2025-03-16 18:30:29,873 [Worker-28: Download sources and javadoc] INFO  o.e.m.c.i.e.AbstractTransferListenerAdapter - Downloaded https://repo.maven.apache.org/maven2/org/junit/jupiter/junit-jupiter/5.8.2/junit-jupiter-5.8.2-sources.jar
2025-03-16 18:30:29,883 [Worker-28: Download sources and javadoc] INFO  o.e.m.j.internal.DownloadSourcesJob - Downloaded sources for org.junit.jupiter:junit-jupiter:5.8.2
2025-03-16 18:30:30,172 [Worker-28: Download sources and javadoc] INFO  o.e.m.c.i.e.AbstractTransferListenerAdapter - Downloading https://repo.maven.apache.org/maven2/org/junit/jupiter/junit-jupiter-api/5.8.2/junit-jupiter-api-5.8.2-sources.jar
2025-03-16 18:30:30,470 [Worker-28: Download sources and javadoc] INFO  o.e.m.c.i.e.AbstractTransferListenerAdapter - Downloaded https://repo.maven.apache.org/maven2/org/junit/jupiter/junit-jupiter-api/5.8.2/junit-jupiter-api-5.8.2-sources.jar
2025-03-16 18:30:30,475 [Worker-28: Download sources and javadoc] INFO  o.e.m.j.internal.DownloadSourcesJob - Downloaded sources for org.junit.jupiter:junit-jupiter-api:5.8.2
2025-03-16 18:30:30,758 [Worker-28: Download sources and javadoc] INFO  o.e.m.c.i.e.AbstractTransferListenerAdapter - Downloading https://repo.maven.apache.org/maven2/org/opentest4j/opentest4j/1.2.0/opentest4j-1.2.0-sources.jar
2025-03-16 18:30:31,049 [Worker-28: Download sources and javadoc] INFO  o.e.m.c.i.e.AbstractTransferListenerAdapter - Downloaded https://repo.maven.apache.org/maven2/org/opentest4j/opentest4j/1.2.0/opentest4j-1.2.0-sources.jar
2025-03-16 18:30:31,057 [Worker-28: Download sources and javadoc] INFO  o.e.m.j.internal.DownloadSourcesJob - Downloaded sources for org.opentest4j:opentest4j:1.2.0
2025-03-16 18:30:31,347 [Worker-28: Download sources and javadoc] INFO  o.e.m.c.i.e.AbstractTransferListenerAdapter - Downloading https://repo.maven.apache.org/maven2/org/junit/platform/junit-platform-commons/1.8.2/junit-platform-commons-1.8.2-sources.jar
2025-03-16 18:30:31,523 [Worker-28: Download sources and javadoc] INFO  o.e.m.c.i.e.AbstractTransferListenerAdapter - Downloaded https://repo.maven.apache.org/maven2/org/junit/platform/junit-platform-commons/1.8.2/junit-platform-commons-1.8.2-sources.jar
2025-03-16 18:30:31,531 [Worker-28: Download sources and javadoc] INFO  o.e.m.j.internal.DownloadSourcesJob - Downloaded sources for org.junit.platform:junit-platform-commons:1.8.2
2025-03-16 18:30:31,815 [Worker-28: Download sources and javadoc] INFO  o.e.m.c.i.e.AbstractTransferListenerAdapter - Downloading https://repo.maven.apache.org/maven2/org/junit/jupiter/junit-jupiter-params/5.8.2/junit-jupiter-params-5.8.2-sources.jar
2025-03-16 18:30:31,987 [Worker-28: Download sources and javadoc] INFO  o.e.m.c.i.e.AbstractTransferListenerAdapter - Downloaded https://repo.maven.apache.org/maven2/org/junit/jupiter/junit-jupiter-params/5.8.2/junit-jupiter-params-5.8.2-sources.jar
2025-03-16 18:30:31,997 [Worker-28: Download sources and javadoc] INFO  o.e.m.j.internal.DownloadSourcesJob - Downloaded sources for org.junit.jupiter:junit-jupiter-params:5.8.2
2025-03-16 18:30:32,274 [Worker-28: Download sources and javadoc] INFO  o.e.m.c.i.e.AbstractTransferListenerAdapter - Downloading https://repo.maven.apache.org/maven2/org/junit/jupiter/junit-jupiter-engine/5.8.2/junit-jupiter-engine-5.8.2-sources.jar
2025-03-16 18:30:32,550 [Worker-28: Download sources and javadoc] INFO  o.e.m.c.i.e.AbstractTransferListenerAdapter - Downloaded https://repo.maven.apache.org/maven2/org/junit/jupiter/junit-jupiter-engine/5.8.2/junit-jupiter-engine-5.8.2-sources.jar
2025-03-16 18:30:32,563 [Worker-28: Download sources and javadoc] INFO  o.e.m.j.internal.DownloadSourcesJob - Downloaded sources for org.junit.jupiter:junit-jupiter-engine:5.8.2
2025-03-16 18:30:32,847 [Worker-28: Download sources and javadoc] INFO  o.e.m.c.i.e.AbstractTransferListenerAdapter - Downloading https://repo.maven.apache.org/maven2/org/junit/platform/junit-platform-engine/1.8.2/junit-platform-engine-1.8.2-sources.jar
2025-03-16 18:30:33,111 [Worker-28: Download sources and javadoc] INFO  o.e.m.c.i.e.AbstractTransferListenerAdapter - Downloaded https://repo.maven.apache.org/maven2/org/junit/platform/junit-platform-engine/1.8.2/junit-platform-engine-1.8.2-sources.jar
2025-03-16 18:30:33,122 [Worker-28: Download sources and javadoc] INFO  o.e.m.j.internal.DownloadSourcesJob - Downloaded sources for org.junit.platform:junit-platform-engine:1.8.2
2025-03-16 18:30:33,405 [Worker-28: Download sources and javadoc] INFO  o.e.m.c.i.e.AbstractTransferListenerAdapter - Downloading https://repo.maven.apache.org/maven2/org/mockito/mockito-core/4.0.0/mockito-core-4.0.0-sources.jar
2025-03-16 18:30:33,830 [Worker-28: Download sources and javadoc] INFO  o.e.m.c.i.e.AbstractTransferListenerAdapter - Downloaded https://repo.maven.apache.org/maven2/org/mockito/mockito-core/4.0.0/mockito-core-4.0.0-sources.jar
2025-03-16 18:30:33,841 [Worker-28: Download sources and javadoc] INFO  o.e.m.j.internal.DownloadSourcesJob - Downloaded sources for org.mockito:mockito-core:4.0.0
2025-03-16 18:30:34,134 [Worker-28: Download sources and javadoc] INFO  o.e.m.c.i.e.AbstractTransferListenerAdapter - Downloading https://repo.maven.apache.org/maven2/net/bytebuddy/byte-buddy-agent/1.11.22/byte-buddy-agent-1.11.22-sources.jar
2025-03-16 18:30:34,413 [Worker-28: Download sources and javadoc] INFO  o.e.m.c.i.e.AbstractTransferListenerAdapter - Downloaded https://repo.maven.apache.org/maven2/net/bytebuddy/byte-buddy-agent/1.11.22/byte-buddy-agent-1.11.22-sources.jar
2025-03-16 18:30:34,424 [Worker-28: Download sources and javadoc] INFO  o.e.m.j.internal.DownloadSourcesJob - Downloaded sources for net.bytebuddy:byte-buddy-agent:1.11.22
2025-03-16 18:30:34,713 [Worker-28: Download sources and javadoc] INFO  o.e.m.c.i.e.AbstractTransferListenerAdapter - Downloading https://repo.maven.apache.org/maven2/org/objenesis/objenesis/3.2/objenesis-3.2-sources.jar
2025-03-16 18:30:34,877 [Worker-28: Download sources and javadoc] INFO  o.e.m.c.i.e.AbstractTransferListenerAdapter - Downloaded https://repo.maven.apache.org/maven2/org/objenesis/objenesis/3.2/objenesis-3.2-sources.jar
2025-03-16 18:30:34,887 [Worker-28: Download sources and javadoc] INFO  o.e.m.j.internal.DownloadSourcesJob - Downloaded sources for org.objenesis:objenesis:3.2
2025-03-16 18:30:35,171 [Worker-28: Download sources and javadoc] INFO  o.e.m.c.i.e.AbstractTransferListenerAdapter - Downloading https://repo.maven.apache.org/maven2/org/mockito/mockito-junit-jupiter/4.0.0/mockito-junit-jupiter-4.0.0-sources.jar
2025-03-16 18:30:35,290 [Worker-28: Download sources and javadoc] INFO  o.e.m.c.i.e.AbstractTransferListenerAdapter - Downloaded https://repo.maven.apache.org/maven2/org/mockito/mockito-junit-jupiter/4.0.0/mockito-junit-jupiter-4.0.0-sources.jar
2025-03-16 18:30:35,303 [Worker-28: Download sources and javadoc] INFO  o.e.m.j.internal.DownloadSourcesJob - Downloaded sources for org.mockito:mockito-junit-jupiter:4.0.0
2025-03-16 18:30:35,590 [Worker-28: Download sources and javadoc] INFO  o.e.m.c.i.e.AbstractTransferListenerAdapter - Downloading https://repo.maven.apache.org/maven2/org/skyscreamer/jsonassert/1.5.0/jsonassert-1.5.0-sources.jar
2025-03-16 18:30:36,262 [Worker-28: Download sources and javadoc] INFO  o.e.m.c.i.e.AbstractTransferListenerAdapter - Downloaded https://repo.maven.apache.org/maven2/org/skyscreamer/jsonassert/1.5.0/jsonassert-1.5.0-sources.jar
2025-03-16 18:30:36,270 [Worker-28: Download sources and javadoc] INFO  o.e.m.j.internal.DownloadSourcesJob - Downloaded sources for org.skyscreamer:jsonassert:1.5.0
2025-03-16 18:30:36,582 [Worker-28: Download sources and javadoc] INFO  o.e.m.c.i.e.AbstractTransferListenerAdapter - Downloading https://repo.maven.apache.org/maven2/org/springframework/spring-core/5.3.15/spring-core-5.3.15-sources.jar
2025-03-16 18:30:37,130 [Worker-28: Download sources and javadoc] INFO  o.e.m.c.i.e.AbstractTransferListenerAdapter - Downloaded https://repo.maven.apache.org/maven2/org/springframework/spring-core/5.3.15/spring-core-5.3.15-sources.jar
2025-03-16 18:30:37,142 [Worker-28: Download sources and javadoc] INFO  o.e.m.j.internal.DownloadSourcesJob - Downloaded sources for org.springframework:spring-core:5.3.15
2025-03-16 18:30:37,423 [Worker-28: Download sources and javadoc] INFO  o.e.m.c.i.e.AbstractTransferListenerAdapter - Downloading https://repo.maven.apache.org/maven2/org/springframework/spring-jcl/5.3.15/spring-jcl-5.3.15-sources.jar
2025-03-16 18:30:37,788 [Worker-28: Download sources and javadoc] INFO  o.e.m.c.i.e.AbstractTransferListenerAdapter - Downloaded https://repo.maven.apache.org/maven2/org/springframework/spring-jcl/5.3.15/spring-jcl-5.3.15-sources.jar
2025-03-16 18:30:37,796 [Worker-28: Download sources and javadoc] INFO  o.e.m.j.internal.DownloadSourcesJob - Downloaded sources for org.springframework:spring-jcl:5.3.15
2025-03-16 18:30:38,073 [Worker-28: Download sources and javadoc] INFO  o.e.m.c.i.e.AbstractTransferListenerAdapter - Downloading https://repo.maven.apache.org/maven2/org/springframework/spring-test/5.3.15/spring-test-5.3.15-sources.jar
2025-03-16 18:30:38,500 [Worker-28: Download sources and javadoc] INFO  o.e.m.c.i.e.AbstractTransferListenerAdapter - Downloaded https://repo.maven.apache.org/maven2/org/springframework/spring-test/5.3.15/spring-test-5.3.15-sources.jar
2025-03-16 18:30:38,519 [Worker-28: Download sources and javadoc] INFO  o.e.m.j.internal.DownloadSourcesJob - Downloaded sources for org.springframework:spring-test:5.3.15
2025-03-16 18:30:38,789 [Worker-28: Download sources and javadoc] INFO  o.e.m.c.i.e.AbstractTransferListenerAdapter - Downloading https://repo.maven.apache.org/maven2/org/xmlunit/xmlunit-core/2.8.4/xmlunit-core-2.8.4-sources.jar
2025-03-16 18:30:38,970 [Worker-28: Download sources and javadoc] INFO  o.e.m.c.i.e.AbstractTransferListenerAdapter - Downloaded https://repo.maven.apache.org/maven2/org/xmlunit/xmlunit-core/2.8.4/xmlunit-core-2.8.4-sources.jar
2025-03-16 18:30:38,981 [Worker-28: Download sources and javadoc] INFO  o.e.m.j.internal.DownloadSourcesJob - Downloaded sources for org.xmlunit:xmlunit-core:2.8.4
2025-03-16 18:30:39,250 [Worker-28: Download sources and javadoc] INFO  o.e.m.c.i.e.AbstractTransferListenerAdapter - Downloading https://repo.maven.apache.org/maven2/org/springdoc/springdoc-openapi-ui/1.6.14/springdoc-openapi-ui-1.6.14-sources.jar
2025-03-16 18:30:39,710 [Worker-28: Download sources and javadoc] INFO  o.e.m.c.i.e.AbstractTransferListenerAdapter - Downloaded https://repo.maven.apache.org/maven2/org/springdoc/springdoc-openapi-ui/1.6.14/springdoc-openapi-ui-1.6.14-sources.jar
2025-03-16 18:30:39,718 [Worker-28: Download sources and javadoc] INFO  o.e.m.j.internal.DownloadSourcesJob - Downloaded sources for org.springdoc:springdoc-openapi-ui:1.6.14
2025-03-16 18:30:40,003 [Worker-28: Download sources and javadoc] INFO  o.e.m.c.i.e.AbstractTransferListenerAdapter - Downloading https://repo.maven.apache.org/maven2/org/springdoc/springdoc-openapi-webmvc-core/1.6.14/springdoc-openapi-webmvc-core-1.6.14-sources.jar
2025-03-16 18:30:40,644 [Worker-28: Download sources and javadoc] INFO  o.e.m.c.i.e.AbstractTransferListenerAdapter - Downloaded https://repo.maven.apache.org/maven2/org/springdoc/springdoc-openapi-webmvc-core/1.6.14/springdoc-openapi-webmvc-core-1.6.14-sources.jar
2025-03-16 18:30:40,650 [Worker-28: Download sources and javadoc] INFO  o.e.m.j.internal.DownloadSourcesJob - Downloaded sources for org.springdoc:springdoc-openapi-webmvc-core:1.6.14
2025-03-16 18:30:40,926 [Worker-28: Download sources and javadoc] INFO  o.e.m.c.i.e.AbstractTransferListenerAdapter - Downloading https://repo.maven.apache.org/maven2/org/springdoc/springdoc-openapi-common/1.6.14/springdoc-openapi-common-1.6.14-sources.jar
2025-03-16 18:30:41,221 [Worker-28: Download sources and javadoc] INFO  o.e.m.c.i.e.AbstractTransferListenerAdapter - Downloaded https://repo.maven.apache.org/maven2/org/springdoc/springdoc-openapi-common/1.6.14/springdoc-openapi-common-1.6.14-sources.jar
2025-03-16 18:30:41,232 [Worker-28: Download sources and javadoc] INFO  o.e.m.j.internal.DownloadSourcesJob - Downloaded sources for org.springdoc:springdoc-openapi-common:1.6.14
2025-03-16 18:30:41,512 [Worker-28: Download sources and javadoc] INFO  o.e.m.c.i.e.AbstractTransferListenerAdapter - Downloading https://repo.maven.apache.org/maven2/io/swagger/core/v3/swagger-core/2.2.7/swagger-core-2.2.7-sources.jar
2025-03-16 18:30:41,705 [Worker-28: Download sources and javadoc] INFO  o.e.m.c.i.e.AbstractTransferListenerAdapter - Downloaded https://repo.maven.apache.org/maven2/io/swagger/core/v3/swagger-core/2.2.7/swagger-core-2.2.7-sources.jar
2025-03-16 18:30:41,711 [Worker-28: Download sources and javadoc] INFO  o.e.m.j.internal.DownloadSourcesJob - Downloaded sources for io.swagger.core.v3:swagger-core:2.2.7
2025-03-16 18:30:42,019 [Worker-28: Download sources and javadoc] INFO  o.e.m.c.i.e.AbstractTransferListenerAdapter - Downloading https://repo.maven.apache.org/maven2/org/apache/commons/commons-lang3/3.12.0/commons-lang3-3.12.0-sources.jar
2025-03-16 18:30:42,511 [Worker-28: Download sources and javadoc] INFO  o.e.m.c.i.e.AbstractTransferListenerAdapter - Downloaded https://repo.maven.apache.org/maven2/org/apache/commons/commons-lang3/3.12.0/commons-lang3-3.12.0-sources.jar
2025-03-16 18:30:42,521 [Worker-28: Download sources and javadoc] INFO  o.e.m.j.internal.DownloadSourcesJob - Downloaded sources for org.apache.commons:commons-lang3:3.12.0
2025-03-16 18:30:42,812 [Worker-28: Download sources and javadoc] INFO  o.e.m.c.i.e.AbstractTransferListenerAdapter - Downloading https://repo.maven.apache.org/maven2/com/fasterxml/jackson/dataformat/jackson-dataformat-yaml/2.13.1/jackson-dataformat-yaml-2.13.1-sources.jar
2025-03-16 18:30:43,737 [Worker-28: Download sources and javadoc] INFO  o.e.m.c.i.e.AbstractTransferListenerAdapter - Downloaded https://repo.maven.apache.org/maven2/com/fasterxml/jackson/dataformat/jackson-dataformat-yaml/2.13.1/jackson-dataformat-yaml-2.13.1-sources.jar
2025-03-16 18:30:43,744 [Worker-28: Download sources and javadoc] INFO  o.e.m.j.internal.DownloadSourcesJob - Downloaded sources for com.fasterxml.jackson.dataformat:jackson-dataformat-yaml:2.13.1
2025-03-16 18:30:44,027 [Worker-28: Download sources and javadoc] INFO  o.e.m.c.i.e.AbstractTransferListenerAdapter - Downloading https://repo.maven.apache.org/maven2/io/swagger/core/v3/swagger-annotations/2.2.7/swagger-annotations-2.2.7-sources.jar
2025-03-16 18:30:45,444 [Worker-28: Download sources and javadoc] INFO  o.e.m.c.i.e.AbstractTransferListenerAdapter - Downloaded https://repo.maven.apache.org/maven2/io/swagger/core/v3/swagger-annotations/2.2.7/swagger-annotations-2.2.7-sources.jar
2025-03-16 18:30:45,450 [Worker-28: Download sources and javadoc] INFO  o.e.m.j.internal.DownloadSourcesJob - Downloaded sources for io.swagger.core.v3:swagger-annotations:2.2.7
2025-03-16 18:30:45,724 [Worker-28: Download sources and javadoc] INFO  o.e.m.c.i.e.AbstractTransferListenerAdapter - Downloading https://repo.maven.apache.org/maven2/io/swagger/core/v3/swagger-models/2.2.7/swagger-models-2.2.7-sources.jar
2025-03-16 18:30:45,886 [Worker-28: Download sources and javadoc] INFO  o.e.m.c.i.e.AbstractTransferListenerAdapter - Downloaded https://repo.maven.apache.org/maven2/io/swagger/core/v3/swagger-models/2.2.7/swagger-models-2.2.7-sources.jar
2025-03-16 18:30:45,896 [Worker-28: Download sources and javadoc] INFO  o.e.m.j.internal.DownloadSourcesJob - Downloaded sources for io.swagger.core.v3:swagger-models:2.2.7
2025-03-16 18:30:46,343 [Worker-28: Download sources and javadoc] INFO  o.e.m.c.i.e.AbstractTransferListenerAdapter - Downloaded https://repo.maven.apache.org/maven2/org/webjars/swagger-ui/4.15.5/swagger-ui-4.15.5-sources.jar
2025-03-16 18:30:46,358 [Worker-28: Download sources and javadoc] ERROR o.e.m.j.internal.DownloadSourcesJob - Could not download sources for org.webjars:swagger-ui:4.15.5
org.eclipse.core.runtime.CoreException: Could not resolve artifact org.webjars:swagger-ui:jar:sources:4.15.5
	at org.eclipse.m2e.core.internal.embedder.MavenImpl.lambda$7(MavenImpl.java:540)
	at org.eclipse.m2e.core.internal.embedder.MavenExecutionContext.executeBare(MavenExecutionContext.java:458)
	at org.eclipse.m2e.core.internal.embedder.MavenExecutionContext.execute(MavenExecutionContext.java:292)
	at org.eclipse.m2e.core.internal.embedder.MavenExecutionContext.execute(MavenExecutionContext.java:278)
	at org.eclipse.m2e.core.internal.embedder.MavenImpl.resolve(MavenImpl.java:509)
	at org.eclipse.m2e.core.internal.embedder.MavenImpl.resolve(MavenImpl.java:494)
	at org.eclipse.m2e.jdt.internal.DownloadSourcesJob.download(DownloadSourcesJob.java:308)
	at org.eclipse.m2e.jdt.internal.DownloadSourcesJob.downloadAttachments(DownloadSourcesJob.java:282)
	at org.eclipse.m2e.jdt.internal.DownloadSourcesJob.downloadMaven(DownloadSourcesJob.java:252)
	at org.eclipse.m2e.jdt.internal.DownloadSourcesJob.downloadFilesAndPopulateToUpdate(DownloadSourcesJob.java:220)
	at org.eclipse.m2e.jdt.internal.DownloadSourcesJob.lambda$0(DownloadSourcesJob.java:149)
	at org.eclipse.m2e.core.internal.embedder.MavenExecutionContext.executeBare(MavenExecutionContext.java:458)
	at org.eclipse.m2e.core.internal.embedder.MavenExecutionContext.execute(MavenExecutionContext.java:339)
	at org.eclipse.m2e.core.internal.embedder.MavenExecutionContext.execute(MavenExecutionContext.java:278)
	at org.eclipse.m2e.core.embedder.IMaven.execute(IMaven.java:300)
	at org.eclipse.m2e.jdt.internal.DownloadSourcesJob.run(DownloadSourcesJob.java:149)
	at org.eclipse.core.internal.jobs.Worker.run(Worker.java:63)
2025-03-16 18:30:46,631 [Worker-28: Download sources and javadoc] INFO  o.e.m.c.i.e.AbstractTransferListenerAdapter - Downloading https://repo.maven.apache.org/maven2/org/webjars/webjars-locator-core/0.48/webjars-locator-core-0.48-sources.jar
2025-03-16 18:30:46,801 [Worker-28: Download sources and javadoc] INFO  o.e.m.c.i.e.AbstractTransferListenerAdapter - Downloaded https://repo.maven.apache.org/maven2/org/webjars/webjars-locator-core/0.48/webjars-locator-core-0.48-sources.jar
2025-03-16 18:30:46,809 [Worker-28: Download sources and javadoc] INFO  o.e.m.j.internal.DownloadSourcesJob - Downloaded sources for org.webjars:webjars-locator-core:0.48
2025-03-16 18:30:47,104 [Worker-28: Download sources and javadoc] INFO  o.e.m.c.i.e.AbstractTransferListenerAdapter - Downloading https://repo.maven.apache.org/maven2/com/fasterxml/jackson/core/jackson-core/2.13.1/jackson-core-2.13.1-sources.jar
2025-03-16 18:30:47,477 [Worker-28: Download sources and javadoc] INFO  o.e.m.c.i.e.AbstractTransferListenerAdapter - Downloaded https://repo.maven.apache.org/maven2/com/fasterxml/jackson/core/jackson-core/2.13.1/jackson-core-2.13.1-sources.jar
2025-03-16 18:30:47,487 [Worker-28: Download sources and javadoc] INFO  o.e.m.j.internal.DownloadSourcesJob - Downloaded sources for com.fasterxml.jackson.core:jackson-core:2.13.1
2025-03-16 18:30:47,759 [Worker-28: Download sources and javadoc] INFO  o.e.m.c.i.e.AbstractTransferListenerAdapter - Downloading https://repo.maven.apache.org/maven2/io/github/classgraph/classgraph/4.8.149/classgraph-4.8.149-sources.jar
2025-03-16 18:30:48,176 [Worker-28: Download sources and javadoc] INFO  o.e.m.c.i.e.AbstractTransferListenerAdapter - Downloaded https://repo.maven.apache.org/maven2/io/github/classgraph/classgraph/4.8.149/classgraph-4.8.149-sources.jar
2025-03-16 18:30:48,188 [Worker-28: Download sources and javadoc] INFO  o.e.m.j.internal.DownloadSourcesJob - Downloaded sources for io.github.classgraph:classgraph:4.8.149
2025-03-16 18:30:48,467 [Worker-28: Download sources and javadoc] INFO  o.e.m.c.i.e.AbstractTransferListenerAdapter - Downloading https://repo.maven.apache.org/maven2/org/springframework/boot/spring-boot-starter-validation/2.6.3/spring-boot-starter-validation-2.6.3-sources.jar
2025-03-16 18:30:48,567 [Worker-28: Download sources and javadoc] INFO  o.e.m.c.i.e.AbstractTransferListenerAdapter - Downloaded https://repo.maven.apache.org/maven2/org/springframework/boot/spring-boot-starter-validation/2.6.3/spring-boot-starter-validation-2.6.3-sources.jar
2025-03-16 18:30:48,575 [Worker-28: Download sources and javadoc] INFO  o.e.m.j.internal.DownloadSourcesJob - Downloaded sources for org.springframework.boot:spring-boot-starter-validation:2.6.3
2025-03-16 18:30:48,858 [Worker-28: Download sources and javadoc] INFO  o.e.m.c.i.e.AbstractTransferListenerAdapter - Downloading https://repo.maven.apache.org/maven2/org/apache/tomcat/embed/tomcat-embed-el/9.0.56/tomcat-embed-el-9.0.56-sources.jar
2025-03-16 18:30:49,144 [Worker-28: Download sources and javadoc] INFO  o.e.m.c.i.e.AbstractTransferListenerAdapter - Downloaded https://repo.maven.apache.org/maven2/org/apache/tomcat/embed/tomcat-embed-el/9.0.56/tomcat-embed-el-9.0.56-sources.jar
2025-03-16 18:30:49,157 [Worker-28: Download sources and javadoc] INFO  o.e.m.j.internal.DownloadSourcesJob - Downloaded sources for org.apache.tomcat.embed:tomcat-embed-el:9.0.56
2025-03-16 18:30:49,445 [Worker-28: Download sources and javadoc] INFO  o.e.m.c.i.e.AbstractTransferListenerAdapter - Downloading https://repo.maven.apache.org/maven2/org/hibernate/validator/hibernate-validator/6.2.0.Final/hibernate-validator-6.2.0.Final-sources.jar
2025-03-16 18:30:49,927 [Worker-28: Download sources and javadoc] INFO  o.e.m.c.i.e.AbstractTransferListenerAdapter - Downloaded https://repo.maven.apache.org/maven2/org/hibernate/validator/hibernate-validator/6.2.0.Final/hibernate-validator-6.2.0.Final-sources.jar
2025-03-16 18:30:49,939 [Worker-28: Download sources and javadoc] INFO  o.e.m.j.internal.DownloadSourcesJob - Downloaded sources for org.hibernate.validator:hibernate-validator:6.2.0.Final
2025-03-16 18:30:50,227 [Worker-28: Download sources and javadoc] INFO  o.e.m.c.i.e.AbstractTransferListenerAdapter - Downloading https://repo.maven.apache.org/maven2/jakarta/validation/jakarta.validation-api/2.0.2/jakarta.validation-api-2.0.2-sources.jar
2025-03-16 18:30:50,415 [Worker-28: Download sources and javadoc] INFO  o.e.m.c.i.e.AbstractTransferListenerAdapter - Downloaded https://repo.maven.apache.org/maven2/jakarta/validation/jakarta.validation-api/2.0.2/jakarta.validation-api-2.0.2-sources.jar
2025-03-16 18:30:50,426 [Worker-28: Download sources and javadoc] INFO  o.e.m.j.internal.DownloadSourcesJob - Downloaded sources for jakarta.validation:jakarta.validation-api:2.0.2
2025-03-16 19:14:10,156 [Worker-37: Building] INFO  o.a.m.s.f.DefaultMavenResourcesFiltering - Copying 1 resource from src\main\resources to target\classes
2025-03-16 19:14:10,180 [Worker-37: Building] INFO  o.a.m.s.f.DefaultMavenResourcesFiltering - Copying 0 resource from src\main\resources to target\classes
2025-03-16 19:14:10,194 [Worker-37: Building] INFO  o.a.m.s.f.DefaultMavenResourcesFiltering - skip non existing resourceDirectory D:\Desenvolvimento Software\PetAmigo\API\login\src\test\resources
2025-03-16 19:15:35,347 [Worker-27: Building] INFO  o.a.m.s.f.DefaultMavenResourcesFiltering - Copying 1 resource from src\main\resources to target\classes
2025-03-16 19:15:35,358 [Worker-27: Building] INFO  o.a.m.s.f.DefaultMavenResourcesFiltering - Copying 0 resource from src\main\resources to target\classes
2025-03-16 19:15:35,365 [Worker-27: Building] INFO  o.a.m.s.f.DefaultMavenResourcesFiltering - skip non existing resourceDirectory D:\Desenvolvimento Software\PetAmigo\API\login\src\test\resources
2025-03-16 19:25:28,946 [Worker-37: Building] INFO  o.a.m.s.f.DefaultMavenResourcesFiltering - Copying 1 resource from src\main\resources to target\classes
2025-03-16 19:25:28,960 [Worker-37: Building] INFO  o.a.m.s.f.DefaultMavenResourcesFiltering - skip non existing resourceDirectory D:\Desenvolvimento Software\PetAmigo\API\login\src\test\resources
2025-03-18 19:44:25,703 [Worker-1: Loading available Gradle versions] INFO  o.e.b.c.i.u.g.PublishedGradleVersions - Gradle version information cache is out-of-date. Trying to update.
2025-03-18 19:47:21,261 [Worker-6: Building] INFO  o.a.m.s.f.DefaultMavenResourcesFiltering - Copying 1 resource from src\main\resources to target\classes
2025-03-18 19:47:21,296 [Worker-6: Building] INFO  o.a.m.s.f.DefaultMavenResourcesFiltering - skip non existing resourceDirectory D:\Desenvolvimento Software\PetAmigo\API\login\src\test\resources
2025-03-18 19:55:27,897 [Worker-28: Updating Maven Project] INFO  o.e.m.c.i.p.ProjectConfigurationManager - Update started
2025-03-18 19:55:31,193 [Worker-28: Updating Maven Project] INFO  o.e.m.c.i.l.LifecycleMappingFactory - Using org.eclipse.m2e.jdt.JarLifecycleMapping lifecycle mapping for MavenProject: com.petamigo:login:0.0.1-SNAPSHOT @ D:\Desenvolvimento Software\PetAmigo\API\login\pom.xml.
2025-03-18 19:55:32,520 [Worker-28: Updating Maven Project] INFO  o.e.m.j.i.AbstractJavaProjectConfigurator - Adding source folder /login/src/main/java
2025-03-18 19:55:32,522 [Worker-28: Updating Maven Project] INFO  o.e.m.j.i.AbstractJavaProjectConfigurator - Adding resource folder /login/src/main/resources
2025-03-18 19:55:32,523 [Worker-28: Updating Maven Project] INFO  o.e.m.j.i.AbstractJavaProjectConfigurator - Adding resource folder /login/src/main/resources
2025-03-18 19:55:32,524 [Worker-28: Updating Maven Project] INFO  o.e.m.j.i.AbstractJavaProjectConfigurator - Adding source folder /login/src/test/java
2025-03-18 19:55:32,525 [Worker-28: Updating Maven Project] INFO  o.e.m.j.i.AbstractJavaProjectConfigurator - Adding resource folder /login/src/test/resources
2025-03-18 19:55:33,116 [Worker-28: Updating Maven Project] INFO  o.e.m.c.i.p.ProjectConfigurationManager - Update completed for 1 poms: local refresh takes 0,00 sec, refresh facades takes 4,00 sec, update config takes 0,00 sec 
2025-03-18 19:55:33,548 [Worker-29: Building] INFO  o.a.m.s.f.DefaultMavenResourcesFiltering - Copying 1 resource from src\main\resources to target\classes
2025-03-18 19:55:33,569 [Worker-29: Building] INFO  o.a.m.s.f.DefaultMavenResourcesFiltering - skip non existing resourceDirectory D:\Desenvolvimento Software\PetAmigo\API\login\src\test\resources
2025-03-18 19:56:05,205 [Worker-29: Launching LoginApplication] INFO  o.a.m.s.f.DefaultMavenResourcesFiltering - Copying 1 resource from src\main\resources to target\classes
2025-03-18 19:56:05,221 [Worker-29: Launching LoginApplication] INFO  o.a.m.s.f.DefaultMavenResourcesFiltering - skip non existing resourceDirectory D:\Desenvolvimento Software\PetAmigo\API\login\src\test\resources
2025-03-18 20:04:42,356 [Worker-33: Building] INFO  o.a.m.s.f.DefaultMavenResourcesFiltering - Copying 1 resource from src\main\resources to target\classes
2025-03-18 20:04:42,388 [Worker-33: Building] INFO  o.a.m.s.f.DefaultMavenResourcesFiltering - skip non existing resourceDirectory D:\Desenvolvimento Software\PetAmigo\API\login\src\test\resources
2025-03-18 20:04:57,470 [Worker-33: Building] INFO  o.a.m.s.f.DefaultMavenResourcesFiltering - Copying 1 resource from src\main\resources to target\classes
2025-03-18 20:04:57,475 [Worker-33: Building] INFO  o.a.m.s.f.DefaultMavenResourcesFiltering - skip non existing resourceDirectory D:\Desenvolvimento Software\PetAmigo\API\login\src\test\resources
2025-03-18 20:09:13,023 [Worker-38: Building] INFO  o.e.m.c.i.l.LifecycleMappingFactory - Using org.eclipse.m2e.jdt.JarLifecycleMapping lifecycle mapping for MavenProject: com.petamigo:login:0.0.1-SNAPSHOT @ D:\Desenvolvimento Software\PetAmigo\API\login\pom.xml.
2025-03-18 20:09:13,931 [Worker-38: Building] INFO  o.e.m.c.i.e.AbstractTransferListenerAdapter - Downloading https://repo.maven.apache.org/maven2/com/oracle/database/jdbc/ojdbc8/19.8.0.0/ojdbc8-19.8.0.0.pom
2025-03-18 20:09:13,984 [Worker-38: Building] INFO  o.e.m.c.i.e.AbstractTransferListenerAdapter - Downloaded https://repo.maven.apache.org/maven2/com/oracle/database/jdbc/ojdbc8/19.8.0.0/ojdbc8-19.8.0.0.pom
2025-03-18 20:09:14,347 [Worker-38: Building] INFO  o.e.m.c.i.e.AbstractTransferListenerAdapter - Downloading https://repo.maven.apache.org/maven2/com/oracle/database/jdbc/ojdbc8/19.8.0.0/ojdbc8-19.8.0.0.jar
2025-03-18 20:09:15,087 [Worker-38: Building] INFO  o.e.m.c.i.e.AbstractTransferListenerAdapter - Downloaded https://repo.maven.apache.org/maven2/com/oracle/database/jdbc/ojdbc8/19.8.0.0/ojdbc8-19.8.0.0.jar
2025-03-18 20:09:15,690 [Worker-38: Building] INFO  o.a.m.s.f.DefaultMavenResourcesFiltering - Copying 1 resource from src\main\resources to target\classes
2025-03-18 20:09:15,710 [Worker-38: Building] INFO  o.a.m.s.f.DefaultMavenResourcesFiltering - skip non existing resourceDirectory D:\Desenvolvimento Software\PetAmigo\API\login\src\test\resources
2025-03-18 20:09:16,710 [Worker-37: Download sources and javadoc] INFO  o.e.m.c.i.e.AbstractTransferListenerAdapter - Downloading https://repo.maven.apache.org/maven2/com/oracle/database/jdbc/ojdbc8/19.8.0.0/ojdbc8-19.8.0.0-sources.jar
2025-03-18 20:09:16,745 [Worker-37: Download sources and javadoc] INFO  o.e.m.c.i.e.AbstractTransferListenerAdapter - Downloaded https://repo.maven.apache.org/maven2/com/oracle/database/jdbc/ojdbc8/19.8.0.0/ojdbc8-19.8.0.0-sources.jar
2025-03-18 20:09:16,752 [Worker-37: Download sources and javadoc] INFO  o.e.m.j.internal.DownloadSourcesJob - Downloaded sources for com.oracle.database.jdbc:ojdbc8:19.8.0.0
2025-03-18 20:09:17,709 [Worker-37: Building] INFO  o.a.m.s.f.DefaultMavenResourcesFiltering - Copying 1 resource from src\main\resources to target\classes
2025-03-18 20:09:17,724 [Worker-37: Building] INFO  o.a.m.s.f.DefaultMavenResourcesFiltering - skip non existing resourceDirectory D:\Desenvolvimento Software\PetAmigo\API\login\src\test\resources
2025-03-18 20:09:40,691 [Worker-38: Building] INFO  o.a.m.s.f.DefaultMavenResourcesFiltering - Copying 1 resource from src\main\resources to target\classes
2025-03-18 20:09:40,695 [Worker-38: Building] INFO  o.a.m.s.f.DefaultMavenResourcesFiltering - skip non existing resourceDirectory D:\Desenvolvimento Software\PetAmigo\API\login\src\test\resources
2025-03-18 20:09:58,745 [Worker-37: Updating Maven Project] INFO  o.e.m.c.i.p.ProjectConfigurationManager - Update started
2025-03-18 20:09:59,308 [Worker-37: Updating Maven Project] INFO  o.e.m.c.i.l.LifecycleMappingFactory - Using org.eclipse.m2e.jdt.JarLifecycleMapping lifecycle mapping for MavenProject: com.petamigo:login:0.0.1-SNAPSHOT @ D:\Desenvolvimento Software\PetAmigo\API\login\pom.xml.
2025-03-18 20:10:00,134 [Worker-37: Updating Maven Project] INFO  o.e.m.j.i.AbstractJavaProjectConfigurator - Adding source folder /login/src/main/java
2025-03-18 20:10:00,135 [Worker-37: Updating Maven Project] INFO  o.e.m.j.i.AbstractJavaProjectConfigurator - Adding resource folder /login/src/main/resources
2025-03-18 20:10:00,136 [Worker-37: Updating Maven Project] INFO  o.e.m.j.i.AbstractJavaProjectConfigurator - Adding resource folder /login/src/main/resources
2025-03-18 20:10:00,136 [Worker-37: Updating Maven Project] INFO  o.e.m.j.i.AbstractJavaProjectConfigurator - Adding source folder /login/src/test/java
2025-03-18 20:10:00,137 [Worker-37: Updating Maven Project] INFO  o.e.m.j.i.AbstractJavaProjectConfigurator - Adding resource folder /login/src/test/resources
2025-03-18 20:10:00,460 [Worker-37: Updating Maven Project] INFO  o.e.m.c.i.p.ProjectConfigurationManager - Update completed for 1 poms: local refresh takes 0,00 sec, refresh facades takes 1,00 sec, update config takes 0,00 sec 
2025-03-18 20:10:00,809 [Worker-27: Building] INFO  o.a.m.s.f.DefaultMavenResourcesFiltering - Copying 1 resource from src\main\resources to target\classes
2025-03-18 20:10:00,829 [Worker-27: Building] INFO  o.a.m.s.f.DefaultMavenResourcesFiltering - skip non existing resourceDirectory D:\Desenvolvimento Software\PetAmigo\API\login\src\test\resources
2025-03-18 20:10:20,562 [Worker-27: Building] INFO  o.a.m.s.f.DefaultMavenResourcesFiltering - Copying 1 resource from src\main\resources to target\classes
2025-03-18 20:10:20,583 [Worker-27: Building] INFO  o.a.m.s.f.DefaultMavenResourcesFiltering - skip non existing resourceDirectory D:\Desenvolvimento Software\PetAmigo\API\login\src\test\resources
2025-03-18 20:11:25,169 [Worker-52: Building] INFO  o.a.m.s.f.DefaultMavenResourcesFiltering - Copying 1 resource from src\main\resources to target\classes
2025-03-18 20:11:25,178 [Worker-52: Building] INFO  o.a.m.s.f.DefaultMavenResourcesFiltering - skip non existing resourceDirectory D:\Desenvolvimento Software\PetAmigo\API\login\src\test\resources
2025-03-18 20:12:08,724 [Worker-2: Loading available Gradle versions] INFO  o.e.b.c.i.u.g.PublishedGradleVersions - Gradle version information cache is up-to-date. Trying to read.
2025-03-18 20:15:45,858 [Worker-7: Building] INFO  o.a.m.s.f.DefaultMavenResourcesFiltering - Copying 1 resource from src\main\resources to target\classes
2025-03-18 20:15:45,888 [Worker-7: Building] INFO  o.a.m.s.f.DefaultMavenResourcesFiltering - skip non existing resourceDirectory D:\Desenvolvimento Software\PetAmigo\API\login\src\test\resources
2025-03-18 20:16:02,109 [Worker-6: Updating Maven Project] INFO  o.e.m.c.i.p.ProjectConfigurationManager - Update started
2025-03-18 20:16:02,968 [Worker-6: Updating Maven Project] INFO  o.e.m.c.i.l.LifecycleMappingFactory - Using org.eclipse.m2e.jdt.JarLifecycleMapping lifecycle mapping for MavenProject: com.petamigo:login:0.0.1-SNAPSHOT @ D:\Desenvolvimento Software\PetAmigo\API\login\pom.xml.
2025-03-18 20:16:04,144 [Worker-6: Updating Maven Project] INFO  o.e.m.j.i.AbstractJavaProjectConfigurator - Adding source folder /login/src/main/java
2025-03-18 20:16:04,148 [Worker-6: Updating Maven Project] INFO  o.e.m.j.i.AbstractJavaProjectConfigurator - Adding resource folder /login/src/main/resources
2025-03-18 20:16:04,149 [Worker-6: Updating Maven Project] INFO  o.e.m.j.i.AbstractJavaProjectConfigurator - Adding resource folder /login/src/main/resources
2025-03-18 20:16:04,150 [Worker-6: Updating Maven Project] INFO  o.e.m.j.i.AbstractJavaProjectConfigurator - Adding source folder /login/src/test/java
2025-03-18 20:16:04,151 [Worker-6: Updating Maven Project] INFO  o.e.m.j.i.AbstractJavaProjectConfigurator - Adding resource folder /login/src/test/resources
2025-03-18 20:16:04,491 [Worker-6: Updating Maven Project] INFO  o.e.m.c.i.p.ProjectConfigurationManager - Update completed for 1 poms: local refresh takes 0,00 sec, refresh facades takes 1,00 sec, update config takes 0,00 sec 
2025-03-18 20:16:04,847 [Worker-7: Building] INFO  o.a.m.s.f.DefaultMavenResourcesFiltering - Copying 1 resource from src\main\resources to target\classes
2025-03-18 20:16:04,870 [Worker-7: Building] INFO  o.a.m.s.f.DefaultMavenResourcesFiltering - skip non existing resourceDirectory D:\Desenvolvimento Software\PetAmigo\API\login\src\test\resources
2025-03-18 20:17:00,450 [Worker-6: Building] INFO  o.e.m.c.i.l.LifecycleMappingFactory - Using org.eclipse.m2e.jdt.JarLifecycleMapping lifecycle mapping for MavenProject: com.petamigo:login:0.0.1-SNAPSHOT @ D:\Desenvolvimento Software\PetAmigo\API\login\pom.xml.
2025-03-18 20:17:01,363 [Worker-6: Building] INFO  o.a.m.s.f.DefaultMavenResourcesFiltering - Copying 1 resource from src\main\resources to target\classes
2025-03-18 20:17:01,381 [Worker-6: Building] INFO  o.a.m.s.f.DefaultMavenResourcesFiltering - skip non existing resourceDirectory D:\Desenvolvimento Software\PetAmigo\API\login\src\test\resources
2025-03-18 20:22:05,581 [Worker-12: Building] INFO  o.a.m.s.f.DefaultMavenResourcesFiltering - Copying 1 resource from src\main\resources to target\classes
2025-03-18 20:22:05,591 [Worker-12: Building] INFO  o.a.m.s.f.DefaultMavenResourcesFiltering - Copying 0 resource from src\main\resources to target\classes
2025-03-18 20:22:05,594 [Worker-12: Building] INFO  o.a.m.s.f.DefaultMavenResourcesFiltering - skip non existing resourceDirectory D:\Desenvolvimento Software\PetAmigo\API\login\src\test\resources
2025-03-18 20:22:11,757 [Worker-13: Building] INFO  o.a.m.s.f.DefaultMavenResourcesFiltering - Copying 1 resource from src\main\resources to target\classes
2025-03-18 20:22:11,765 [Worker-13: Building] INFO  o.a.m.s.f.DefaultMavenResourcesFiltering - Copying 0 resource from src\main\resources to target\classes
2025-03-18 20:22:11,770 [Worker-13: Building] INFO  o.a.m.s.f.DefaultMavenResourcesFiltering - skip non existing resourceDirectory D:\Desenvolvimento Software\PetAmigo\API\login\src\test\resources
2025-03-18 20:24:49,476 [Worker-12: Building] INFO  o.a.m.s.f.DefaultMavenResourcesFiltering - Copying 1 resource from src\main\resources to target\classes
2025-03-18 20:24:49,483 [Worker-12: Building] INFO  o.a.m.s.f.DefaultMavenResourcesFiltering - Copying 0 resource from src\main\resources to target\classes
2025-03-18 20:24:49,487 [Worker-12: Building] INFO  o.a.m.s.f.DefaultMavenResourcesFiltering - skip non existing resourceDirectory D:\Desenvolvimento Software\PetAmigo\API\login\src\test\resources
2025-03-18 20:28:35,350 [Worker-30: Building] INFO  o.e.m.c.i.l.LifecycleMappingFactory - Using org.eclipse.m2e.jdt.JarLifecycleMapping lifecycle mapping for MavenProject: com.petamigo:login:0.0.1-SNAPSHOT @ D:\Desenvolvimento Software\PetAmigo\API\login\pom.xml.
2025-03-18 20:28:36,320 [Worker-30: Building] INFO  o.e.m.c.i.e.AbstractTransferListenerAdapter - Downloading https://repo.maven.apache.org/maven2/com/oracle/database/jdbc/ojdbc8/23.7.0.25.01/ojdbc8-23.7.0.25.01.pom
2025-03-18 20:28:36,363 [Worker-30: Building] INFO  o.e.m.c.i.e.AbstractTransferListenerAdapter - Downloaded https://repo.maven.apache.org/maven2/com/oracle/database/jdbc/ojdbc8/23.7.0.25.01/ojdbc8-23.7.0.25.01.pom
2025-03-18 20:28:36,768 [Worker-30: Building] INFO  o.e.m.c.i.e.AbstractTransferListenerAdapter - Downloading https://repo.maven.apache.org/maven2/com/oracle/database/jdbc/ojdbc8/23.7.0.25.01/ojdbc8-23.7.0.25.01.jar
2025-03-18 20:28:37,498 [Worker-30: Building] INFO  o.e.m.c.i.e.AbstractTransferListenerAdapter - Downloaded https://repo.maven.apache.org/maven2/com/oracle/database/jdbc/ojdbc8/23.7.0.25.01/ojdbc8-23.7.0.25.01.jar
2025-03-18 20:28:37,977 [Worker-30: Building] INFO  o.a.m.s.f.DefaultMavenResourcesFiltering - Copying 0 resource from src\main\resources to target\classes
2025-03-18 20:28:37,978 [Worker-30: Building] INFO  o.a.m.s.f.DefaultMavenResourcesFiltering - Copying 0 resource from src\main\resources to target\classes
2025-03-18 20:28:37,984 [Worker-30: Building] INFO  o.a.m.s.f.DefaultMavenResourcesFiltering - skip non existing resourceDirectory D:\Desenvolvimento Software\PetAmigo\API\login\src\test\resources
2025-03-18 20:28:39,063 [Worker-27: Download sources and javadoc] INFO  o.e.m.c.i.e.AbstractTransferListenerAdapter - Downloading https://repo.maven.apache.org/maven2/com/oracle/database/jdbc/ojdbc8/23.7.0.25.01/ojdbc8-23.7.0.25.01-sources.jar
2025-03-18 20:28:39,109 [Worker-27: Download sources and javadoc] INFO  o.e.m.c.i.e.AbstractTransferListenerAdapter - Downloaded https://repo.maven.apache.org/maven2/com/oracle/database/jdbc/ojdbc8/23.7.0.25.01/ojdbc8-23.7.0.25.01-sources.jar
2025-03-18 20:28:39,118 [Worker-27: Download sources and javadoc] INFO  o.e.m.j.internal.DownloadSourcesJob - Downloaded sources for com.oracle.database.jdbc:ojdbc8:23.7.0.25.01
2025-03-18 20:28:39,719 [Worker-27: Building] INFO  o.a.m.s.f.DefaultMavenResourcesFiltering - Copying 1 resource from src\main\resources to target\classes
2025-03-18 20:28:39,733 [Worker-27: Building] INFO  o.a.m.s.f.DefaultMavenResourcesFiltering - Copying 0 resource from src\main\resources to target\classes
2025-03-18 20:28:39,735 [Worker-27: Building] INFO  o.a.m.s.f.DefaultMavenResourcesFiltering - skip non existing resourceDirectory D:\Desenvolvimento Software\PetAmigo\API\login\src\test\resources
2025-03-18 20:29:06,565 [Worker-27: Building] INFO  o.a.m.s.f.DefaultMavenResourcesFiltering - Copying 1 resource from src\main\resources to target\classes
2025-03-18 20:29:06,568 [Worker-27: Building] INFO  o.a.m.s.f.DefaultMavenResourcesFiltering - Copying 0 resource from src\main\resources to target\classes
2025-03-18 20:29:06,571 [Worker-27: Building] INFO  o.a.m.s.f.DefaultMavenResourcesFiltering - skip non existing resourceDirectory D:\Desenvolvimento Software\PetAmigo\API\login\src\test\resources
2025-03-18 20:29:26,413 [Worker-27: Updating Maven Project] INFO  o.e.m.c.i.p.ProjectConfigurationManager - Update started
2025-03-18 20:29:26,876 [Worker-27: Updating Maven Project] INFO  o.e.m.c.i.l.LifecycleMappingFactory - Using org.eclipse.m2e.jdt.JarLifecycleMapping lifecycle mapping for MavenProject: com.petamigo:login:0.0.1-SNAPSHOT @ D:\Desenvolvimento Software\PetAmigo\API\login\pom.xml.
2025-03-18 20:29:27,614 [Worker-27: Updating Maven Project] INFO  o.e.m.j.i.AbstractJavaProjectConfigurator - Adding source folder /login/src/main/java
2025-03-18 20:29:27,615 [Worker-27: Updating Maven Project] INFO  o.e.m.j.i.AbstractJavaProjectConfigurator - Adding resource folder /login/src/main/resources
2025-03-18 20:29:27,617 [Worker-27: Updating Maven Project] INFO  o.e.m.j.i.AbstractJavaProjectConfigurator - Adding resource folder /login/src/main/resources
2025-03-18 20:29:27,617 [Worker-27: Updating Maven Project] INFO  o.e.m.j.i.AbstractJavaProjectConfigurator - Adding source folder /login/src/test/java
2025-03-18 20:29:27,618 [Worker-27: Updating Maven Project] INFO  o.e.m.j.i.AbstractJavaProjectConfigurator - Adding resource folder /login/src/test/resources
2025-03-18 20:29:27,957 [Worker-27: Updating Maven Project] INFO  o.e.m.c.i.p.ProjectConfigurationManager - Update completed for 1 poms: local refresh takes 0,00 sec, refresh facades takes 1,00 sec, update config takes 0,00 sec 
2025-03-18 20:29:28,295 [Worker-30: Building] INFO  o.a.m.s.f.DefaultMavenResourcesFiltering - Copying 1 resource from src\main\resources to target\classes
2025-03-18 20:29:28,310 [Worker-30: Building] INFO  o.a.m.s.f.DefaultMavenResourcesFiltering - Copying 0 resource from src\main\resources to target\classes
2025-03-18 20:29:28,315 [Worker-30: Building] INFO  o.a.m.s.f.DefaultMavenResourcesFiltering - skip non existing resourceDirectory D:\Desenvolvimento Software\PetAmigo\API\login\src\test\resources
2025-03-18 20:30:00,697 [Worker-25: Building] INFO  o.e.m.c.i.l.LifecycleMappingFactory - Using org.eclipse.m2e.jdt.JarLifecycleMapping lifecycle mapping for MavenProject: com.petamigo:login:0.0.1-SNAPSHOT @ D:\Desenvolvimento Software\PetAmigo\API\login\pom.xml.
2025-03-18 20:30:01,252 [Worker-25: Building] INFO  o.e.m.c.i.e.AbstractTransferListenerAdapter - Downloading https://repo.maven.apache.org/maven2/com/oracle/database/jdbc/ojdbc11/23.7.0.25.01/ojdbc11-23.7.0.25.01.pom
2025-03-18 20:30:01,301 [Worker-25: Building] INFO  o.e.m.c.i.e.AbstractTransferListenerAdapter - Downloaded https://repo.maven.apache.org/maven2/com/oracle/database/jdbc/ojdbc11/23.7.0.25.01/ojdbc11-23.7.0.25.01.pom
2025-03-18 20:30:02,023 [Worker-25: Building] INFO  o.e.m.c.i.e.AbstractTransferListenerAdapter - Downloading https://repo.maven.apache.org/maven2/com/oracle/database/jdbc/ojdbc11/23.7.0.25.01/ojdbc11-23.7.0.25.01.jar
2025-03-18 20:30:02,690 [Worker-25: Building] INFO  o.e.m.c.i.e.AbstractTransferListenerAdapter - Downloaded https://repo.maven.apache.org/maven2/com/oracle/database/jdbc/ojdbc11/23.7.0.25.01/ojdbc11-23.7.0.25.01.jar
2025-03-18 20:30:03,039 [Worker-25: Building] INFO  o.a.m.s.f.DefaultMavenResourcesFiltering - Copying 0 resource from src\main\resources to target\classes
2025-03-18 20:30:03,039 [Worker-25: Building] INFO  o.a.m.s.f.DefaultMavenResourcesFiltering - Copying 0 resource from src\main\resources to target\classes
2025-03-18 20:30:03,044 [Worker-25: Building] INFO  o.a.m.s.f.DefaultMavenResourcesFiltering - skip non existing resourceDirectory D:\Desenvolvimento Software\PetAmigo\API\login\src\test\resources
2025-03-18 20:30:04,255 [Worker-30: Download sources and javadoc] INFO  o.e.m.c.i.e.AbstractTransferListenerAdapter - Downloading https://repo.maven.apache.org/maven2/com/oracle/database/jdbc/ojdbc11/23.7.0.25.01/ojdbc11-23.7.0.25.01-sources.jar
2025-03-18 20:30:04,273 [Worker-30: Download sources and javadoc] INFO  o.e.m.c.i.e.AbstractTransferListenerAdapter - Downloaded https://repo.maven.apache.org/maven2/com/oracle/database/jdbc/ojdbc11/23.7.0.25.01/ojdbc11-23.7.0.25.01-sources.jar
2025-03-18 20:30:04,282 [Worker-30: Download sources and javadoc] INFO  o.e.m.j.internal.DownloadSourcesJob - Downloaded sources for com.oracle.database.jdbc:ojdbc11:23.7.0.25.01
2025-03-18 20:30:04,867 [Worker-28: Building] INFO  o.a.m.s.f.DefaultMavenResourcesFiltering - Copying 1 resource from src\main\resources to target\classes
2025-03-18 20:30:04,879 [Worker-28: Building] INFO  o.a.m.s.f.DefaultMavenResourcesFiltering - Copying 0 resource from src\main\resources to target\classes
2025-03-18 20:30:04,882 [Worker-28: Building] INFO  o.a.m.s.f.DefaultMavenResourcesFiltering - skip non existing resourceDirectory D:\Desenvolvimento Software\PetAmigo\API\login\src\test\resources
2025-03-18 20:31:33,782 [Worker-28: Building] INFO  o.e.m.c.i.l.LifecycleMappingFactory - Using org.eclipse.m2e.jdt.JarLifecycleMapping lifecycle mapping for MavenProject: com.petamigo:login:0.0.1-SNAPSHOT @ D:\Desenvolvimento Software\PetAmigo\API\login\pom.xml.
2025-03-18 20:31:34,632 [Worker-28: Building] INFO  o.a.m.s.f.DefaultMavenResourcesFiltering - Copying 0 resource from src\main\resources to target\classes
2025-03-18 20:31:34,633 [Worker-28: Building] INFO  o.a.m.s.f.DefaultMavenResourcesFiltering - Copying 0 resource from src\main\resources to target\classes
2025-03-18 20:31:34,637 [Worker-28: Building] INFO  o.a.m.s.f.DefaultMavenResourcesFiltering - skip non existing resourceDirectory D:\Desenvolvimento Software\PetAmigo\API\login\src\test\resources
2025-03-18 20:31:35,787 [Worker-31: Building] INFO  o.a.m.s.f.DefaultMavenResourcesFiltering - Copying 1 resource from src\main\resources to target\classes
2025-03-18 20:31:35,800 [Worker-31: Building] INFO  o.a.m.s.f.DefaultMavenResourcesFiltering - Copying 0 resource from src\main\resources to target\classes
2025-03-18 20:31:35,803 [Worker-31: Building] INFO  o.a.m.s.f.DefaultMavenResourcesFiltering - skip non existing resourceDirectory D:\Desenvolvimento Software\PetAmigo\API\login\src\test\resources
2025-03-18 20:31:42,612 [Worker-32: Building] INFO  o.e.m.c.i.l.LifecycleMappingFactory - Using org.eclipse.m2e.jdt.JarLifecycleMapping lifecycle mapping for MavenProject: com.petamigo:login:0.0.1-SNAPSHOT @ D:\Desenvolvimento Software\PetAmigo\API\login\pom.xml.
2025-03-18 20:31:43,648 [Worker-32: Building] INFO  o.a.m.s.f.DefaultMavenResourcesFiltering - Copying 0 resource from src\main\resources to target\classes
2025-03-18 20:31:43,649 [Worker-32: Building] INFO  o.a.m.s.f.DefaultMavenResourcesFiltering - Copying 0 resource from src\main\resources to target\classes
2025-03-18 20:31:43,653 [Worker-32: Building] INFO  o.a.m.s.f.DefaultMavenResourcesFiltering - skip non existing resourceDirectory D:\Desenvolvimento Software\PetAmigo\API\login\src\test\resources
2025-03-18 20:36:06,163 [Worker-31: Building] INFO  o.a.m.s.f.DefaultMavenResourcesFiltering - Copying 1 resource from src\main\resources to target\classes
2025-03-18 20:36:06,176 [Worker-31: Building] INFO  o.a.m.s.f.DefaultMavenResourcesFiltering - Copying 0 resource from src\main\resources to target\classes
2025-03-18 20:36:06,179 [Worker-31: Building] INFO  o.a.m.s.f.DefaultMavenResourcesFiltering - skip non existing resourceDirectory D:\Desenvolvimento Software\PetAmigo\API\login\src\test\resources
2025-03-21 19:46:22,877 [Worker-5: Loading available Gradle versions] INFO  o.e.b.c.i.u.g.PublishedGradleVersions - Gradle version information cache is out-of-date. Trying to update.
2025-03-21 20:01:34,602 [Worker-26: Building] INFO  o.e.m.c.i.l.LifecycleMappingFactory - Using org.eclipse.m2e.jdt.JarLifecycleMapping lifecycle mapping for MavenProject: com.petamigo:login:0.0.1-SNAPSHOT @ D:\Desenvolvimento Software\PetAmigo\API\login\pom.xml.
2025-03-21 20:01:41,381 [Worker-26: Building] INFO  o.a.m.s.f.DefaultMavenResourcesFiltering - Copying 1 resource from src\main\resources to target\classes
2025-03-21 20:01:41,408 [Worker-26: Building] INFO  o.a.m.s.f.DefaultMavenResourcesFiltering - Copying 0 resource from src\main\resources to target\classes
2025-03-21 20:01:41,417 [Worker-26: Building] INFO  o.a.m.s.f.DefaultMavenResourcesFiltering - skip non existing resourceDirectory D:\Desenvolvimento Software\PetAmigo\API\login\src\test\resources
2025-03-21 20:01:45,079 [Worker-0: Building] INFO  o.a.m.s.f.DefaultMavenResourcesFiltering - Copying 1 resource from src\main\resources to target\classes
2025-03-21 20:01:45,089 [Worker-0: Building] INFO  o.a.m.s.f.DefaultMavenResourcesFiltering - Copying 0 resource from src\main\resources to target\classes
2025-03-21 20:01:45,093 [Worker-0: Building] INFO  o.a.m.s.f.DefaultMavenResourcesFiltering - skip non existing resourceDirectory D:\Desenvolvimento Software\PetAmigo\API\login\src\test\resources
2025-03-21 20:01:50,992 [Worker-1: Building] INFO  o.a.m.s.f.DefaultMavenResourcesFiltering - Copying 1 resource from src\main\resources to target\classes
2025-03-21 20:01:50,994 [Worker-1: Building] INFO  o.a.m.s.f.DefaultMavenResourcesFiltering - Copying 0 resource from src\main\resources to target\classes
2025-03-21 20:01:51,000 [Worker-1: Building] INFO  o.a.m.s.f.DefaultMavenResourcesFiltering - skip non existing resourceDirectory D:\Desenvolvimento Software\PetAmigo\API\login\src\test\resources
2025-03-21 20:02:36,123 [Worker-0: Updating Maven Project] INFO  o.e.m.c.i.p.ProjectConfigurationManager - Update started
2025-03-21 20:02:36,691 [Worker-0: Updating Maven Project] INFO  o.e.m.c.i.l.LifecycleMappingFactory - Using org.eclipse.m2e.jdt.JarLifecycleMapping lifecycle mapping for MavenProject: com.petamigo:login:0.0.1-SNAPSHOT @ D:\Desenvolvimento Software\PetAmigo\API\login\pom.xml.
2025-03-21 20:02:37,622 [Worker-0: Updating Maven Project] INFO  o.e.m.j.i.AbstractJavaProjectConfigurator - Adding source folder /login/src/main/java
2025-03-21 20:02:37,624 [Worker-0: Updating Maven Project] INFO  o.e.m.j.i.AbstractJavaProjectConfigurator - Adding resource folder /login/src/main/resources
2025-03-21 20:02:37,625 [Worker-0: Updating Maven Project] INFO  o.e.m.j.i.AbstractJavaProjectConfigurator - Adding resource folder /login/src/main/resources
2025-03-21 20:02:37,626 [Worker-0: Updating Maven Project] INFO  o.e.m.j.i.AbstractJavaProjectConfigurator - Adding source folder /login/src/test/java
2025-03-21 20:02:37,627 [Worker-0: Updating Maven Project] INFO  o.e.m.j.i.AbstractJavaProjectConfigurator - Adding resource folder /login/src/test/resources
2025-03-21 20:02:38,132 [Worker-0: Updating Maven Project] INFO  o.e.m.c.i.p.ProjectConfigurationManager - Update completed for 1 poms: local refresh takes 0,00 sec, refresh facades takes 1,00 sec, update config takes 0,00 sec 
2025-03-21 20:02:38,485 [Worker-27: Building] INFO  o.a.m.s.f.DefaultMavenResourcesFiltering - Copying 1 resource from src\main\resources to target\classes
2025-03-21 20:02:38,507 [Worker-27: Building] INFO  o.a.m.s.f.DefaultMavenResourcesFiltering - Copying 0 resource from src\main\resources to target\classes
2025-03-21 20:02:38,513 [Worker-27: Building] INFO  o.a.m.s.f.DefaultMavenResourcesFiltering - skip non existing resourceDirectory D:\Desenvolvimento Software\PetAmigo\API\login\src\test\resources
2025-03-21 20:04:30,698 [Worker-1: Importing Maven projects] INFO  o.e.m.c.i.l.LifecycleMappingFactory - Using org.eclipse.m2e.jdt.JarLifecycleMapping lifecycle mapping for MavenProject: br.com:HotelariaDegaspari:0.0.1-SNAPSHOT @ D:\Desenvolvimento Software\HotelariaDegaspari\HotelariaDegaspari\pom.xml.
2025-03-21 20:04:37,156 [Worker-28: Download sources and javadoc] INFO  o.e.m.c.i.e.AbstractTransferListenerAdapter - Downloaded https://repo.maven.apache.org/maven2/antlr/antlr/2.7.7/antlr-2.7.7-javadoc.jar
2025-03-21 20:04:37,162 [Worker-28: Download sources and javadoc] ERROR o.e.m.j.internal.DownloadSourcesJob - Could not download javadoc for antlr:antlr:2.7.7
org.eclipse.core.runtime.CoreException: Could not resolve artifact antlr:antlr:jar:javadoc:2.7.7
	at org.eclipse.m2e.core.internal.embedder.MavenImpl.lambda$7(MavenImpl.java:540)
	at org.eclipse.m2e.core.internal.embedder.MavenExecutionContext.executeBare(MavenExecutionContext.java:458)
	at org.eclipse.m2e.core.internal.embedder.MavenExecutionContext.execute(MavenExecutionContext.java:292)
	at org.eclipse.m2e.core.internal.embedder.MavenExecutionContext.execute(MavenExecutionContext.java:278)
	at org.eclipse.m2e.core.internal.embedder.MavenImpl.resolve(MavenImpl.java:509)
	at org.eclipse.m2e.core.internal.embedder.MavenImpl.resolve(MavenImpl.java:494)
	at org.eclipse.m2e.jdt.internal.DownloadSourcesJob.download(DownloadSourcesJob.java:308)
	at org.eclipse.m2e.jdt.internal.DownloadSourcesJob.downloadAttachments(DownloadSourcesJob.java:294)
	at org.eclipse.m2e.jdt.internal.DownloadSourcesJob.downloadMaven(DownloadSourcesJob.java:252)
	at org.eclipse.m2e.jdt.internal.DownloadSourcesJob.downloadFilesAndPopulateToUpdate(DownloadSourcesJob.java:220)
	at org.eclipse.m2e.jdt.internal.DownloadSourcesJob.lambda$0(DownloadSourcesJob.java:149)
	at org.eclipse.m2e.core.internal.embedder.MavenExecutionContext.executeBare(MavenExecutionContext.java:458)
	at org.eclipse.m2e.core.internal.embedder.MavenExecutionContext.execute(MavenExecutionContext.java:339)
	at org.eclipse.m2e.core.internal.embedder.MavenExecutionContext.execute(MavenExecutionContext.java:278)
	at org.eclipse.m2e.core.embedder.IMaven.execute(IMaven.java:300)
	at org.eclipse.m2e.jdt.internal.DownloadSourcesJob.run(DownloadSourcesJob.java:149)
	at org.eclipse.core.internal.jobs.Worker.run(Worker.java:63)
2025-03-21 20:04:37,587 [Worker-28: Download sources and javadoc] INFO  o.e.m.c.i.e.AbstractTransferListenerAdapter - Downloading https://repo.maven.apache.org/maven2/org/webjars/swagger-ui/4.15.5/swagger-ui-4.15.5-javadoc.jar
2025-03-21 20:04:38,152 [Worker-28: Download sources and javadoc] INFO  o.e.m.c.i.e.AbstractTransferListenerAdapter - Downloaded https://repo.maven.apache.org/maven2/org/webjars/swagger-ui/4.15.5/swagger-ui-4.15.5-javadoc.jar
2025-03-21 20:04:38,159 [Worker-28: Download sources and javadoc] INFO  o.e.m.j.internal.DownloadSourcesJob - Downloaded javadoc for org.webjars:swagger-ui:4.15.5
2025-03-21 20:04:46,331 [Worker-1: Importing Maven projects] INFO  o.e.m.j.i.AbstractJavaProjectConfigurator - Adding source folder /HotelariaDegaspari/src/main/java
2025-03-21 20:04:46,332 [Worker-1: Importing Maven projects] INFO  o.e.m.j.i.AbstractJavaProjectConfigurator - Adding resource folder /HotelariaDegaspari/src/main/resources
2025-03-21 20:04:46,333 [Worker-1: Importing Maven projects] INFO  o.e.m.j.i.AbstractJavaProjectConfigurator - Adding resource folder /HotelariaDegaspari/src/main/resources
2025-03-21 20:04:46,333 [Worker-1: Importing Maven projects] INFO  o.e.m.j.i.AbstractJavaProjectConfigurator - Adding source folder /HotelariaDegaspari/src/test/java
2025-03-21 20:04:46,334 [Worker-1: Importing Maven projects] INFO  o.e.m.j.i.AbstractJavaProjectConfigurator - Adding resource folder /HotelariaDegaspari/src/test/resources
2025-03-21 20:04:46,655 [Worker-1: Importing Maven projects] INFO  o.e.m.c.i.p.ProjectConfigurationManager - Imported and configured 1 project(s) in 22 sec
2025-03-21 20:04:47,898 [Worker-28: Updating Maven Project] INFO  o.e.m.c.i.p.ProjectConfigurationManager - Update started
2025-03-21 20:04:48,485 [Worker-28: Updating Maven Project] INFO  o.e.m.c.i.l.LifecycleMappingFactory - Using org.eclipse.m2e.jdt.JarLifecycleMapping lifecycle mapping for MavenProject: br.com:HotelariaDegaspari:0.0.1-SNAPSHOT @ D:\Desenvolvimento Software\HotelariaDegaspari\HotelariaDegaspari\pom.xml.
2025-03-21 20:04:49,627 [Worker-28: Updating Maven Project] INFO  o.e.m.j.i.AbstractJavaProjectConfigurator - Adding source folder /HotelariaDegaspari/src/main/java
2025-03-21 20:04:49,629 [Worker-28: Updating Maven Project] INFO  o.e.m.j.i.AbstractJavaProjectConfigurator - Adding resource folder /HotelariaDegaspari/src/main/resources
2025-03-21 20:04:49,629 [Worker-28: Updating Maven Project] INFO  o.e.m.j.i.AbstractJavaProjectConfigurator - Adding resource folder /HotelariaDegaspari/src/main/resources
2025-03-21 20:04:49,630 [Worker-28: Updating Maven Project] INFO  o.e.m.j.i.AbstractJavaProjectConfigurator - Adding source folder /HotelariaDegaspari/src/test/java
2025-03-21 20:04:49,631 [Worker-28: Updating Maven Project] INFO  o.e.m.j.i.AbstractJavaProjectConfigurator - Adding resource folder /HotelariaDegaspari/src/test/resources
2025-03-21 20:04:50,206 [Worker-28: Updating Maven Project] INFO  o.e.m.c.i.p.ProjectConfigurationManager - Update completed for 1 poms: local refresh takes 0,00 sec, refresh facades takes 1,00 sec, update config takes 0,00 sec 
2025-03-21 20:04:51,314 [Worker-1: Building] INFO  o.e.m.c.i.embedder.EclipseLogger - Using 'UTF-8' encoding to copy filtered resources.
2025-03-21 20:04:51,315 [Worker-1: Building] INFO  o.e.m.c.i.embedder.EclipseLogger - Using 'UTF-8' encoding to copy filtered properties files.
2025-03-21 20:04:51,315 [Worker-1: Building] INFO  o.e.m.c.i.embedder.EclipseLogger - Copying 1 resource
2025-03-21 20:04:51,360 [Worker-1: Building] INFO  o.e.m.c.i.embedder.EclipseLogger - Copying 0 resource
2025-03-21 20:04:51,367 [Worker-1: Building] INFO  o.e.m.c.i.embedder.EclipseLogger - Using 'UTF-8' encoding to copy filtered resources.
2025-03-21 20:04:51,367 [Worker-1: Building] INFO  o.e.m.c.i.embedder.EclipseLogger - Using 'UTF-8' encoding to copy filtered properties files.
2025-03-21 20:04:51,367 [Worker-1: Building] INFO  o.e.m.c.i.embedder.EclipseLogger - skip non existing resourceDirectory D:\Desenvolvimento Software\HotelariaDegaspari\HotelariaDegaspari\src\test\resources
2025-03-21 20:11:15,730 [Worker-31: Building] INFO  o.a.m.s.f.DefaultMavenResourcesFiltering - Copying 1 resource from src\main\resources to target\classes
2025-03-21 20:11:15,737 [Worker-31: Building] INFO  o.a.m.s.f.DefaultMavenResourcesFiltering - Copying 0 resource from src\main\resources to target\classes
2025-03-21 20:11:15,742 [Worker-31: Building] INFO  o.a.m.s.f.DefaultMavenResourcesFiltering - skip non existing resourceDirectory D:\Desenvolvimento Software\PetAmigo\API\login\src\test\resources
2025-03-21 20:15:35,987 [Worker-31: Building] INFO  o.a.m.s.f.DefaultMavenResourcesFiltering - Copying 1 resource from src\main\resources to target\classes
2025-03-21 20:15:35,994 [Worker-31: Building] INFO  o.a.m.s.f.DefaultMavenResourcesFiltering - Copying 0 resource from src\main\resources to target\classes
2025-03-21 20:15:35,997 [Worker-31: Building] INFO  o.a.m.s.f.DefaultMavenResourcesFiltering - skip non existing resourceDirectory D:\Desenvolvimento Software\PetAmigo\API\login\src\test\resources
2025-03-21 20:15:50,151 [Worker-34: Building] INFO  o.a.m.s.f.DefaultMavenResourcesFiltering - Copying 1 resource from src\main\resources to target\classes
2025-03-21 20:15:50,158 [Worker-34: Building] INFO  o.a.m.s.f.DefaultMavenResourcesFiltering - Copying 0 resource from src\main\resources to target\classes
2025-03-21 20:15:50,162 [Worker-34: Building] INFO  o.a.m.s.f.DefaultMavenResourcesFiltering - skip non existing resourceDirectory D:\Desenvolvimento Software\PetAmigo\API\login\src\test\resources
2025-03-21 20:24:11,611 [Worker-37: Updating Maven Project] INFO  o.e.m.c.i.p.ProjectConfigurationManager - Update started
2025-03-21 20:24:12,367 [Worker-37: Updating Maven Project] INFO  o.e.m.c.i.l.LifecycleMappingFactory - Using org.eclipse.m2e.jdt.JarLifecycleMapping lifecycle mapping for MavenProject: com.petamigo:login:0.0.1-SNAPSHOT @ D:\Desenvolvimento Software\PetAmigo\API\login\pom.xml.
2025-03-21 20:24:13,470 [Worker-37: Updating Maven Project] INFO  o.e.m.j.i.AbstractJavaProjectConfigurator - Adding source folder /login/src/main/java
2025-03-21 20:24:13,471 [Worker-37: Updating Maven Project] INFO  o.e.m.j.i.AbstractJavaProjectConfigurator - Adding resource folder /login/src/main/resources
2025-03-21 20:24:13,472 [Worker-37: Updating Maven Project] INFO  o.e.m.j.i.AbstractJavaProjectConfigurator - Adding resource folder /login/src/main/resources
2025-03-21 20:24:13,473 [Worker-37: Updating Maven Project] INFO  o.e.m.j.i.AbstractJavaProjectConfigurator - Adding source folder /login/src/test/java
2025-03-21 20:24:13,474 [Worker-37: Updating Maven Project] INFO  o.e.m.j.i.AbstractJavaProjectConfigurator - Adding resource folder /login/src/test/resources
2025-03-21 20:24:13,776 [Worker-37: Updating Maven Project] INFO  o.e.m.c.i.p.ProjectConfigurationManager - Update completed for 1 poms: local refresh takes 0,00 sec, refresh facades takes 1,00 sec, update config takes 0,00 sec 
2025-03-21 20:24:14,173 [Worker-37: Building] INFO  o.a.m.s.f.DefaultMavenResourcesFiltering - Copying 1 resource from src\main\resources to target\classes
2025-03-21 20:24:14,196 [Worker-37: Building] INFO  o.a.m.s.f.DefaultMavenResourcesFiltering - Copying 0 resource from src\main\resources to target\classes
2025-03-21 20:24:14,203 [Worker-37: Building] INFO  o.a.m.s.f.DefaultMavenResourcesFiltering - skip non existing resourceDirectory D:\Desenvolvimento Software\PetAmigo\API\login\src\test\resources
2025-03-21 20:28:03,547 [Worker-41: Building] INFO  o.e.m.c.i.l.LifecycleMappingFactory - Using org.eclipse.m2e.jdt.JarLifecycleMapping lifecycle mapping for MavenProject: com.petamigo:login:0.0.1-SNAPSHOT @ D:\Desenvolvimento Software\PetAmigo\API\login\pom.xml.
2025-03-21 20:28:04,047 [Worker-41: Building] INFO  o.e.m.c.i.e.AbstractTransferListenerAdapter - Downloading https://repo.maven.apache.org/maven2/com/oracle/database/jdbc/ojdbc11/21.3.0.0/ojdbc11-21.3.0.0.pom
2025-03-21 20:28:04,083 [Worker-41: Building] INFO  o.e.m.c.i.e.AbstractTransferListenerAdapter - Downloaded https://repo.maven.apache.org/maven2/com/oracle/database/jdbc/ojdbc11/21.3.0.0/ojdbc11-21.3.0.0.pom
2025-03-21 20:28:04,392 [Worker-41: Building] INFO  o.e.m.c.i.e.AbstractTransferListenerAdapter - Downloading https://repo.maven.apache.org/maven2/com/oracle/database/jdbc/ojdbc11/21.3.0.0/ojdbc11-21.3.0.0.jar
2025-03-21 20:28:05,004 [Worker-41: Building] INFO  o.e.m.c.i.e.AbstractTransferListenerAdapter - Downloaded https://repo.maven.apache.org/maven2/com/oracle/database/jdbc/ojdbc11/21.3.0.0/ojdbc11-21.3.0.0.jar
2025-03-21 20:28:05,607 [Worker-41: Building] INFO  o.e.m.c.i.embedder.EclipseLogger - Using 'UTF-8' encoding to copy filtered resources.
2025-03-21 20:28:05,607 [Worker-41: Building] INFO  o.e.m.c.i.embedder.EclipseLogger - Using 'UTF-8' encoding to copy filtered properties files.
2025-03-21 20:28:05,612 [Worker-41: Building] INFO  o.e.m.c.i.embedder.EclipseLogger - Copying 0 resource
2025-03-21 20:28:05,613 [Worker-41: Building] INFO  o.e.m.c.i.embedder.EclipseLogger - Copying 0 resource
2025-03-21 20:28:05,620 [Worker-41: Building] INFO  o.e.m.c.i.embedder.EclipseLogger - Using 'UTF-8' encoding to copy filtered resources.
2025-03-21 20:28:05,620 [Worker-41: Building] INFO  o.e.m.c.i.embedder.EclipseLogger - Using 'UTF-8' encoding to copy filtered properties files.
2025-03-21 20:28:05,620 [Worker-41: Building] INFO  o.e.m.c.i.embedder.EclipseLogger - skip non existing resourceDirectory D:\Desenvolvimento Software\PetAmigo\API\login\src\test\resources
2025-03-21 20:28:06,178 [Worker-39: Updating Maven Project] INFO  o.e.m.c.i.p.ProjectConfigurationManager - Update started
2025-03-21 20:28:07,297 [Worker-39: Updating Maven Project] INFO  o.e.m.c.i.l.LifecycleMappingFactory - Using org.eclipse.m2e.jdt.JarLifecycleMapping lifecycle mapping for MavenProject: com.petamigo:login:0.0.1-SNAPSHOT @ D:\Desenvolvimento Software\PetAmigo\API\login\pom.xml.
2025-03-21 20:28:07,469 [Worker-40: Download sources and javadoc] INFO  o.e.m.c.i.e.AbstractTransferListenerAdapter - Downloading https://repo.maven.apache.org/maven2/com/oracle/database/jdbc/ojdbc11/21.3.0.0/ojdbc11-21.3.0.0-sources.jar
2025-03-21 20:28:07,517 [Worker-40: Download sources and javadoc] INFO  o.e.m.c.i.e.AbstractTransferListenerAdapter - Downloaded https://repo.maven.apache.org/maven2/com/oracle/database/jdbc/ojdbc11/21.3.0.0/ojdbc11-21.3.0.0-sources.jar
2025-03-21 20:28:07,527 [Worker-40: Download sources and javadoc] INFO  o.e.m.j.internal.DownloadSourcesJob - Downloaded sources for com.oracle.database.jdbc:ojdbc11:21.3.0.0
2025-03-21 20:28:08,064 [Worker-39: Updating Maven Project] INFO  o.e.m.j.i.AbstractJavaProjectConfigurator - Adding source folder /login/src/main/java
2025-03-21 20:28:08,065 [Worker-39: Updating Maven Project] INFO  o.e.m.j.i.AbstractJavaProjectConfigurator - Adding resource folder /login/src/main/resources
2025-03-21 20:28:08,066 [Worker-39: Updating Maven Project] INFO  o.e.m.j.i.AbstractJavaProjectConfigurator - Adding resource folder /login/src/main/resources
2025-03-21 20:28:08,066 [Worker-39: Updating Maven Project] INFO  o.e.m.j.i.AbstractJavaProjectConfigurator - Adding source folder /login/src/test/java
2025-03-21 20:28:08,067 [Worker-39: Updating Maven Project] INFO  o.e.m.j.i.AbstractJavaProjectConfigurator - Adding resource folder /login/src/test/resources
2025-03-21 20:28:08,437 [Worker-39: Updating Maven Project] INFO  o.e.m.c.i.p.ProjectConfigurationManager - Update completed for 1 poms: local refresh takes 0,00 sec, refresh facades takes 1,00 sec, update config takes 0,00 sec 
2025-03-21 20:28:09,334 [Worker-37: Building] INFO  o.e.m.c.i.embedder.EclipseLogger - Using 'UTF-8' encoding to copy filtered resources.
2025-03-21 20:28:09,334 [Worker-37: Building] INFO  o.e.m.c.i.embedder.EclipseLogger - Using 'UTF-8' encoding to copy filtered properties files.
2025-03-21 20:28:09,334 [Worker-37: Building] INFO  o.e.m.c.i.embedder.EclipseLogger - Copying 1 resource
2025-03-21 20:28:09,349 [Worker-37: Building] INFO  o.e.m.c.i.embedder.EclipseLogger - Copying 0 resource
2025-03-21 20:28:09,356 [Worker-37: Building] INFO  o.e.m.c.i.embedder.EclipseLogger - Using 'UTF-8' encoding to copy filtered resources.
2025-03-21 20:28:09,356 [Worker-37: Building] INFO  o.e.m.c.i.embedder.EclipseLogger - Using 'UTF-8' encoding to copy filtered properties files.
2025-03-21 20:28:09,356 [Worker-37: Building] INFO  o.e.m.c.i.embedder.EclipseLogger - skip non existing resourceDirectory D:\Desenvolvimento Software\PetAmigo\API\login\src\test\resources
2025-03-21 20:28:17,097 [Worker-39: Building] INFO  o.e.m.c.i.embedder.EclipseLogger - Using 'UTF-8' encoding to copy filtered resources.
2025-03-21 20:28:17,097 [Worker-39: Building] INFO  o.e.m.c.i.embedder.EclipseLogger - Using 'UTF-8' encoding to copy filtered properties files.
2025-03-21 20:28:17,098 [Worker-39: Building] INFO  o.e.m.c.i.embedder.EclipseLogger - Copying 1 resource
2025-03-21 20:28:17,099 [Worker-39: Building] INFO  o.e.m.c.i.embedder.EclipseLogger - Copying 0 resource
2025-03-21 20:28:17,104 [Worker-39: Building] INFO  o.e.m.c.i.embedder.EclipseLogger - Using 'UTF-8' encoding to copy filtered resources.
2025-03-21 20:28:17,104 [Worker-39: Building] INFO  o.e.m.c.i.embedder.EclipseLogger - Using 'UTF-8' encoding to copy filtered properties files.
2025-03-21 20:28:17,104 [Worker-39: Building] INFO  o.e.m.c.i.embedder.EclipseLogger - skip non existing resourceDirectory D:\Desenvolvimento Software\PetAmigo\API\login\src\test\resources
2025-03-21 20:28:52,365 [Worker-37: Updating Maven Project] INFO  o.e.m.c.i.p.ProjectConfigurationManager - Update started
2025-03-21 20:28:52,669 [Worker-37: Updating Maven Project] INFO  o.e.m.c.i.l.LifecycleMappingFactory - Using org.eclipse.m2e.jdt.JarLifecycleMapping lifecycle mapping for MavenProject: com.petamigo:login:0.0.1-SNAPSHOT @ D:\Desenvolvimento Software\PetAmigo\API\login\pom.xml.
2025-03-21 20:28:53,258 [Worker-37: Updating Maven Project] INFO  o.e.m.j.i.AbstractJavaProjectConfigurator - Adding source folder /login/src/main/java
2025-03-21 20:28:53,259 [Worker-37: Updating Maven Project] INFO  o.e.m.j.i.AbstractJavaProjectConfigurator - Adding resource folder /login/src/main/resources
2025-03-21 20:28:53,259 [Worker-37: Updating Maven Project] INFO  o.e.m.j.i.AbstractJavaProjectConfigurator - Adding resource folder /login/src/main/resources
2025-03-21 20:28:53,259 [Worker-37: Updating Maven Project] INFO  o.e.m.j.i.AbstractJavaProjectConfigurator - Adding source folder /login/src/test/java
2025-03-21 20:28:53,260 [Worker-37: Updating Maven Project] INFO  o.e.m.j.i.AbstractJavaProjectConfigurator - Adding resource folder /login/src/test/resources
2025-03-21 20:28:53,509 [Worker-37: Updating Maven Project] INFO  o.e.m.c.i.p.ProjectConfigurationManager - Update completed for 1 poms: local refresh takes 0,00 sec, refresh facades takes 0,00 sec, update config takes 0,00 sec 
2025-03-21 21:40:53,750 [Worker-64: Building Workspace] INFO  o.e.m.c.i.embedder.EclipseLogger - Using 'UTF-8' encoding to copy filtered resources.
2025-03-21 21:40:53,750 [Worker-64: Building Workspace] INFO  o.e.m.c.i.embedder.EclipseLogger - Using 'UTF-8' encoding to copy filtered properties files.
2025-03-21 21:40:53,751 [Worker-64: Building Workspace] INFO  o.e.m.c.i.embedder.EclipseLogger - Copying 1 resource
2025-03-21 21:40:53,775 [Worker-64: Building Workspace] INFO  o.e.m.c.i.embedder.EclipseLogger - Copying 0 resource
2025-03-21 21:40:53,783 [Worker-64: Building Workspace] INFO  o.e.m.c.i.embedder.EclipseLogger - Using 'UTF-8' encoding to copy filtered resources.
2025-03-21 21:40:53,783 [Worker-64: Building Workspace] INFO  o.e.m.c.i.embedder.EclipseLogger - Using 'UTF-8' encoding to copy filtered properties files.
2025-03-21 21:40:53,783 [Worker-64: Building Workspace] INFO  o.e.m.c.i.embedder.EclipseLogger - skip non existing resourceDirectory D:\Desenvolvimento Software\PetAmigo\API\login\src\test\resources
2025-03-21 21:50:08,109 [Worker-58: Launching LoginApplication] INFO  o.e.m.c.i.embedder.EclipseLogger - Using 'UTF-8' encoding to copy filtered resources.
2025-03-21 21:50:08,109 [Worker-58: Launching LoginApplication] INFO  o.e.m.c.i.embedder.EclipseLogger - Using 'UTF-8' encoding to copy filtered properties files.
2025-03-21 21:50:08,111 [Worker-58: Launching LoginApplication] INFO  o.e.m.c.i.embedder.EclipseLogger - Copying 1 resource
2025-03-21 21:50:08,120 [Worker-58: Launching LoginApplication] INFO  o.e.m.c.i.embedder.EclipseLogger - Copying 0 resource
2025-03-21 21:50:08,126 [Worker-58: Launching LoginApplication] INFO  o.e.m.c.i.embedder.EclipseLogger - Using 'UTF-8' encoding to copy filtered resources.
2025-03-21 21:50:08,126 [Worker-58: Launching LoginApplication] INFO  o.e.m.c.i.embedder.EclipseLogger - Using 'UTF-8' encoding to copy filtered properties files.
2025-03-21 21:50:08,126 [Worker-58: Launching LoginApplication] INFO  o.e.m.c.i.embedder.EclipseLogger - skip non existing resourceDirectory D:\Desenvolvimento Software\PetAmigo\API\login\src\test\resources
2025-03-21 22:00:46,881 [Worker-74: Building Workspace] INFO  o.e.m.c.i.embedder.EclipseLogger - Using 'UTF-8' encoding to copy filtered resources.
2025-03-21 22:00:46,881 [Worker-74: Building Workspace] INFO  o.e.m.c.i.embedder.EclipseLogger - Using 'UTF-8' encoding to copy filtered properties files.
2025-03-21 22:00:46,881 [Worker-74: Building Workspace] INFO  o.e.m.c.i.embedder.EclipseLogger - Copying 1 resource
2025-03-21 22:00:46,884 [Worker-74: Building Workspace] INFO  o.e.m.c.i.embedder.EclipseLogger - Copying 0 resource
2025-03-21 22:00:46,887 [Worker-74: Building Workspace] INFO  o.e.m.c.i.embedder.EclipseLogger - Using 'UTF-8' encoding to copy filtered resources.
2025-03-21 22:00:46,887 [Worker-74: Building Workspace] INFO  o.e.m.c.i.embedder.EclipseLogger - Using 'UTF-8' encoding to copy filtered properties files.
2025-03-21 22:00:46,887 [Worker-74: Building Workspace] INFO  o.e.m.c.i.embedder.EclipseLogger - skip non existing resourceDirectory D:\Desenvolvimento Software\PetAmigo\API\login\src\test\resources
2025-03-21 22:11:36,396 [Worker-58: Launching LoginApplication] INFO  o.e.m.c.i.embedder.EclipseLogger - Using 'UTF-8' encoding to copy filtered resources.
2025-03-21 22:11:36,396 [Worker-58: Launching LoginApplication] INFO  o.e.m.c.i.embedder.EclipseLogger - Using 'UTF-8' encoding to copy filtered properties files.
2025-03-21 22:11:36,396 [Worker-58: Launching LoginApplication] INFO  o.e.m.c.i.embedder.EclipseLogger - Copying 1 resource
2025-03-21 22:11:36,401 [Worker-58: Launching LoginApplication] INFO  o.e.m.c.i.embedder.EclipseLogger - Copying 0 resource
2025-03-21 22:11:36,406 [Worker-58: Launching LoginApplication] INFO  o.e.m.c.i.embedder.EclipseLogger - Using 'UTF-8' encoding to copy filtered resources.
2025-03-21 22:11:36,406 [Worker-58: Launching LoginApplication] INFO  o.e.m.c.i.embedder.EclipseLogger - Using 'UTF-8' encoding to copy filtered properties files.
2025-03-21 22:11:36,406 [Worker-58: Launching LoginApplication] INFO  o.e.m.c.i.embedder.EclipseLogger - skip non existing resourceDirectory D:\Desenvolvimento Software\PetAmigo\API\login\src\test\resources
2025-03-22 13:33:26,966 [Worker-2: Loading available Gradle versions] INFO  o.e.b.c.i.u.g.PublishedGradleVersions - Gradle version information cache is up-to-date. Trying to read.
2025-04-30 22:31:32,699 [Worker-1: Loading available Gradle versions] INFO  o.e.b.c.i.u.g.PublishedGradleVersions - Gradle version information cache is out-of-date. Trying to update.
2025-05-01 06:41:39,617 [Worker-5: Loading available Gradle versions] INFO  o.e.b.c.i.u.g.PublishedGradleVersions - Gradle version information cache is up-to-date. Trying to read.
2025-05-14 19:58:27,040 [Worker-1: Loading available Gradle versions] INFO  o.e.b.c.i.u.g.PublishedGradleVersions - Gradle version information cache is up-to-date. Trying to read.
2025-05-14 19:59:47,007 [Worker-6: Importing Maven projects] INFO  o.e.m.c.i.l.LifecycleMappingFactory - Using org.eclipse.m2e.jdt.JarLifecycleMapping lifecycle mapping for MavenProject: com.petamigo:login:0.0.1-SNAPSHOT @ D:\Desenvolvimento Software\PetAmigo\API\login\pom.xml.
2025-05-14 19:59:57,374 [Worker-6: Importing Maven projects] INFO  o.e.m.j.i.AbstractJavaProjectConfigurator - Adding source folder /login/src/main/java
2025-05-14 19:59:57,377 [Worker-6: Importing Maven projects] INFO  o.e.m.j.i.AbstractJavaProjectConfigurator - Adding resource folder /login/src/main/resources
2025-05-14 19:59:57,392 [Worker-6: Importing Maven projects] INFO  o.e.m.j.i.AbstractJavaProjectConfigurator - Adding resource folder /login/src/main/resources
2025-05-14 19:59:57,405 [Worker-6: Importing Maven projects] INFO  o.e.m.j.i.AbstractJavaProjectConfigurator - Adding source folder /login/src/test/java
2025-05-14 19:59:57,406 [Worker-6: Importing Maven projects] INFO  o.e.m.j.i.AbstractJavaProjectConfigurator - Adding resource folder /login/src/test/resources
2025-05-14 19:59:58,093 [Worker-6: Importing Maven projects] INFO  o.e.m.c.i.p.ProjectConfigurationManager - Imported and configured 1 project(s) in 19 sec
2025-05-14 20:00:43,875 [Worker-22: Building Workspace] INFO  o.e.m.c.i.l.LifecycleMappingFactory - Using org.eclipse.m2e.jdt.JarLifecycleMapping lifecycle mapping for MavenProject: br.com:HotelariaDegaspari:0.0.1-SNAPSHOT @ D:\Desenvolvimento Software\HotelariaDegaspari\HotelariaDegaspari\pom.xml.
2025-05-14 20:00:48,833 [Worker-22: Building Workspace] INFO  o.e.m.c.i.embedder.EclipseLogger - Using 'UTF-8' encoding to copy filtered resources.
2025-05-14 20:00:48,834 [Worker-22: Building Workspace] INFO  o.e.m.c.i.embedder.EclipseLogger - Using 'UTF-8' encoding to copy filtered properties files.
2025-05-14 20:00:48,892 [Worker-22: Building Workspace] INFO  o.e.m.c.i.embedder.EclipseLogger - Copying 1 resource
2025-05-14 20:00:48,932 [Worker-22: Building Workspace] INFO  o.e.m.c.i.embedder.EclipseLogger - Copying 0 resource
2025-05-14 20:00:48,940 [Worker-22: Building Workspace] INFO  o.e.m.c.i.embedder.EclipseLogger - Using 'UTF-8' encoding to copy filtered resources.
2025-05-14 20:00:48,940 [Worker-22: Building Workspace] INFO  o.e.m.c.i.embedder.EclipseLogger - Using 'UTF-8' encoding to copy filtered properties files.
2025-05-14 20:00:48,940 [Worker-22: Building Workspace] INFO  o.e.m.c.i.embedder.EclipseLogger - skip non existing resourceDirectory D:\Desenvolvimento Software\HotelariaDegaspari\HotelariaDegaspari\src\test\resources
2025-05-14 20:00:49,579 [Worker-22: Building Workspace] INFO  o.e.m.c.i.embedder.EclipseLogger - Using 'UTF-8' encoding to copy filtered resources.
2025-05-14 20:00:49,579 [Worker-22: Building Workspace] INFO  o.e.m.c.i.embedder.EclipseLogger - Using 'UTF-8' encoding to copy filtered properties files.
2025-05-14 20:00:49,579 [Worker-22: Building Workspace] INFO  o.e.m.c.i.embedder.EclipseLogger - Copying 1 resource
2025-05-14 20:00:49,606 [Worker-22: Building Workspace] INFO  o.e.m.c.i.embedder.EclipseLogger - Copying 0 resource
2025-05-14 20:00:49,612 [Worker-22: Building Workspace] INFO  o.e.m.c.i.embedder.EclipseLogger - Using 'UTF-8' encoding to copy filtered resources.
2025-05-14 20:00:49,612 [Worker-22: Building Workspace] INFO  o.e.m.c.i.embedder.EclipseLogger - Using 'UTF-8' encoding to copy filtered properties files.
2025-05-14 20:00:49,612 [Worker-22: Building Workspace] INFO  o.e.m.c.i.embedder.EclipseLogger - skip non existing resourceDirectory D:\Desenvolvimento Software\PetAmigo\API\login\src\test\resources
2025-05-14 20:45:12,828 [Worker-32: Building Workspace] INFO  o.e.m.c.i.embedder.EclipseLogger - Using 'UTF-8' encoding to copy filtered resources.
2025-05-14 20:45:12,829 [Worker-32: Building Workspace] INFO  o.e.m.c.i.embedder.EclipseLogger - Using 'UTF-8' encoding to copy filtered properties files.
2025-05-14 20:45:12,830 [Worker-32: Building Workspace] INFO  o.e.m.c.i.embedder.EclipseLogger - Copying 1 resource
2025-05-14 20:45:12,839 [Worker-32: Building Workspace] INFO  o.e.m.c.i.embedder.EclipseLogger - Copying 0 resource
2025-05-14 20:45:12,850 [Worker-32: Building Workspace] INFO  o.e.m.c.i.embedder.EclipseLogger - Using 'UTF-8' encoding to copy filtered resources.
2025-05-14 20:45:12,851 [Worker-32: Building Workspace] INFO  o.e.m.c.i.embedder.EclipseLogger - Using 'UTF-8' encoding to copy filtered properties files.
2025-05-14 20:45:12,851 [Worker-32: Building Workspace] INFO  o.e.m.c.i.embedder.EclipseLogger - skip non existing resourceDirectory D:\Desenvolvimento Software\HotelariaDegaspari\HotelariaDegaspari\src\test\resources
2025-05-14 20:45:13,406 [Worker-32: Building Workspace] INFO  o.e.m.c.i.embedder.EclipseLogger - Using 'UTF-8' encoding to copy filtered resources.
2025-05-14 20:45:13,407 [Worker-32: Building Workspace] INFO  o.e.m.c.i.embedder.EclipseLogger - Using 'UTF-8' encoding to copy filtered properties files.
2025-05-14 20:45:13,407 [Worker-32: Building Workspace] INFO  o.e.m.c.i.embedder.EclipseLogger - Copying 1 resource
2025-05-14 20:45:13,410 [Worker-32: Building Workspace] INFO  o.e.m.c.i.embedder.EclipseLogger - Copying 0 resource
2025-05-14 20:45:13,417 [Worker-32: Building Workspace] INFO  o.e.m.c.i.embedder.EclipseLogger - Using 'UTF-8' encoding to copy filtered resources.
2025-05-14 20:45:13,418 [Worker-32: Building Workspace] INFO  o.e.m.c.i.embedder.EclipseLogger - Using 'UTF-8' encoding to copy filtered properties files.
2025-05-14 20:45:13,418 [Worker-32: Building Workspace] INFO  o.e.m.c.i.embedder.EclipseLogger - skip non existing resourceDirectory D:\Desenvolvimento Software\PetAmigo\API\login\src\test\resources
2025-05-14 20:56:06,818 [Worker-35: Building Workspace] INFO  o.e.m.c.i.embedder.EclipseLogger - Using 'UTF-8' encoding to copy filtered resources.
2025-05-14 20:56:06,819 [Worker-35: Building Workspace] INFO  o.e.m.c.i.embedder.EclipseLogger - Using 'UTF-8' encoding to copy filtered properties files.
2025-05-14 20:56:06,820 [Worker-35: Building Workspace] INFO  o.e.m.c.i.embedder.EclipseLogger - Copying 1 resource
2025-05-14 20:56:06,823 [Worker-35: Building Workspace] INFO  o.e.m.c.i.embedder.EclipseLogger - Copying 0 resource
2025-05-14 20:56:06,831 [Worker-35: Building Workspace] INFO  o.e.m.c.i.embedder.EclipseLogger - Using 'UTF-8' encoding to copy filtered resources.
2025-05-14 20:56:06,831 [Worker-35: Building Workspace] INFO  o.e.m.c.i.embedder.EclipseLogger - Using 'UTF-8' encoding to copy filtered properties files.
2025-05-14 20:56:06,831 [Worker-35: Building Workspace] INFO  o.e.m.c.i.embedder.EclipseLogger - skip non existing resourceDirectory D:\Desenvolvimento Software\PetAmigo\API\login\src\test\resources
2025-05-14 20:57:33,705 [Worker-25: Updating Maven Project] INFO  o.e.m.c.i.p.ProjectConfigurationManager - Update started
2025-05-14 20:57:34,669 [Worker-25: Updating Maven Project] INFO  o.e.m.c.i.l.LifecycleMappingFactory - Using org.eclipse.m2e.jdt.JarLifecycleMapping lifecycle mapping for MavenProject: com.petamigo:login:0.0.1-SNAPSHOT @ D:\Desenvolvimento Software\PetAmigo\API\login\pom.xml.
2025-05-14 20:57:36,026 [Worker-25: Updating Maven Project] INFO  o.e.m.j.i.AbstractJavaProjectConfigurator - Adding source folder /login/src/main/java
2025-05-14 20:57:36,028 [Worker-25: Updating Maven Project] INFO  o.e.m.j.i.AbstractJavaProjectConfigurator - Adding resource folder /login/src/main/resources
2025-05-14 20:57:36,029 [Worker-25: Updating Maven Project] INFO  o.e.m.j.i.AbstractJavaProjectConfigurator - Adding resource folder /login/src/main/resources
2025-05-14 20:57:36,030 [Worker-25: Updating Maven Project] INFO  o.e.m.j.i.AbstractJavaProjectConfigurator - Adding source folder /login/src/test/java
2025-05-14 20:57:36,031 [Worker-25: Updating Maven Project] INFO  o.e.m.j.i.AbstractJavaProjectConfigurator - Adding resource folder /login/src/test/resources
2025-05-14 20:57:36,466 [Worker-25: Updating Maven Project] INFO  o.e.m.c.i.p.ProjectConfigurationManager - Update completed for 1 poms: local refresh takes 0,00 sec, refresh facades takes 2,00 sec, update config takes 0,00 sec 
2025-05-14 20:58:01,239 [Worker-29: Launching Executing clean in D__Desenvolvimento Software_PetAmigo_API_login] INFO  o.eclipse.m2e.core.internal.Bundles - getClasspathEntries(Bundle=org.eclipse.m2e.maven.runtime_3.9.900.20240824-1409 [641])
2025-05-14 20:58:01,242 [Worker-29: Launching Executing clean in D__Desenvolvimento Software_PetAmigo_API_login] INFO  o.eclipse.m2e.core.internal.Bundles - 	Entry: D:\Programs\eclipse\plugins\org.eclipse.m2e.maven.runtime_3.9.900.20240824-1409
2025-05-14 20:58:01,244 [Worker-29: Launching Executing clean in D__Desenvolvimento Software_PetAmigo_API_login] INFO  o.eclipse.m2e.core.internal.Bundles - 	Entry: D:\Programs\eclipse\plugins\org.eclipse.m2e.maven.runtime_3.9.900.20240824-1409\jars\aopalliance-1.0.jar
2025-05-14 20:58:01,245 [Worker-29: Launching Executing clean in D__Desenvolvimento Software_PetAmigo_API_login] INFO  o.eclipse.m2e.core.internal.Bundles - 	Entry: D:\Programs\eclipse\plugins\org.eclipse.m2e.maven.runtime_3.9.900.20240824-1409\jars\guice-5.1.0.jar
2025-05-14 20:58:01,245 [Worker-29: Launching Executing clean in D__Desenvolvimento Software_PetAmigo_API_login] INFO  o.eclipse.m2e.core.internal.Bundles - 	Entry: D:\Programs\eclipse\plugins\org.eclipse.m2e.maven.runtime_3.9.900.20240824-1409\jars\httpclient-4.5.14.jar
2025-05-14 20:58:01,246 [Worker-29: Launching Executing clean in D__Desenvolvimento Software_PetAmigo_API_login] INFO  o.eclipse.m2e.core.internal.Bundles - 	Entry: D:\Programs\eclipse\plugins\org.eclipse.m2e.maven.runtime_3.9.900.20240824-1409\jars\httpcore-4.4.16.jar
2025-05-14 20:58:01,246 [Worker-29: Launching Executing clean in D__Desenvolvimento Software_PetAmigo_API_login] INFO  o.eclipse.m2e.core.internal.Bundles - 	Entry: D:\Programs\eclipse\plugins\org.eclipse.m2e.maven.runtime_3.9.900.20240824-1409\jars\jansi-2.4.1.jar
2025-05-14 20:58:01,246 [Worker-29: Launching Executing clean in D__Desenvolvimento Software_PetAmigo_API_login] INFO  o.eclipse.m2e.core.internal.Bundles - 	Entry: D:\Programs\eclipse\plugins\org.eclipse.m2e.maven.runtime_3.9.900.20240824-1409\jars\jcl-over-slf4j-1.7.36.jar
2025-05-14 20:58:01,246 [Worker-29: Launching Executing clean in D__Desenvolvimento Software_PetAmigo_API_login] INFO  o.eclipse.m2e.core.internal.Bundles - 	Entry: D:\Programs\eclipse\plugins\org.eclipse.m2e.maven.runtime_3.9.900.20240824-1409\jars\maven-artifact-3.9.9.jar
2025-05-14 20:58:01,247 [Worker-29: Launching Executing clean in D__Desenvolvimento Software_PetAmigo_API_login] INFO  o.eclipse.m2e.core.internal.Bundles - 	Entry: D:\Programs\eclipse\plugins\org.eclipse.m2e.maven.runtime_3.9.900.20240824-1409\jars\maven-builder-support-3.9.9.jar
2025-05-14 20:58:01,247 [Worker-29: Launching Executing clean in D__Desenvolvimento Software_PetAmigo_API_login] INFO  o.eclipse.m2e.core.internal.Bundles - 	Entry: D:\Programs\eclipse\plugins\org.eclipse.m2e.maven.runtime_3.9.900.20240824-1409\jars\maven-compat-3.9.9.jar
2025-05-14 20:58:01,247 [Worker-29: Launching Executing clean in D__Desenvolvimento Software_PetAmigo_API_login] INFO  o.eclipse.m2e.core.internal.Bundles - 	Entry: D:\Programs\eclipse\plugins\org.eclipse.m2e.maven.runtime_3.9.900.20240824-1409\jars\maven-core-3.9.9.jar
2025-05-14 20:58:01,247 [Worker-29: Launching Executing clean in D__Desenvolvimento Software_PetAmigo_API_login] INFO  o.eclipse.m2e.core.internal.Bundles - 	Entry: D:\Programs\eclipse\plugins\org.eclipse.m2e.maven.runtime_3.9.900.20240824-1409\jars\maven-embedder-3.9.9.jar
2025-05-14 20:58:01,248 [Worker-29: Launching Executing clean in D__Desenvolvimento Software_PetAmigo_API_login] INFO  o.eclipse.m2e.core.internal.Bundles - 	Entry: D:\Programs\eclipse\plugins\org.eclipse.m2e.maven.runtime_3.9.900.20240824-1409\jars\maven-model-3.9.9.jar
2025-05-14 20:58:01,248 [Worker-29: Launching Executing clean in D__Desenvolvimento Software_PetAmigo_API_login] INFO  o.eclipse.m2e.core.internal.Bundles - 	Entry: D:\Programs\eclipse\plugins\org.eclipse.m2e.maven.runtime_3.9.900.20240824-1409\jars\maven-model-builder-3.9.9.jar
2025-05-14 20:58:01,248 [Worker-29: Launching Executing clean in D__Desenvolvimento Software_PetAmigo_API_login] INFO  o.eclipse.m2e.core.internal.Bundles - 	Entry: D:\Programs\eclipse\plugins\org.eclipse.m2e.maven.runtime_3.9.900.20240824-1409\jars\maven-plugin-api-3.9.9.jar
2025-05-14 20:58:01,249 [Worker-29: Launching Executing clean in D__Desenvolvimento Software_PetAmigo_API_login] INFO  o.eclipse.m2e.core.internal.Bundles - 	Entry: D:\Programs\eclipse\plugins\org.eclipse.m2e.maven.runtime_3.9.900.20240824-1409\jars\maven-repository-metadata-3.9.9.jar
2025-05-14 20:58:01,249 [Worker-29: Launching Executing clean in D__Desenvolvimento Software_PetAmigo_API_login] INFO  o.eclipse.m2e.core.internal.Bundles - 	Entry: D:\Programs\eclipse\plugins\org.eclipse.m2e.maven.runtime_3.9.900.20240824-1409\jars\maven-resolver-api-1.9.22.jar
2025-05-14 20:58:01,249 [Worker-29: Launching Executing clean in D__Desenvolvimento Software_PetAmigo_API_login] INFO  o.eclipse.m2e.core.internal.Bundles - 	Entry: D:\Programs\eclipse\plugins\org.eclipse.m2e.maven.runtime_3.9.900.20240824-1409\jars\maven-resolver-connector-basic-1.9.22.jar
2025-05-14 20:58:01,249 [Worker-29: Launching Executing clean in D__Desenvolvimento Software_PetAmigo_API_login] INFO  o.eclipse.m2e.core.internal.Bundles - 	Entry: D:\Programs\eclipse\plugins\org.eclipse.m2e.maven.runtime_3.9.900.20240824-1409\jars\maven-resolver-impl-1.9.22.jar
2025-05-14 20:58:01,249 [Worker-29: Launching Executing clean in D__Desenvolvimento Software_PetAmigo_API_login] INFO  o.eclipse.m2e.core.internal.Bundles - 	Entry: D:\Programs\eclipse\plugins\org.eclipse.m2e.maven.runtime_3.9.900.20240824-1409\jars\maven-resolver-named-locks-1.9.22.jar
2025-05-14 20:58:01,249 [Worker-29: Launching Executing clean in D__Desenvolvimento Software_PetAmigo_API_login] INFO  o.eclipse.m2e.core.internal.Bundles - 	Entry: D:\Programs\eclipse\plugins\org.eclipse.m2e.maven.runtime_3.9.900.20240824-1409\jars\maven-resolver-provider-3.9.9.jar
2025-05-14 20:58:01,249 [Worker-29: Launching Executing clean in D__Desenvolvimento Software_PetAmigo_API_login] INFO  o.eclipse.m2e.core.internal.Bundles - 	Entry: D:\Programs\eclipse\plugins\org.eclipse.m2e.maven.runtime_3.9.900.20240824-1409\jars\maven-resolver-spi-1.9.22.jar
2025-05-14 20:58:01,250 [Worker-29: Launching Executing clean in D__Desenvolvimento Software_PetAmigo_API_login] INFO  o.eclipse.m2e.core.internal.Bundles - 	Entry: D:\Programs\eclipse\plugins\org.eclipse.m2e.maven.runtime_3.9.900.20240824-1409\jars\maven-resolver-transport-file-1.9.22.jar
2025-05-14 20:58:01,250 [Worker-29: Launching Executing clean in D__Desenvolvimento Software_PetAmigo_API_login] INFO  o.eclipse.m2e.core.internal.Bundles - 	Entry: D:\Programs\eclipse\plugins\org.eclipse.m2e.maven.runtime_3.9.900.20240824-1409\jars\maven-resolver-transport-http-1.9.22.jar
2025-05-14 20:58:01,250 [Worker-29: Launching Executing clean in D__Desenvolvimento Software_PetAmigo_API_login] INFO  o.eclipse.m2e.core.internal.Bundles - 	Entry: D:\Programs\eclipse\plugins\org.eclipse.m2e.maven.runtime_3.9.900.20240824-1409\jars\maven-resolver-transport-wagon-1.9.22.jar
2025-05-14 20:58:01,250 [Worker-29: Launching Executing clean in D__Desenvolvimento Software_PetAmigo_API_login] INFO  o.eclipse.m2e.core.internal.Bundles - 	Entry: D:\Programs\eclipse\plugins\org.eclipse.m2e.maven.runtime_3.9.900.20240824-1409\jars\maven-resolver-util-1.9.22.jar
2025-05-14 20:58:01,251 [Worker-29: Launching Executing clean in D__Desenvolvimento Software_PetAmigo_API_login] INFO  o.eclipse.m2e.core.internal.Bundles - 	Entry: D:\Programs\eclipse\plugins\org.eclipse.m2e.maven.runtime_3.9.900.20240824-1409\jars\maven-settings-3.9.9.jar
2025-05-14 20:58:01,251 [Worker-29: Launching Executing clean in D__Desenvolvimento Software_PetAmigo_API_login] INFO  o.eclipse.m2e.core.internal.Bundles - 	Entry: D:\Programs\eclipse\plugins\org.eclipse.m2e.maven.runtime_3.9.900.20240824-1409\jars\maven-settings-builder-3.9.9.jar
2025-05-14 20:58:01,251 [Worker-29: Launching Executing clean in D__Desenvolvimento Software_PetAmigo_API_login] INFO  o.eclipse.m2e.core.internal.Bundles - 	Entry: D:\Programs\eclipse\plugins\org.eclipse.m2e.maven.runtime_3.9.900.20240824-1409\jars\maven-shared-utils-3.4.2.jar
2025-05-14 20:58:01,251 [Worker-29: Launching Executing clean in D__Desenvolvimento Software_PetAmigo_API_login] INFO  o.eclipse.m2e.core.internal.Bundles - 	Entry: D:\Programs\eclipse\plugins\org.eclipse.m2e.maven.runtime_3.9.900.20240824-1409\jars\org.eclipse.sisu.inject-0.9.0.M3.jar
2025-05-14 20:58:01,251 [Worker-29: Launching Executing clean in D__Desenvolvimento Software_PetAmigo_API_login] INFO  o.eclipse.m2e.core.internal.Bundles - 	Entry: D:\Programs\eclipse\plugins\org.eclipse.m2e.maven.runtime_3.9.900.20240824-1409\jars\org.eclipse.sisu.plexus-0.9.0.M3.jar
2025-05-14 20:58:01,251 [Worker-29: Launching Executing clean in D__Desenvolvimento Software_PetAmigo_API_login] INFO  o.eclipse.m2e.core.internal.Bundles - 	Entry: D:\Programs\eclipse\plugins\org.eclipse.m2e.maven.runtime_3.9.900.20240824-1409\jars\plexus-build-api-0.0.7.jar
2025-05-14 20:58:01,251 [Worker-29: Launching Executing clean in D__Desenvolvimento Software_PetAmigo_API_login] INFO  o.eclipse.m2e.core.internal.Bundles - 	Entry: D:\Programs\eclipse\plugins\org.eclipse.m2e.maven.runtime_3.9.900.20240824-1409\jars\plexus-build-api-1.2.0.jar
2025-05-14 20:58:01,251 [Worker-29: Launching Executing clean in D__Desenvolvimento Software_PetAmigo_API_login] INFO  o.eclipse.m2e.core.internal.Bundles - 	Entry: D:\Programs\eclipse\plugins\org.eclipse.m2e.maven.runtime_3.9.900.20240824-1409\jars\plexus-cipher-2.0.jar
2025-05-14 20:58:01,251 [Worker-29: Launching Executing clean in D__Desenvolvimento Software_PetAmigo_API_login] INFO  o.eclipse.m2e.core.internal.Bundles - 	Entry: D:\Programs\eclipse\plugins\org.eclipse.m2e.maven.runtime_3.9.900.20240824-1409\jars\plexus-classworlds-2.8.0.jar
2025-05-14 20:58:01,252 [Worker-29: Launching Executing clean in D__Desenvolvimento Software_PetAmigo_API_login] INFO  o.eclipse.m2e.core.internal.Bundles - 	Entry: D:\Programs\eclipse\plugins\org.eclipse.m2e.maven.runtime_3.9.900.20240824-1409\jars\plexus-component-annotations-2.1.0.jar
2025-05-14 20:58:01,252 [Worker-29: Launching Executing clean in D__Desenvolvimento Software_PetAmigo_API_login] INFO  o.eclipse.m2e.core.internal.Bundles - 	Entry: D:\Programs\eclipse\plugins\org.eclipse.m2e.maven.runtime_3.9.900.20240824-1409\jars\plexus-interpolation-1.27.jar
2025-05-14 20:58:01,252 [Worker-29: Launching Executing clean in D__Desenvolvimento Software_PetAmigo_API_login] INFO  o.eclipse.m2e.core.internal.Bundles - 	Entry: D:\Programs\eclipse\plugins\org.eclipse.m2e.maven.runtime_3.9.900.20240824-1409\jars\plexus-sec-dispatcher-2.0.jar
2025-05-14 20:58:01,252 [Worker-29: Launching Executing clean in D__Desenvolvimento Software_PetAmigo_API_login] INFO  o.eclipse.m2e.core.internal.Bundles - 	Entry: D:\Programs\eclipse\plugins\org.eclipse.m2e.maven.runtime_3.9.900.20240824-1409\jars\plexus-utils-3.5.1.jar
2025-05-14 20:58:01,252 [Worker-29: Launching Executing clean in D__Desenvolvimento Software_PetAmigo_API_login] INFO  o.eclipse.m2e.core.internal.Bundles - 	Entry: D:\Programs\eclipse\plugins\org.eclipse.m2e.maven.runtime_3.9.900.20240824-1409\jars\plexus-xml-3.0.1.jar
2025-05-14 20:58:01,252 [Worker-29: Launching Executing clean in D__Desenvolvimento Software_PetAmigo_API_login] INFO  o.eclipse.m2e.core.internal.Bundles - 	Entry: D:\Programs\eclipse\plugins\org.eclipse.m2e.maven.runtime_3.9.900.20240824-1409\jars\wagon-file-3.5.3.jar
2025-05-14 20:58:01,253 [Worker-29: Launching Executing clean in D__Desenvolvimento Software_PetAmigo_API_login] INFO  o.eclipse.m2e.core.internal.Bundles - 	Entry: D:\Programs\eclipse\plugins\org.eclipse.m2e.maven.runtime_3.9.900.20240824-1409\jars\wagon-http-3.5.3.jar
2025-05-14 20:58:01,253 [Worker-29: Launching Executing clean in D__Desenvolvimento Software_PetAmigo_API_login] INFO  o.eclipse.m2e.core.internal.Bundles - 	Entry: D:\Programs\eclipse\plugins\org.eclipse.m2e.maven.runtime_3.9.900.20240824-1409\jars\wagon-http-shared-3.5.3.jar
2025-05-14 20:58:01,253 [Worker-29: Launching Executing clean in D__Desenvolvimento Software_PetAmigo_API_login] INFO  o.eclipse.m2e.core.internal.Bundles - 	Entry: D:\Programs\eclipse\plugins\org.eclipse.m2e.maven.runtime_3.9.900.20240824-1409\jars\wagon-provider-api-3.5.3.jar
2025-05-14 20:58:01,257 [Worker-29: Launching Executing clean in D__Desenvolvimento Software_PetAmigo_API_login] INFO  o.eclipse.m2e.core.internal.Bundles - getClasspathEntries(Bundle=com.google.guava_33.3.1.jre [16])
2025-05-14 20:58:01,258 [Worker-29: Launching Executing clean in D__Desenvolvimento Software_PetAmigo_API_login] INFO  o.eclipse.m2e.core.internal.Bundles - 	Entry: D:\Programs\eclipse\plugins\com.google.guava_33.3.1.jre.jar
2025-05-14 20:58:01,258 [Worker-29: Launching Executing clean in D__Desenvolvimento Software_PetAmigo_API_login] INFO  o.eclipse.m2e.core.internal.Bundles - getClasspathEntries(Bundle=slf4j.api_2.0.16 [1008])
2025-05-14 20:58:01,258 [Worker-29: Launching Executing clean in D__Desenvolvimento Software_PetAmigo_API_login] INFO  o.eclipse.m2e.core.internal.Bundles - 	Entry: D:\Programs\eclipse\plugins\slf4j.api_2.0.16.jar
2025-05-14 20:58:01,259 [Worker-29: Launching Executing clean in D__Desenvolvimento Software_PetAmigo_API_login] INFO  o.eclipse.m2e.core.internal.Bundles - getClasspathEntries(Bundle=jakarta.inject.jakarta.inject-api_1.0.5 [34])
2025-05-14 20:58:01,260 [Worker-29: Launching Executing clean in D__Desenvolvimento Software_PetAmigo_API_login] INFO  o.eclipse.m2e.core.internal.Bundles - 	Entry: D:\Programs\eclipse\plugins\jakarta.inject.jakarta.inject-api_1.0.5.jar
2025-05-14 20:58:01,260 [Worker-29: Launching Executing clean in D__Desenvolvimento Software_PetAmigo_API_login] INFO  o.eclipse.m2e.core.internal.Bundles - getClasspathEntries(Bundle=jakarta.annotation-api_1.3.5 [29])
2025-05-14 20:58:01,261 [Worker-29: Launching Executing clean in D__Desenvolvimento Software_PetAmigo_API_login] INFO  o.eclipse.m2e.core.internal.Bundles - 	Entry: D:\Programs\eclipse\plugins\jakarta.annotation-api_1.3.5.jar
2025-05-14 20:58:01,261 [Worker-29: Launching Executing clean in D__Desenvolvimento Software_PetAmigo_API_login] INFO  o.eclipse.m2e.core.internal.Bundles - getClasspathEntries(Bundle=org.apache.commons.cli_1.9.0 [75])
2025-05-14 20:58:01,261 [Worker-29: Launching Executing clean in D__Desenvolvimento Software_PetAmigo_API_login] INFO  o.eclipse.m2e.core.internal.Bundles - 	Entry: D:\Programs\eclipse\plugins\org.apache.commons.cli_1.9.0.jar
2025-05-14 20:58:01,262 [Worker-29: Launching Executing clean in D__Desenvolvimento Software_PetAmigo_API_login] INFO  o.eclipse.m2e.core.internal.Bundles - getClasspathEntries(Bundle=org.apache.commons.commons-codec_1.16.0 [78])
2025-05-14 20:58:01,262 [Worker-29: Launching Executing clean in D__Desenvolvimento Software_PetAmigo_API_login] INFO  o.eclipse.m2e.core.internal.Bundles - 	Entry: D:\Programs\eclipse\plugins\org.apache.commons.commons-codec_1.16.0.jar
2025-05-14 20:58:01,263 [Worker-29: Launching Executing clean in D__Desenvolvimento Software_PetAmigo_API_login] INFO  o.eclipse.m2e.core.internal.Bundles - getClasspathEntries(Bundle=com.google.guava.failureaccess_1.0.2 [17])
2025-05-14 20:58:01,263 [Worker-29: Launching Executing clean in D__Desenvolvimento Software_PetAmigo_API_login] INFO  o.eclipse.m2e.core.internal.Bundles - 	Entry: D:\Programs\eclipse\plugins\com.google.guava.failureaccess_1.0.2.jar
2025-05-14 20:58:01,268 [Worker-29: Launching Executing clean in D__Desenvolvimento Software_PetAmigo_API_login] INFO  o.e.m.i.launch.MavenLaunchDelegate - Run build in "D:\Desenvolvimento Software\PetAmigo\API\login":
2025-05-14 20:58:01,270 [Worker-29: Launching Executing clean in D__Desenvolvimento Software_PetAmigo_API_login] INFO  o.e.m.i.launch.MavenLaunchDelegate -  mvn  -B -Dstyle.color=always clean
2025-05-14 20:58:20,509 [Worker-35: Updating Maven Project] INFO  o.e.m.c.i.p.ProjectConfigurationManager - Update started
2025-05-14 20:58:21,049 [Worker-35: Updating Maven Project] INFO  o.e.m.c.i.l.LifecycleMappingFactory - Using org.eclipse.m2e.jdt.JarLifecycleMapping lifecycle mapping for MavenProject: com.petamigo:login:0.0.1-SNAPSHOT @ D:\Desenvolvimento Software\PetAmigo\API\login\pom.xml.
2025-05-14 20:58:21,990 [Worker-35: Updating Maven Project] INFO  o.e.m.j.i.AbstractJavaProjectConfigurator - Adding source folder /login/src/main/java
2025-05-14 20:58:21,992 [Worker-35: Updating Maven Project] INFO  o.e.m.j.i.AbstractJavaProjectConfigurator - Adding resource folder /login/src/main/resources
2025-05-14 20:58:21,994 [Worker-35: Updating Maven Project] INFO  o.e.m.j.i.AbstractJavaProjectConfigurator - Adding resource folder /login/src/main/resources
2025-05-14 20:58:21,995 [Worker-35: Updating Maven Project] INFO  o.e.m.j.i.AbstractJavaProjectConfigurator - Adding source folder /login/src/test/java
2025-05-14 20:58:21,998 [Worker-35: Updating Maven Project] INFO  o.e.m.j.i.AbstractJavaProjectConfigurator - Adding resource folder /login/src/test/resources
2025-05-14 20:58:22,399 [Worker-35: Updating Maven Project] INFO  o.e.m.c.i.p.ProjectConfigurationManager - Update completed for 1 poms: local refresh takes 0,00 sec, refresh facades takes 1,00 sec, update config takes 0,00 sec 
2025-05-14 20:59:03,455 [Worker-37: Building Workspace] INFO  o.e.m.c.i.embedder.EclipseLogger - Using 'UTF-8' encoding to copy filtered resources.
2025-05-14 20:59:03,455 [Worker-37: Building Workspace] INFO  o.e.m.c.i.embedder.EclipseLogger - Using 'UTF-8' encoding to copy filtered properties files.
2025-05-14 20:59:03,456 [Worker-37: Building Workspace] INFO  o.e.m.c.i.embedder.EclipseLogger - Copying 1 resource
2025-05-14 20:59:03,482 [Worker-37: Building Workspace] INFO  o.e.m.c.i.embedder.EclipseLogger - Copying 0 resource
2025-05-14 20:59:03,494 [Worker-37: Building Workspace] INFO  o.e.m.c.i.embedder.EclipseLogger - Using 'UTF-8' encoding to copy filtered resources.
2025-05-14 20:59:03,494 [Worker-37: Building Workspace] INFO  o.e.m.c.i.embedder.EclipseLogger - Using 'UTF-8' encoding to copy filtered properties files.
2025-05-14 20:59:03,494 [Worker-37: Building Workspace] INFO  o.e.m.c.i.embedder.EclipseLogger - skip non existing resourceDirectory D:\Desenvolvimento Software\PetAmigo\API\login\src\test\resources
2025-05-14 21:01:55,159 [Worker-32: Building Workspace] INFO  o.e.m.c.i.embedder.EclipseLogger - Using 'UTF-8' encoding to copy filtered resources.
2025-05-14 21:01:55,159 [Worker-32: Building Workspace] INFO  o.e.m.c.i.embedder.EclipseLogger - Using 'UTF-8' encoding to copy filtered properties files.
2025-05-14 21:01:55,160 [Worker-32: Building Workspace] INFO  o.e.m.c.i.embedder.EclipseLogger - Copying 1 resource
2025-05-14 21:01:55,163 [Worker-32: Building Workspace] INFO  o.e.m.c.i.embedder.EclipseLogger - Copying 0 resource
2025-05-14 21:01:55,168 [Worker-32: Building Workspace] INFO  o.e.m.c.i.embedder.EclipseLogger - Using 'UTF-8' encoding to copy filtered resources.
2025-05-14 21:01:55,168 [Worker-32: Building Workspace] INFO  o.e.m.c.i.embedder.EclipseLogger - Using 'UTF-8' encoding to copy filtered properties files.
2025-05-14 21:01:55,168 [Worker-32: Building Workspace] INFO  o.e.m.c.i.embedder.EclipseLogger - skip non existing resourceDirectory D:\Desenvolvimento Software\PetAmigo\API\login\src\test\resources
2025-05-14 21:17:48,333 [Worker-40: Building Workspace] INFO  o.e.m.c.i.embedder.EclipseLogger - Using 'UTF-8' encoding to copy filtered resources.
2025-05-14 21:17:48,334 [Worker-40: Building Workspace] INFO  o.e.m.c.i.embedder.EclipseLogger - Using 'UTF-8' encoding to copy filtered properties files.
2025-05-14 21:17:48,334 [Worker-40: Building Workspace] INFO  o.e.m.c.i.embedder.EclipseLogger - Copying 1 resource
2025-05-14 21:17:48,337 [Worker-40: Building Workspace] INFO  o.e.m.c.i.embedder.EclipseLogger - Copying 0 resource
2025-05-14 21:17:48,342 [Worker-40: Building Workspace] INFO  o.e.m.c.i.embedder.EclipseLogger - Using 'UTF-8' encoding to copy filtered resources.
2025-05-14 21:17:48,342 [Worker-40: Building Workspace] INFO  o.e.m.c.i.embedder.EclipseLogger - Using 'UTF-8' encoding to copy filtered properties files.
2025-05-14 21:17:48,343 [Worker-40: Building Workspace] INFO  o.e.m.c.i.embedder.EclipseLogger - skip non existing resourceDirectory D:\Desenvolvimento Software\PetAmigo\API\login\src\test\resources
2025-05-14 21:18:08,988 [Worker-35: Building Workspace] INFO  o.e.m.c.i.embedder.EclipseLogger - Using 'UTF-8' encoding to copy filtered resources.
2025-05-14 21:18:08,988 [Worker-35: Building Workspace] INFO  o.e.m.c.i.embedder.EclipseLogger - Using 'UTF-8' encoding to copy filtered properties files.
2025-05-14 21:18:08,989 [Worker-35: Building Workspace] INFO  o.e.m.c.i.embedder.EclipseLogger - Copying 1 resource
2025-05-14 21:18:08,991 [Worker-35: Building Workspace] INFO  o.e.m.c.i.embedder.EclipseLogger - Copying 0 resource
2025-05-14 21:18:08,996 [Worker-35: Building Workspace] INFO  o.e.m.c.i.embedder.EclipseLogger - Using 'UTF-8' encoding to copy filtered resources.
2025-05-14 21:18:08,996 [Worker-35: Building Workspace] INFO  o.e.m.c.i.embedder.EclipseLogger - Using 'UTF-8' encoding to copy filtered properties files.
2025-05-14 21:18:08,997 [Worker-35: Building Workspace] INFO  o.e.m.c.i.embedder.EclipseLogger - skip non existing resourceDirectory D:\Desenvolvimento Software\PetAmigo\API\login\src\test\resources
2025-05-14 21:18:44,695 [Worker-39: Building Workspace] INFO  o.e.m.c.i.embedder.EclipseLogger - Using 'UTF-8' encoding to copy filtered resources.
2025-05-14 21:18:44,695 [Worker-39: Building Workspace] INFO  o.e.m.c.i.embedder.EclipseLogger - Using 'UTF-8' encoding to copy filtered properties files.
2025-05-14 21:18:44,695 [Worker-39: Building Workspace] INFO  o.e.m.c.i.embedder.EclipseLogger - Copying 1 resource
2025-05-14 21:18:44,697 [Worker-39: Building Workspace] INFO  o.e.m.c.i.embedder.EclipseLogger - Copying 0 resource
2025-05-14 21:18:44,704 [Worker-39: Building Workspace] INFO  o.e.m.c.i.embedder.EclipseLogger - Using 'UTF-8' encoding to copy filtered resources.
2025-05-14 21:18:44,705 [Worker-39: Building Workspace] INFO  o.e.m.c.i.embedder.EclipseLogger - Using 'UTF-8' encoding to copy filtered properties files.
2025-05-14 21:18:44,705 [Worker-39: Building Workspace] INFO  o.e.m.c.i.embedder.EclipseLogger - skip non existing resourceDirectory D:\Desenvolvimento Software\PetAmigo\API\login\src\test\resources
2025-05-14 21:29:04,568 [Worker-43: Building Workspace] INFO  o.e.m.c.i.embedder.EclipseLogger - Using 'UTF-8' encoding to copy filtered resources.
2025-05-14 21:29:04,568 [Worker-43: Building Workspace] INFO  o.e.m.c.i.embedder.EclipseLogger - Using 'UTF-8' encoding to copy filtered properties files.
2025-05-14 21:29:04,568 [Worker-43: Building Workspace] INFO  o.e.m.c.i.embedder.EclipseLogger - Copying 1 resource
2025-05-14 21:29:04,581 [Worker-43: Building Workspace] INFO  o.e.m.c.i.embedder.EclipseLogger - Copying 0 resource
2025-05-14 21:29:04,586 [Worker-43: Building Workspace] INFO  o.e.m.c.i.embedder.EclipseLogger - Using 'UTF-8' encoding to copy filtered resources.
2025-05-14 21:29:04,586 [Worker-43: Building Workspace] INFO  o.e.m.c.i.embedder.EclipseLogger - Using 'UTF-8' encoding to copy filtered properties files.
2025-05-14 21:29:04,586 [Worker-43: Building Workspace] INFO  o.e.m.c.i.embedder.EclipseLogger - skip non existing resourceDirectory D:\Desenvolvimento Software\PetAmigo\API\login\src\test\resources
2025-05-14 21:36:49,599 [Worker-39: Building Workspace] INFO  o.e.m.c.i.embedder.EclipseLogger - Using 'UTF-8' encoding to copy filtered resources.
2025-05-14 21:36:49,599 [Worker-39: Building Workspace] INFO  o.e.m.c.i.embedder.EclipseLogger - Using 'UTF-8' encoding to copy filtered properties files.
2025-05-14 21:36:49,599 [Worker-39: Building Workspace] INFO  o.e.m.c.i.embedder.EclipseLogger - Copying 1 resource
2025-05-14 21:36:49,600 [Worker-39: Building Workspace] INFO  o.e.m.c.i.embedder.EclipseLogger - Copying 0 resource
2025-05-14 21:36:49,603 [Worker-39: Building Workspace] INFO  o.e.m.c.i.embedder.EclipseLogger - Using 'UTF-8' encoding to copy filtered resources.
2025-05-14 21:36:49,603 [Worker-39: Building Workspace] INFO  o.e.m.c.i.embedder.EclipseLogger - Using 'UTF-8' encoding to copy filtered properties files.
2025-05-14 21:36:49,603 [Worker-39: Building Workspace] INFO  o.e.m.c.i.embedder.EclipseLogger - skip non existing resourceDirectory D:\Desenvolvimento Software\PetAmigo\API\login\src\test\resources
2025-05-14 21:50:35,214 [Worker-36: Building Workspace] INFO  o.e.m.c.i.embedder.EclipseLogger - Using 'UTF-8' encoding to copy filtered resources.
2025-05-14 21:50:35,214 [Worker-36: Building Workspace] INFO  o.e.m.c.i.embedder.EclipseLogger - Using 'UTF-8' encoding to copy filtered properties files.
2025-05-14 21:50:35,215 [Worker-36: Building Workspace] INFO  o.e.m.c.i.embedder.EclipseLogger - Copying 1 resource
2025-05-14 21:50:35,216 [Worker-36: Building Workspace] INFO  o.e.m.c.i.embedder.EclipseLogger - Copying 0 resource
2025-05-14 21:50:35,220 [Worker-36: Building Workspace] INFO  o.e.m.c.i.embedder.EclipseLogger - Using 'UTF-8' encoding to copy filtered resources.
2025-05-14 21:50:35,220 [Worker-36: Building Workspace] INFO  o.e.m.c.i.embedder.EclipseLogger - Using 'UTF-8' encoding to copy filtered properties files.
2025-05-14 21:50:35,220 [Worker-36: Building Workspace] INFO  o.e.m.c.i.embedder.EclipseLogger - skip non existing resourceDirectory D:\Desenvolvimento Software\PetAmigo\API\login\src\test\resources
2025-05-14 21:50:45,615 [Worker-43: Building Workspace] INFO  o.e.m.c.i.embedder.EclipseLogger - Using 'UTF-8' encoding to copy filtered resources.
2025-05-14 21:50:45,615 [Worker-43: Building Workspace] INFO  o.e.m.c.i.embedder.EclipseLogger - Using 'UTF-8' encoding to copy filtered properties files.
2025-05-14 21:50:45,616 [Worker-43: Building Workspace] INFO  o.e.m.c.i.embedder.EclipseLogger - Copying 1 resource
2025-05-14 21:50:45,617 [Worker-43: Building Workspace] INFO  o.e.m.c.i.embedder.EclipseLogger - Copying 0 resource
2025-05-14 21:50:45,621 [Worker-43: Building Workspace] INFO  o.e.m.c.i.embedder.EclipseLogger - Using 'UTF-8' encoding to copy filtered resources.
2025-05-14 21:50:45,621 [Worker-43: Building Workspace] INFO  o.e.m.c.i.embedder.EclipseLogger - Using 'UTF-8' encoding to copy filtered properties files.
2025-05-14 21:50:45,621 [Worker-43: Building Workspace] INFO  o.e.m.c.i.embedder.EclipseLogger - skip non existing resourceDirectory D:\Desenvolvimento Software\PetAmigo\API\login\src\test\resources
2025-05-14 21:57:57,932 [Worker-42: Building Workspace] INFO  o.e.m.c.i.embedder.EclipseLogger - Using 'UTF-8' encoding to copy filtered resources.
2025-05-14 21:57:57,932 [Worker-42: Building Workspace] INFO  o.e.m.c.i.embedder.EclipseLogger - Using 'UTF-8' encoding to copy filtered properties files.
2025-05-14 21:57:57,933 [Worker-42: Building Workspace] INFO  o.e.m.c.i.embedder.EclipseLogger - Copying 1 resource
2025-05-14 21:57:57,935 [Worker-42: Building Workspace] INFO  o.e.m.c.i.embedder.EclipseLogger - Copying 0 resource
2025-05-14 21:57:57,939 [Worker-42: Building Workspace] INFO  o.e.m.c.i.embedder.EclipseLogger - Using 'UTF-8' encoding to copy filtered resources.
2025-05-14 21:57:57,939 [Worker-42: Building Workspace] INFO  o.e.m.c.i.embedder.EclipseLogger - Using 'UTF-8' encoding to copy filtered properties files.
2025-05-14 21:57:57,939 [Worker-42: Building Workspace] INFO  o.e.m.c.i.embedder.EclipseLogger - skip non existing resourceDirectory D:\Desenvolvimento Software\PetAmigo\API\login\src\test\resources
2025-05-15 15:04:45,946 [Worker-4: Loading available Gradle versions] INFO  o.e.b.c.i.u.g.PublishedGradleVersions - Gradle version information cache is up-to-date. Trying to read.
2025-05-15 15:56:52,397 [Worker-31: Building Workspace] INFO  o.e.m.c.i.embedder.EclipseLogger - Using 'UTF-8' encoding to copy filtered resources.
2025-05-15 15:56:52,403 [Worker-31: Building Workspace] INFO  o.e.m.c.i.embedder.EclipseLogger - Using 'UTF-8' encoding to copy filtered properties files.
2025-05-15 15:56:52,409 [Worker-31: Building Workspace] INFO  o.e.m.c.i.embedder.EclipseLogger - Copying 1 resource
2025-05-15 15:56:52,432 [Worker-31: Building Workspace] INFO  o.e.m.c.i.embedder.EclipseLogger - Copying 0 resource
2025-05-15 15:56:52,440 [Worker-31: Building Workspace] INFO  o.e.m.c.i.embedder.EclipseLogger - Using 'UTF-8' encoding to copy filtered resources.
2025-05-15 15:56:52,440 [Worker-31: Building Workspace] INFO  o.e.m.c.i.embedder.EclipseLogger - Using 'UTF-8' encoding to copy filtered properties files.
2025-05-15 15:56:52,440 [Worker-31: Building Workspace] INFO  o.e.m.c.i.embedder.EclipseLogger - skip non existing resourceDirectory D:\Desenvolvimento Software\PetAmigo\API\login\src\test\resources
2025-05-15 16:16:40,849 [Worker-31: Building Workspace] INFO  o.e.m.c.i.embedder.EclipseLogger - Using 'UTF-8' encoding to copy filtered resources.
2025-05-15 16:16:40,849 [Worker-31: Building Workspace] INFO  o.e.m.c.i.embedder.EclipseLogger - Using 'UTF-8' encoding to copy filtered properties files.
2025-05-15 16:16:40,850 [Worker-31: Building Workspace] INFO  o.e.m.c.i.embedder.EclipseLogger - Copying 1 resource
2025-05-15 16:16:40,854 [Worker-31: Building Workspace] INFO  o.e.m.c.i.embedder.EclipseLogger - Copying 0 resource
2025-05-15 16:16:40,858 [Worker-31: Building Workspace] INFO  o.e.m.c.i.embedder.EclipseLogger - Using 'UTF-8' encoding to copy filtered resources.
2025-05-15 16:16:40,858 [Worker-31: Building Workspace] INFO  o.e.m.c.i.embedder.EclipseLogger - Using 'UTF-8' encoding to copy filtered properties files.
2025-05-15 16:16:40,858 [Worker-31: Building Workspace] INFO  o.e.m.c.i.embedder.EclipseLogger - skip non existing resourceDirectory D:\Desenvolvimento Software\PetAmigo\API\login\src\test\resources
2025-05-15 16:17:35,627 [Worker-32: Building Workspace] INFO  o.e.m.c.i.embedder.EclipseLogger - Using 'UTF-8' encoding to copy filtered resources.
2025-05-15 16:17:35,627 [Worker-32: Building Workspace] INFO  o.e.m.c.i.embedder.EclipseLogger - Using 'UTF-8' encoding to copy filtered properties files.
2025-05-15 16:17:35,627 [Worker-32: Building Workspace] INFO  o.e.m.c.i.embedder.EclipseLogger - Copying 1 resource
2025-05-15 16:17:35,630 [Worker-32: Building Workspace] INFO  o.e.m.c.i.embedder.EclipseLogger - Copying 0 resource
2025-05-15 16:17:35,636 [Worker-32: Building Workspace] INFO  o.e.m.c.i.embedder.EclipseLogger - Using 'UTF-8' encoding to copy filtered resources.
2025-05-15 16:17:35,636 [Worker-32: Building Workspace] INFO  o.e.m.c.i.embedder.EclipseLogger - Using 'UTF-8' encoding to copy filtered properties files.
2025-05-15 16:17:35,636 [Worker-32: Building Workspace] INFO  o.e.m.c.i.embedder.EclipseLogger - skip non existing resourceDirectory D:\Desenvolvimento Software\PetAmigo\API\login\src\test\resources
2025-05-15 18:27:37,950 [Worker-31: Building] INFO  o.e.m.c.i.l.LifecycleMappingFactory - Using org.eclipse.m2e.jdt.JarLifecycleMapping lifecycle mapping for MavenProject: com.petamigo:login:0.0.1-SNAPSHOT @ D:\Desenvolvimento Software\PetAmigo\API\login\pom.xml.
2025-05-15 18:27:38,842 [Worker-31: Building] INFO  o.e.m.c.i.e.AbstractTransferListenerAdapter - Downloading https://repo.maven.apache.org/maven2/org/springdoc/springdoc-openapi-ui/1.8.0/springdoc-openapi-ui-1.8.0.pom
2025-05-15 18:27:38,892 [Worker-31: Building] INFO  o.e.m.c.i.e.AbstractTransferListenerAdapter - Downloaded https://repo.maven.apache.org/maven2/org/springdoc/springdoc-openapi-ui/1.8.0/springdoc-openapi-ui-1.8.0.pom
2025-05-15 18:27:38,992 [Worker-31: Building] INFO  o.e.m.c.i.e.AbstractTransferListenerAdapter - Downloading https://repo.maven.apache.org/maven2/org/springdoc/springdoc-openapi/1.8.0/springdoc-openapi-1.8.0.pom
2025-05-15 18:27:39,048 [Worker-31: Building] INFO  o.e.m.c.i.e.AbstractTransferListenerAdapter - Downloaded https://repo.maven.apache.org/maven2/org/springdoc/springdoc-openapi/1.8.0/springdoc-openapi-1.8.0.pom
2025-05-15 18:27:39,158 [Worker-31: Building] INFO  o.e.m.c.i.e.AbstractTransferListenerAdapter - Downloading https://repo.maven.apache.org/maven2/org/springframework/boot/spring-boot-starter-parent/2.7.18/spring-boot-starter-parent-2.7.18.pom
2025-05-15 18:27:39,209 [Worker-31: Building] INFO  o.e.m.c.i.e.AbstractTransferListenerAdapter - Downloaded https://repo.maven.apache.org/maven2/org/springframework/boot/spring-boot-starter-parent/2.7.18/spring-boot-starter-parent-2.7.18.pom
2025-05-15 18:27:39,397 [Worker-31: Building] INFO  o.e.m.c.i.e.AbstractTransferListenerAdapter - Downloading https://repo.maven.apache.org/maven2/org/springframework/boot/spring-boot-dependencies/2.7.18/spring-boot-dependencies-2.7.18.pom
2025-05-15 18:27:39,572 [Worker-31: Building] INFO  o.e.m.c.i.e.AbstractTransferListenerAdapter - Downloaded https://repo.maven.apache.org/maven2/org/springframework/boot/spring-boot-dependencies/2.7.18/spring-boot-dependencies-2.7.18.pom
2025-05-15 18:27:39,690 [Worker-31: Building] INFO  o.e.m.c.i.e.AbstractTransferListenerAdapter - Downloading https://repo.maven.apache.org/maven2/io/dropwizard/metrics/metrics-bom/4.2.22/metrics-bom-4.2.22.pom
2025-05-15 18:27:39,739 [Worker-31: Building] INFO  o.e.m.c.i.e.AbstractTransferListenerAdapter - Downloaded https://repo.maven.apache.org/maven2/io/dropwizard/metrics/metrics-bom/4.2.22/metrics-bom-4.2.22.pom
2025-05-15 18:27:39,843 [Worker-31: Building] INFO  o.e.m.c.i.e.AbstractTransferListenerAdapter - Downloading https://repo.maven.apache.org/maven2/io/dropwizard/metrics/metrics-parent/4.2.22/metrics-parent-4.2.22.pom
2025-05-15 18:27:39,896 [Worker-31: Building] INFO  o.e.m.c.i.e.AbstractTransferListenerAdapter - Downloaded https://repo.maven.apache.org/maven2/io/dropwizard/metrics/metrics-parent/4.2.22/metrics-parent-4.2.22.pom
2025-05-15 18:27:40,014 [Worker-31: Building] INFO  o.e.m.c.i.e.AbstractTransferListenerAdapter - Downloading https://repo.maven.apache.org/maven2/org/codehaus/groovy/groovy-bom/3.0.19/groovy-bom-3.0.19.pom
2025-05-15 18:27:40,061 [Worker-31: Building] INFO  o.e.m.c.i.e.AbstractTransferListenerAdapter - Downloaded https://repo.maven.apache.org/maven2/org/codehaus/groovy/groovy-bom/3.0.19/groovy-bom-3.0.19.pom
2025-05-15 18:27:40,167 [Worker-31: Building] INFO  o.e.m.c.i.e.AbstractTransferListenerAdapter - Downloading https://repo.maven.apache.org/maven2/org/infinispan/infinispan-bom/13.0.20.Final/infinispan-bom-13.0.20.Final.pom
2025-05-15 18:27:40,217 [Worker-31: Building] INFO  o.e.m.c.i.e.AbstractTransferListenerAdapter - Downloaded https://repo.maven.apache.org/maven2/org/infinispan/infinispan-bom/13.0.20.Final/infinispan-bom-13.0.20.Final.pom
2025-05-15 18:27:40,323 [Worker-31: Building] INFO  o.e.m.c.i.e.AbstractTransferListenerAdapter - Downloading https://repo.maven.apache.org/maven2/org/infinispan/infinispan-build-configuration-parent/13.0.20.Final/infinispan-build-configuration-parent-13.0.20.Final.pom
2025-05-15 18:27:40,377 [Worker-31: Building] INFO  o.e.m.c.i.e.AbstractTransferListenerAdapter - Downloaded https://repo.maven.apache.org/maven2/org/infinispan/infinispan-build-configuration-parent/13.0.20.Final/infinispan-build-configuration-parent-13.0.20.Final.pom
2025-05-15 18:27:40,487 [Worker-31: Building] INFO  o.e.m.c.i.e.AbstractTransferListenerAdapter - Downloading https://repo.maven.apache.org/maven2/com/fasterxml/jackson/jackson-bom/2.13.5/jackson-bom-2.13.5.pom
2025-05-15 18:27:40,532 [Worker-31: Building] INFO  o.e.m.c.i.e.AbstractTransferListenerAdapter - Downloaded https://repo.maven.apache.org/maven2/com/fasterxml/jackson/jackson-bom/2.13.5/jackson-bom-2.13.5.pom
2025-05-15 18:27:40,641 [Worker-31: Building] INFO  o.e.m.c.i.e.AbstractTransferListenerAdapter - Downloading https://repo.maven.apache.org/maven2/org/eclipse/jetty/jetty-bom/9.4.53.v20231009/jetty-bom-9.4.53.v20231009.pom
2025-05-15 18:27:40,689 [Worker-31: Building] INFO  o.e.m.c.i.e.AbstractTransferListenerAdapter - Downloaded https://repo.maven.apache.org/maven2/org/eclipse/jetty/jetty-bom/9.4.53.v20231009/jetty-bom-9.4.53.v20231009.pom
2025-05-15 18:27:40,805 [Worker-31: Building] INFO  o.e.m.c.i.e.AbstractTransferListenerAdapter - Downloading https://repo.maven.apache.org/maven2/io/micrometer/micrometer-bom/1.9.17/micrometer-bom-1.9.17.pom
2025-05-15 18:27:40,838 [Worker-31: Building] INFO  o.e.m.c.i.e.AbstractTransferListenerAdapter - Downloaded https://repo.maven.apache.org/maven2/io/micrometer/micrometer-bom/1.9.17/micrometer-bom-1.9.17.pom
2025-05-15 18:27:40,936 [Worker-31: Building] INFO  o.e.m.c.i.e.AbstractTransferListenerAdapter - Downloading https://repo.maven.apache.org/maven2/io/netty/netty-bom/4.1.101.Final/netty-bom-4.1.101.Final.pom
2025-05-15 18:27:40,984 [Worker-31: Building] INFO  o.e.m.c.i.e.AbstractTransferListenerAdapter - Downloaded https://repo.maven.apache.org/maven2/io/netty/netty-bom/4.1.101.Final/netty-bom-4.1.101.Final.pom
2025-05-15 18:27:41,099 [Worker-31: Building] INFO  o.e.m.c.i.e.AbstractTransferListenerAdapter - Downloading https://repo.maven.apache.org/maven2/io/projectreactor/reactor-bom/2020.0.38/reactor-bom-2020.0.38.pom
2025-05-15 18:27:41,145 [Worker-31: Building] INFO  o.e.m.c.i.e.AbstractTransferListenerAdapter - Downloaded https://repo.maven.apache.org/maven2/io/projectreactor/reactor-bom/2020.0.38/reactor-bom-2020.0.38.pom
2025-05-15 18:27:41,244 [Worker-31: Building] INFO  o.e.m.c.i.e.AbstractTransferListenerAdapter - Downloading https://repo.maven.apache.org/maven2/org/springframework/data/spring-data-bom/2021.2.18/spring-data-bom-2021.2.18.pom
2025-05-15 18:27:41,280 [Worker-31: Building] INFO  o.e.m.c.i.e.AbstractTransferListenerAdapter - Downloaded https://repo.maven.apache.org/maven2/org/springframework/data/spring-data-bom/2021.2.18/spring-data-bom-2021.2.18.pom
2025-05-15 18:27:41,373 [Worker-31: Building] INFO  o.e.m.c.i.e.AbstractTransferListenerAdapter - Downloading https://repo.maven.apache.org/maven2/org/springframework/spring-framework-bom/5.3.31/spring-framework-bom-5.3.31.pom
2025-05-15 18:27:41,417 [Worker-31: Building] INFO  o.e.m.c.i.e.AbstractTransferListenerAdapter - Downloaded https://repo.maven.apache.org/maven2/org/springframework/spring-framework-bom/5.3.31/spring-framework-bom-5.3.31.pom
2025-05-15 18:27:41,513 [Worker-31: Building] INFO  o.e.m.c.i.e.AbstractTransferListenerAdapter - Downloading https://repo.maven.apache.org/maven2/org/springframework/integration/spring-integration-bom/5.5.20/spring-integration-bom-5.5.20.pom
2025-05-15 18:27:41,558 [Worker-31: Building] INFO  o.e.m.c.i.e.AbstractTransferListenerAdapter - Downloaded https://repo.maven.apache.org/maven2/org/springframework/integration/spring-integration-bom/5.5.20/spring-integration-bom-5.5.20.pom
2025-05-15 18:27:41,670 [Worker-31: Building] INFO  o.e.m.c.i.e.AbstractTransferListenerAdapter - Downloading https://repo.maven.apache.org/maven2/org/springframework/security/spring-security-bom/5.7.11/spring-security-bom-5.7.11.pom
2025-05-15 18:27:41,714 [Worker-31: Building] INFO  o.e.m.c.i.e.AbstractTransferListenerAdapter - Downloaded https://repo.maven.apache.org/maven2/org/springframework/security/spring-security-bom/5.7.11/spring-security-bom-5.7.11.pom
2025-05-15 18:27:41,813 [Worker-31: Building] INFO  o.e.m.c.i.e.AbstractTransferListenerAdapter - Downloading https://repo.maven.apache.org/maven2/org/springframework/session/spring-session-bom/2021.2.3/spring-session-bom-2021.2.3.pom
2025-05-15 18:27:41,848 [Worker-31: Building] INFO  o.e.m.c.i.e.AbstractTransferListenerAdapter - Downloaded https://repo.maven.apache.org/maven2/org/springframework/session/spring-session-bom/2021.2.3/spring-session-bom-2021.2.3.pom
2025-05-15 18:27:41,949 [Worker-31: Building] INFO  o.e.m.c.i.e.AbstractTransferListenerAdapter - Downloading https://repo.maven.apache.org/maven2/org/springdoc/springdoc-openapi-webmvc-core/1.8.0/springdoc-openapi-webmvc-core-1.8.0.pom
2025-05-15 18:27:41,995 [Worker-31: Building] INFO  o.e.m.c.i.e.AbstractTransferListenerAdapter - Downloaded https://repo.maven.apache.org/maven2/org/springdoc/springdoc-openapi-webmvc-core/1.8.0/springdoc-openapi-webmvc-core-1.8.0.pom
2025-05-15 18:27:42,091 [Worker-31: Building] INFO  o.e.m.c.i.e.AbstractTransferListenerAdapter - Downloading https://repo.maven.apache.org/maven2/org/springdoc/springdoc-openapi-common/1.8.0/springdoc-openapi-common-1.8.0.pom
2025-05-15 18:27:42,135 [Worker-31: Building] INFO  o.e.m.c.i.e.AbstractTransferListenerAdapter - Downloaded https://repo.maven.apache.org/maven2/org/springdoc/springdoc-openapi-common/1.8.0/springdoc-openapi-common-1.8.0.pom
2025-05-15 18:27:42,236 [Worker-31: Building] INFO  o.e.m.c.i.e.AbstractTransferListenerAdapter - Downloading https://repo.maven.apache.org/maven2/io/swagger/core/v3/swagger-core/2.2.20/swagger-core-2.2.20.pom
2025-05-15 18:27:42,270 [Worker-31: Building] INFO  o.e.m.c.i.e.AbstractTransferListenerAdapter - Downloaded https://repo.maven.apache.org/maven2/io/swagger/core/v3/swagger-core/2.2.20/swagger-core-2.2.20.pom
2025-05-15 18:27:42,365 [Worker-31: Building] INFO  o.e.m.c.i.e.AbstractTransferListenerAdapter - Downloading https://repo.maven.apache.org/maven2/io/swagger/core/v3/swagger-project/2.2.20/swagger-project-2.2.20.pom
2025-05-15 18:27:42,417 [Worker-31: Building] INFO  o.e.m.c.i.e.AbstractTransferListenerAdapter - Downloaded https://repo.maven.apache.org/maven2/io/swagger/core/v3/swagger-project/2.2.20/swagger-project-2.2.20.pom
2025-05-15 18:27:42,540 [Worker-31: Building] INFO  o.e.m.c.i.e.AbstractTransferListenerAdapter - Downloading https://repo.maven.apache.org/maven2/io/swagger/core/v3/swagger-annotations/2.2.20/swagger-annotations-2.2.20.pom
2025-05-15 18:27:42,585 [Worker-31: Building] INFO  o.e.m.c.i.e.AbstractTransferListenerAdapter - Downloaded https://repo.maven.apache.org/maven2/io/swagger/core/v3/swagger-annotations/2.2.20/swagger-annotations-2.2.20.pom
2025-05-15 18:27:42,688 [Worker-31: Building] INFO  o.e.m.c.i.e.AbstractTransferListenerAdapter - Downloading https://repo.maven.apache.org/maven2/io/swagger/core/v3/swagger-models/2.2.20/swagger-models-2.2.20.pom
2025-05-15 18:27:42,736 [Worker-31: Building] INFO  o.e.m.c.i.e.AbstractTransferListenerAdapter - Downloaded https://repo.maven.apache.org/maven2/io/swagger/core/v3/swagger-models/2.2.20/swagger-models-2.2.20.pom
2025-05-15 18:27:42,837 [Worker-31: Building] INFO  o.e.m.c.i.e.AbstractTransferListenerAdapter - Downloading https://repo.maven.apache.org/maven2/org/webjars/swagger-ui/5.11.8/swagger-ui-5.11.8.pom
2025-05-15 18:27:42,885 [Worker-31: Building] INFO  o.e.m.c.i.e.AbstractTransferListenerAdapter - Downloaded https://repo.maven.apache.org/maven2/org/webjars/swagger-ui/5.11.8/swagger-ui-5.11.8.pom
2025-05-15 18:27:43,197 [Worker-31: Building] INFO  o.e.m.c.i.e.AbstractTransferListenerAdapter - Downloading https://repo.maven.apache.org/maven2/org/springdoc/springdoc-openapi-ui/1.8.0/springdoc-openapi-ui-1.8.0.jar
2025-05-15 18:27:43,589 [Worker-31: Building] INFO  o.e.m.c.i.e.AbstractTransferListenerAdapter - Downloaded https://repo.maven.apache.org/maven2/org/springdoc/springdoc-openapi-ui/1.8.0/springdoc-openapi-ui-1.8.0.jar
2025-05-15 18:27:43,686 [BasicRepositoryConnector-repo.maven.apache.org-0-1] INFO  o.e.m.c.i.e.AbstractTransferListenerAdapter - Downloading https://repo.maven.apache.org/maven2/org/springdoc/springdoc-openapi-common/1.8.0/springdoc-openapi-common-1.8.0.jar
2025-05-15 18:27:43,853 [BasicRepositoryConnector-repo.maven.apache.org-0-3] INFO  o.e.m.c.i.e.AbstractTransferListenerAdapter - Downloading https://repo.maven.apache.org/maven2/io/swagger/core/v3/swagger-annotations/2.2.20/swagger-annotations-2.2.20.jar
2025-05-15 18:27:43,861 [BasicRepositoryConnector-repo.maven.apache.org-0-4] INFO  o.e.m.c.i.e.AbstractTransferListenerAdapter - Downloading https://repo.maven.apache.org/maven2/io/swagger/core/v3/swagger-models/2.2.20/swagger-models-2.2.20.jar
2025-05-15 18:27:43,861 [BasicRepositoryConnector-repo.maven.apache.org-0-2] INFO  o.e.m.c.i.e.AbstractTransferListenerAdapter - Downloading https://repo.maven.apache.org/maven2/io/swagger/core/v3/swagger-core/2.2.20/swagger-core-2.2.20.jar
2025-05-15 18:27:43,864 [BasicRepositoryConnector-repo.maven.apache.org-0-1] INFO  o.e.m.c.i.e.AbstractTransferListenerAdapter - Downloaded https://repo.maven.apache.org/maven2/org/springdoc/springdoc-openapi-common/1.8.0/springdoc-openapi-common-1.8.0.jar
2025-05-15 18:27:43,865 [BasicRepositoryConnector-repo.maven.apache.org-0-0] INFO  o.e.m.c.i.e.AbstractTransferListenerAdapter - Downloading https://repo.maven.apache.org/maven2/org/springdoc/springdoc-openapi-webmvc-core/1.8.0/springdoc-openapi-webmvc-core-1.8.0.jar
2025-05-15 18:27:43,960 [BasicRepositoryConnector-repo.maven.apache.org-0-1] INFO  o.e.m.c.i.e.AbstractTransferListenerAdapter - Downloading https://repo.maven.apache.org/maven2/org/webjars/swagger-ui/5.11.8/swagger-ui-5.11.8.jar
2025-05-15 18:27:44,082 [BasicRepositoryConnector-repo.maven.apache.org-0-4] INFO  o.e.m.c.i.e.AbstractTransferListenerAdapter - Downloaded https://repo.maven.apache.org/maven2/io/swagger/core/v3/swagger-models/2.2.20/swagger-models-2.2.20.jar
2025-05-15 18:27:44,128 [BasicRepositoryConnector-repo.maven.apache.org-0-2] INFO  o.e.m.c.i.e.AbstractTransferListenerAdapter - Downloaded https://repo.maven.apache.org/maven2/io/swagger/core/v3/swagger-core/2.2.20/swagger-core-2.2.20.jar
2025-05-15 18:27:44,312 [BasicRepositoryConnector-repo.maven.apache.org-0-1] INFO  o.e.m.c.i.e.AbstractTransferListenerAdapter - Downloaded https://repo.maven.apache.org/maven2/org/webjars/swagger-ui/5.11.8/swagger-ui-5.11.8.jar
2025-05-15 18:27:44,533 [BasicRepositoryConnector-repo.maven.apache.org-0-0] INFO  o.e.m.c.i.e.AbstractTransferListenerAdapter - Downloaded https://repo.maven.apache.org/maven2/org/springdoc/springdoc-openapi-webmvc-core/1.8.0/springdoc-openapi-webmvc-core-1.8.0.jar
2025-05-15 18:27:45,130 [BasicRepositoryConnector-repo.maven.apache.org-0-3] INFO  o.e.m.c.i.e.AbstractTransferListenerAdapter - Downloaded https://repo.maven.apache.org/maven2/io/swagger/core/v3/swagger-annotations/2.2.20/swagger-annotations-2.2.20.jar
2025-05-15 18:27:48,252 [Worker-31: Building] INFO  o.e.m.c.i.l.LifecycleMappingFactory - Using org.eclipse.m2e.jdt.JarLifecycleMapping lifecycle mapping for MavenProject: br.com:HotelariaDegaspari:0.0.1-SNAPSHOT @ D:\Desenvolvimento Software\HotelariaDegaspari\HotelariaDegaspari\pom.xml.
2025-05-15 18:27:56,907 [Worker-37: Download sources and javadoc] INFO  o.e.m.c.i.e.AbstractTransferListenerAdapter - Downloading https://repo.maven.apache.org/maven2/org/springdoc/springdoc-openapi-ui/1.8.0/springdoc-openapi-ui-1.8.0-sources.jar
2025-05-15 18:27:57,077 [Worker-31: Building] INFO  o.e.m.c.i.embedder.EclipseLogger - Using 'UTF-8' encoding to copy filtered resources.
2025-05-15 18:27:57,077 [Worker-31: Building] INFO  o.e.m.c.i.embedder.EclipseLogger - Using 'UTF-8' encoding to copy filtered properties files.
2025-05-15 18:27:57,082 [Worker-31: Building] INFO  o.e.m.c.i.embedder.EclipseLogger - Copying 0 resource
2025-05-15 18:27:57,083 [Worker-31: Building] INFO  o.e.m.c.i.embedder.EclipseLogger - Copying 0 resource
2025-05-15 18:27:57,089 [Worker-31: Building] INFO  o.e.m.c.i.embedder.EclipseLogger - Using 'UTF-8' encoding to copy filtered resources.
2025-05-15 18:27:57,089 [Worker-31: Building] INFO  o.e.m.c.i.embedder.EclipseLogger - Using 'UTF-8' encoding to copy filtered properties files.
2025-05-15 18:27:57,089 [Worker-31: Building] INFO  o.e.m.c.i.embedder.EclipseLogger - skip non existing resourceDirectory D:\Desenvolvimento Software\PetAmigo\API\login\src\test\resources
2025-05-15 18:27:57,443 [Worker-37: Download sources and javadoc] INFO  o.e.m.c.i.e.AbstractTransferListenerAdapter - Downloaded https://repo.maven.apache.org/maven2/org/springdoc/springdoc-openapi-ui/1.8.0/springdoc-openapi-ui-1.8.0-sources.jar
2025-05-15 18:27:57,454 [Worker-37: Download sources and javadoc] INFO  o.e.m.j.internal.DownloadSourcesJob - Downloaded sources for org.springdoc:springdoc-openapi-ui:1.8.0
2025-05-15 18:27:57,708 [Worker-37: Download sources and javadoc] INFO  o.e.m.c.i.e.AbstractTransferListenerAdapter - Downloading https://repo.maven.apache.org/maven2/org/springdoc/springdoc-openapi-webmvc-core/1.8.0/springdoc-openapi-webmvc-core-1.8.0-sources.jar
2025-05-15 18:27:58,373 [Worker-37: Download sources and javadoc] INFO  o.e.m.c.i.e.AbstractTransferListenerAdapter - Downloaded https://repo.maven.apache.org/maven2/org/springdoc/springdoc-openapi-webmvc-core/1.8.0/springdoc-openapi-webmvc-core-1.8.0-sources.jar
2025-05-15 18:27:58,381 [Worker-37: Download sources and javadoc] INFO  o.e.m.j.internal.DownloadSourcesJob - Downloaded sources for org.springdoc:springdoc-openapi-webmvc-core:1.8.0
2025-05-15 18:27:58,638 [Worker-37: Download sources and javadoc] INFO  o.e.m.c.i.e.AbstractTransferListenerAdapter - Downloading https://repo.maven.apache.org/maven2/org/springdoc/springdoc-openapi-common/1.8.0/springdoc-openapi-common-1.8.0-sources.jar
2025-05-15 18:27:58,822 [Worker-35: Building] INFO  o.e.m.c.i.embedder.EclipseLogger - Using 'UTF-8' encoding to copy filtered resources.
2025-05-15 18:27:58,822 [Worker-35: Building] INFO  o.e.m.c.i.embedder.EclipseLogger - Using 'UTF-8' encoding to copy filtered properties files.
2025-05-15 18:27:58,822 [Worker-35: Building] INFO  o.e.m.c.i.embedder.EclipseLogger - Copying 1 resource
2025-05-15 18:27:58,839 [Worker-35: Building] INFO  o.e.m.c.i.embedder.EclipseLogger - Copying 0 resource
2025-05-15 18:27:58,844 [Worker-35: Building] INFO  o.e.m.c.i.embedder.EclipseLogger - Using 'UTF-8' encoding to copy filtered resources.
2025-05-15 18:27:58,844 [Worker-35: Building] INFO  o.e.m.c.i.embedder.EclipseLogger - Using 'UTF-8' encoding to copy filtered properties files.
2025-05-15 18:27:58,844 [Worker-35: Building] INFO  o.e.m.c.i.embedder.EclipseLogger - skip non existing resourceDirectory D:\Desenvolvimento Software\PetAmigo\API\login\src\test\resources
2025-05-15 18:27:58,914 [Worker-37: Download sources and javadoc] INFO  o.e.m.c.i.e.AbstractTransferListenerAdapter - Downloaded https://repo.maven.apache.org/maven2/org/springdoc/springdoc-openapi-common/1.8.0/springdoc-openapi-common-1.8.0-sources.jar
2025-05-15 18:27:58,920 [Worker-37: Download sources and javadoc] INFO  o.e.m.j.internal.DownloadSourcesJob - Downloaded sources for org.springdoc:springdoc-openapi-common:1.8.0
2025-05-15 18:27:59,174 [Worker-37: Download sources and javadoc] INFO  o.e.m.c.i.e.AbstractTransferListenerAdapter - Downloading https://repo.maven.apache.org/maven2/io/swagger/core/v3/swagger-core/2.2.20/swagger-core-2.2.20-sources.jar
2025-05-15 18:27:59,321 [Worker-37: Download sources and javadoc] INFO  o.e.m.c.i.e.AbstractTransferListenerAdapter - Downloaded https://repo.maven.apache.org/maven2/io/swagger/core/v3/swagger-core/2.2.20/swagger-core-2.2.20-sources.jar
2025-05-15 18:27:59,331 [Worker-37: Download sources and javadoc] INFO  o.e.m.j.internal.DownloadSourcesJob - Downloaded sources for io.swagger.core.v3:swagger-core:2.2.20
2025-05-15 18:27:59,601 [Worker-37: Download sources and javadoc] INFO  o.e.m.c.i.e.AbstractTransferListenerAdapter - Downloading https://repo.maven.apache.org/maven2/io/swagger/core/v3/swagger-annotations/2.2.20/swagger-annotations-2.2.20-sources.jar
2025-05-15 18:27:59,726 [Worker-37: Download sources and javadoc] INFO  o.e.m.c.i.e.AbstractTransferListenerAdapter - Downloaded https://repo.maven.apache.org/maven2/io/swagger/core/v3/swagger-annotations/2.2.20/swagger-annotations-2.2.20-sources.jar
2025-05-15 18:27:59,733 [Worker-37: Download sources and javadoc] INFO  o.e.m.j.internal.DownloadSourcesJob - Downloaded sources for io.swagger.core.v3:swagger-annotations:2.2.20
2025-05-15 18:27:59,979 [Worker-37: Download sources and javadoc] INFO  o.e.m.c.i.e.AbstractTransferListenerAdapter - Downloading https://repo.maven.apache.org/maven2/io/swagger/core/v3/swagger-models/2.2.20/swagger-models-2.2.20-sources.jar
2025-05-15 18:28:00,126 [Worker-37: Download sources and javadoc] INFO  o.e.m.c.i.e.AbstractTransferListenerAdapter - Downloaded https://repo.maven.apache.org/maven2/io/swagger/core/v3/swagger-models/2.2.20/swagger-models-2.2.20-sources.jar
2025-05-15 18:28:00,132 [Worker-37: Download sources and javadoc] INFO  o.e.m.j.internal.DownloadSourcesJob - Downloaded sources for io.swagger.core.v3:swagger-models:2.2.20
2025-05-15 18:28:00,517 [Worker-37: Download sources and javadoc] INFO  o.e.m.c.i.e.AbstractTransferListenerAdapter - Downloaded https://repo.maven.apache.org/maven2/org/webjars/swagger-ui/5.11.8/swagger-ui-5.11.8-sources.jar
2025-05-15 18:28:00,521 [Worker-37: Download sources and javadoc] ERROR o.e.m.j.internal.DownloadSourcesJob - Could not download sources for org.webjars:swagger-ui:5.11.8
org.eclipse.core.runtime.CoreException: Could not resolve artifact org.webjars:swagger-ui:jar:sources:5.11.8
	at org.eclipse.m2e.core.internal.embedder.MavenImpl.lambda$7(MavenImpl.java:540)
	at org.eclipse.m2e.core.internal.embedder.MavenExecutionContext.executeBare(MavenExecutionContext.java:458)
	at org.eclipse.m2e.core.internal.embedder.MavenExecutionContext.execute(MavenExecutionContext.java:292)
	at org.eclipse.m2e.core.internal.embedder.MavenExecutionContext.execute(MavenExecutionContext.java:278)
	at org.eclipse.m2e.core.internal.embedder.MavenImpl.resolve(MavenImpl.java:509)
	at org.eclipse.m2e.core.internal.embedder.MavenImpl.resolve(MavenImpl.java:494)
	at org.eclipse.m2e.jdt.internal.DownloadSourcesJob.download(DownloadSourcesJob.java:308)
	at org.eclipse.m2e.jdt.internal.DownloadSourcesJob.downloadAttachments(DownloadSourcesJob.java:282)
	at org.eclipse.m2e.jdt.internal.DownloadSourcesJob.downloadMaven(DownloadSourcesJob.java:252)
	at org.eclipse.m2e.jdt.internal.DownloadSourcesJob.downloadFilesAndPopulateToUpdate(DownloadSourcesJob.java:220)
	at org.eclipse.m2e.jdt.internal.DownloadSourcesJob.lambda$0(DownloadSourcesJob.java:149)
	at org.eclipse.m2e.core.internal.embedder.MavenExecutionContext.executeBare(MavenExecutionContext.java:458)
	at org.eclipse.m2e.core.internal.embedder.MavenExecutionContext.execute(MavenExecutionContext.java:339)
	at org.eclipse.m2e.core.internal.embedder.MavenExecutionContext.execute(MavenExecutionContext.java:278)
	at org.eclipse.m2e.core.embedder.IMaven.execute(IMaven.java:300)
	at org.eclipse.m2e.jdt.internal.DownloadSourcesJob.run(DownloadSourcesJob.java:149)
	at org.eclipse.core.internal.jobs.Worker.run(Worker.java:63)
2025-05-15 18:37:38,013 [Worker-40: Building] INFO  o.e.m.c.i.embedder.EclipseLogger - Using 'UTF-8' encoding to copy filtered resources.
2025-05-15 18:37:38,013 [Worker-40: Building] INFO  o.e.m.c.i.embedder.EclipseLogger - Using 'UTF-8' encoding to copy filtered properties files.
2025-05-15 18:37:38,015 [Worker-40: Building] INFO  o.e.m.c.i.embedder.EclipseLogger - Copying 1 resource
2025-05-15 18:37:38,059 [Worker-40: Building] INFO  o.e.m.c.i.embedder.EclipseLogger - Copying 0 resource
2025-05-15 18:37:38,066 [Worker-40: Building] INFO  o.e.m.c.i.embedder.EclipseLogger - Using 'UTF-8' encoding to copy filtered resources.
2025-05-15 18:37:38,067 [Worker-40: Building] INFO  o.e.m.c.i.embedder.EclipseLogger - Using 'UTF-8' encoding to copy filtered properties files.
2025-05-15 18:37:38,067 [Worker-40: Building] INFO  o.e.m.c.i.embedder.EclipseLogger - skip non existing resourceDirectory D:\Desenvolvimento Software\PetAmigo\API\login\src\test\resources
2025-05-15 18:37:50,072 [Worker-39: Building Workspace] INFO  o.e.m.c.i.embedder.EclipseLogger - Using 'UTF-8' encoding to copy filtered resources.
2025-05-15 18:37:50,072 [Worker-39: Building Workspace] INFO  o.e.m.c.i.embedder.EclipseLogger - Using 'UTF-8' encoding to copy filtered properties files.
2025-05-15 18:37:50,072 [Worker-39: Building Workspace] INFO  o.e.m.c.i.embedder.EclipseLogger - Copying 1 resource
2025-05-15 18:37:50,074 [Worker-39: Building Workspace] INFO  o.e.m.c.i.embedder.EclipseLogger - Copying 0 resource
2025-05-15 18:37:50,079 [Worker-39: Building Workspace] INFO  o.e.m.c.i.embedder.EclipseLogger - Using 'UTF-8' encoding to copy filtered resources.
2025-05-15 18:37:50,079 [Worker-39: Building Workspace] INFO  o.e.m.c.i.embedder.EclipseLogger - Using 'UTF-8' encoding to copy filtered properties files.
2025-05-15 18:37:50,079 [Worker-39: Building Workspace] INFO  o.e.m.c.i.embedder.EclipseLogger - skip non existing resourceDirectory D:\Desenvolvimento Software\PetAmigo\API\login\src\test\resources
2025-05-15 18:37:54,704 [Worker-40: Download sources and javadoc] INFO  o.e.m.c.i.e.AbstractTransferListenerAdapter - Downloading https://repo.maven.apache.org/maven2/org/webjars/swagger-ui/5.11.8/swagger-ui-5.11.8-javadoc.jar
2025-05-15 18:37:55,389 [Worker-40: Download sources and javadoc] INFO  o.e.m.c.i.e.AbstractTransferListenerAdapter - Downloaded https://repo.maven.apache.org/maven2/org/webjars/swagger-ui/5.11.8/swagger-ui-5.11.8-javadoc.jar
2025-05-15 18:37:55,400 [Worker-40: Download sources and javadoc] INFO  o.e.m.j.internal.DownloadSourcesJob - Downloaded javadoc for org.webjars:swagger-ui:5.11.8
2025-05-19 18:59:39,422 [Worker-4: Loading available Gradle versions] INFO  o.e.b.c.i.u.g.PublishedGradleVersions - Gradle version information cache is out-of-date. Trying to update.
2025-05-19 20:03:28,080 [Worker-34: Cleaning selected projects] INFO  o.e.m.c.i.l.LifecycleMappingFactory - Using org.eclipse.m2e.jdt.JarLifecycleMapping lifecycle mapping for MavenProject: com.petamigo:login:0.0.1-SNAPSHOT @ D:\Desenvolvimento Software\PetAmigo\API\login\pom.xml.
2025-05-19 20:03:28,892 [Worker-34: Cleaning selected projects] INFO  o.e.m.c.i.e.AbstractTransferListenerAdapter - Downloading https://repo.maven.apache.org/maven2/org/springdoc/springdoc-openapi-starter-webmvc-ui/2.8.8/springdoc-openapi-starter-webmvc-ui-2.8.8.pom
2025-05-19 20:03:29,018 [Worker-34: Cleaning selected projects] INFO  o.e.m.c.i.e.AbstractTransferListenerAdapter - Downloaded https://repo.maven.apache.org/maven2/org/springdoc/springdoc-openapi-starter-webmvc-ui/2.8.8/springdoc-openapi-starter-webmvc-ui-2.8.8.pom
2025-05-19 20:03:29,107 [Worker-34: Cleaning selected projects] INFO  o.e.m.c.i.e.AbstractTransferListenerAdapter - Downloading https://repo.maven.apache.org/maven2/org/springdoc/springdoc-openapi/2.8.8/springdoc-openapi-2.8.8.pom
2025-05-19 20:03:29,166 [Worker-34: Cleaning selected projects] INFO  o.e.m.c.i.e.AbstractTransferListenerAdapter - Downloaded https://repo.maven.apache.org/maven2/org/springdoc/springdoc-openapi/2.8.8/springdoc-openapi-2.8.8.pom
2025-05-19 20:03:29,253 [Worker-34: Cleaning selected projects] INFO  o.e.m.c.i.e.AbstractTransferListenerAdapter - Downloading https://repo.maven.apache.org/maven2/org/springframework/boot/spring-boot-starter-parent/3.4.5/spring-boot-starter-parent-3.4.5.pom
2025-05-19 20:03:29,305 [Worker-34: Cleaning selected projects] INFO  o.e.m.c.i.e.AbstractTransferListenerAdapter - Downloaded https://repo.maven.apache.org/maven2/org/springframework/boot/spring-boot-starter-parent/3.4.5/spring-boot-starter-parent-3.4.5.pom
2025-05-19 20:03:29,406 [Worker-34: Cleaning selected projects] INFO  o.e.m.c.i.e.AbstractTransferListenerAdapter - Downloading https://repo.maven.apache.org/maven2/org/springframework/boot/spring-boot-dependencies/3.4.5/spring-boot-dependencies-3.4.5.pom
2025-05-19 20:03:29,565 [Worker-34: Cleaning selected projects] INFO  o.e.m.c.i.e.AbstractTransferListenerAdapter - Downloaded https://repo.maven.apache.org/maven2/org/springframework/boot/spring-boot-dependencies/3.4.5/spring-boot-dependencies-3.4.5.pom
2025-05-19 20:03:29,673 [Worker-34: Cleaning selected projects] INFO  o.e.m.c.i.e.AbstractTransferListenerAdapter - Downloading https://repo.maven.apache.org/maven2/org/springframework/cloud/spring-cloud-function-dependencies/4.2.2/spring-cloud-function-dependencies-4.2.2.pom
2025-05-19 20:03:29,730 [Worker-34: Cleaning selected projects] INFO  o.e.m.c.i.e.AbstractTransferListenerAdapter - Downloaded https://repo.maven.apache.org/maven2/org/springframework/cloud/spring-cloud-function-dependencies/4.2.2/spring-cloud-function-dependencies-4.2.2.pom
2025-05-19 20:03:29,820 [Worker-34: Cleaning selected projects] INFO  o.e.m.c.i.e.AbstractTransferListenerAdapter - Downloading https://repo.maven.apache.org/maven2/org/springframework/cloud/spring-cloud-dependencies-parent/4.2.1/spring-cloud-dependencies-parent-4.2.1.pom
2025-05-19 20:03:29,871 [Worker-34: Cleaning selected projects] INFO  o.e.m.c.i.e.AbstractTransferListenerAdapter - Downloaded https://repo.maven.apache.org/maven2/org/springframework/cloud/spring-cloud-dependencies-parent/4.2.1/spring-cloud-dependencies-parent-4.2.1.pom
2025-05-19 20:03:29,957 [Worker-34: Cleaning selected projects] INFO  o.e.m.c.i.e.AbstractTransferListenerAdapter - Downloading https://repo.maven.apache.org/maven2/org/apache/activemq/activemq-bom/6.1.6/activemq-bom-6.1.6.pom
2025-05-19 20:03:30,008 [Worker-34: Cleaning selected projects] INFO  o.e.m.c.i.e.AbstractTransferListenerAdapter - Downloaded https://repo.maven.apache.org/maven2/org/apache/activemq/activemq-bom/6.1.6/activemq-bom-6.1.6.pom
2025-05-19 20:03:30,091 [Worker-34: Cleaning selected projects] INFO  o.e.m.c.i.e.AbstractTransferListenerAdapter - Downloading https://repo.maven.apache.org/maven2/org/apache/activemq/artemis-bom/2.37.0/artemis-bom-2.37.0.pom
2025-05-19 20:03:30,143 [Worker-34: Cleaning selected projects] INFO  o.e.m.c.i.e.AbstractTransferListenerAdapter - Downloaded https://repo.maven.apache.org/maven2/org/apache/activemq/artemis-bom/2.37.0/artemis-bom-2.37.0.pom
2025-05-19 20:03:30,241 [Worker-34: Cleaning selected projects] INFO  o.e.m.c.i.e.AbstractTransferListenerAdapter - Downloading https://repo.maven.apache.org/maven2/org/apache/activemq/artemis-project/2.37.0/artemis-project-2.37.0.pom
2025-05-19 20:03:30,313 [Worker-34: Cleaning selected projects] INFO  o.e.m.c.i.e.AbstractTransferListenerAdapter - Downloaded https://repo.maven.apache.org/maven2/org/apache/activemq/artemis-project/2.37.0/artemis-project-2.37.0.pom
2025-05-19 20:03:30,414 [Worker-34: Cleaning selected projects] INFO  o.e.m.c.i.e.AbstractTransferListenerAdapter - Downloading https://repo.maven.apache.org/maven2/org/apache/apache/33/apache-33.pom
2025-05-19 20:03:30,468 [Worker-34: Cleaning selected projects] INFO  o.e.m.c.i.e.AbstractTransferListenerAdapter - Downloaded https://repo.maven.apache.org/maven2/org/apache/apache/33/apache-33.pom
2025-05-19 20:03:30,584 [Worker-34: Cleaning selected projects] INFO  o.e.m.c.i.e.AbstractTransferListenerAdapter - Downloading https://repo.maven.apache.org/maven2/org/assertj/assertj-bom/3.26.3/assertj-bom-3.26.3.pom
2025-05-19 20:03:30,625 [Worker-34: Cleaning selected projects] INFO  o.e.m.c.i.e.AbstractTransferListenerAdapter - Downloaded https://repo.maven.apache.org/maven2/org/assertj/assertj-bom/3.26.3/assertj-bom-3.26.3.pom
2025-05-19 20:03:30,724 [Worker-34: Cleaning selected projects] INFO  o.e.m.c.i.e.AbstractTransferListenerAdapter - Downloading https://repo.maven.apache.org/maven2/org/apache/groovy/groovy-bom/4.0.26/groovy-bom-4.0.26.pom
2025-05-19 20:03:30,773 [Worker-34: Cleaning selected projects] INFO  o.e.m.c.i.e.AbstractTransferListenerAdapter - Downloaded https://repo.maven.apache.org/maven2/org/apache/groovy/groovy-bom/4.0.26/groovy-bom-4.0.26.pom
2025-05-19 20:03:30,869 [Worker-34: Cleaning selected projects] INFO  o.e.m.c.i.e.AbstractTransferListenerAdapter - Downloading https://repo.maven.apache.org/maven2/org/infinispan/infinispan-bom/15.0.14.Final/infinispan-bom-15.0.14.Final.pom
2025-05-19 20:03:30,913 [Worker-34: Cleaning selected projects] INFO  o.e.m.c.i.e.AbstractTransferListenerAdapter - Downloaded https://repo.maven.apache.org/maven2/org/infinispan/infinispan-bom/15.0.14.Final/infinispan-bom-15.0.14.Final.pom
2025-05-19 20:03:31,009 [Worker-34: Cleaning selected projects] INFO  o.e.m.c.i.e.AbstractTransferListenerAdapter - Downloading https://repo.maven.apache.org/maven2/org/infinispan/infinispan-build-configuration-parent/15.0.14.Final/infinispan-build-configuration-parent-15.0.14.Final.pom
2025-05-19 20:03:31,050 [Worker-34: Cleaning selected projects] INFO  o.e.m.c.i.e.AbstractTransferListenerAdapter - Downloaded https://repo.maven.apache.org/maven2/org/infinispan/infinispan-build-configuration-parent/15.0.14.Final/infinispan-build-configuration-parent-15.0.14.Final.pom
2025-05-19 20:03:31,154 [Worker-34: Cleaning selected projects] INFO  o.e.m.c.i.e.AbstractTransferListenerAdapter - Downloading https://repo.maven.apache.org/maven2/com/fasterxml/jackson/jackson-bom/2.18.3/jackson-bom-2.18.3.pom
2025-05-19 20:03:31,204 [Worker-34: Cleaning selected projects] INFO  o.e.m.c.i.e.AbstractTransferListenerAdapter - Downloaded https://repo.maven.apache.org/maven2/com/fasterxml/jackson/jackson-bom/2.18.3/jackson-bom-2.18.3.pom
2025-05-19 20:03:31,304 [Worker-34: Cleaning selected projects] INFO  o.e.m.c.i.e.AbstractTransferListenerAdapter - Downloading https://repo.maven.apache.org/maven2/com/fasterxml/jackson/jackson-parent/2.18.1/jackson-parent-2.18.1.pom
2025-05-19 20:03:31,358 [Worker-34: Cleaning selected projects] INFO  o.e.m.c.i.e.AbstractTransferListenerAdapter - Downloaded https://repo.maven.apache.org/maven2/com/fasterxml/jackson/jackson-parent/2.18.1/jackson-parent-2.18.1.pom
2025-05-19 20:03:31,442 [Worker-34: Cleaning selected projects] INFO  o.e.m.c.i.e.AbstractTransferListenerAdapter - Downloading https://repo.maven.apache.org/maven2/com/fasterxml/oss-parent/61/oss-parent-61.pom
2025-05-19 20:03:31,489 [Worker-34: Cleaning selected projects] INFO  o.e.m.c.i.e.AbstractTransferListenerAdapter - Downloaded https://repo.maven.apache.org/maven2/com/fasterxml/oss-parent/61/oss-parent-61.pom
2025-05-19 20:03:31,623 [Worker-34: Cleaning selected projects] INFO  o.e.m.c.i.e.AbstractTransferListenerAdapter - Downloading https://repo.maven.apache.org/maven2/org/eclipse/jetty/ee10/jetty-ee10-bom/12.0.19/jetty-ee10-bom-12.0.19.pom
2025-05-19 20:03:31,671 [Worker-34: Cleaning selected projects] INFO  o.e.m.c.i.e.AbstractTransferListenerAdapter - Downloaded https://repo.maven.apache.org/maven2/org/eclipse/jetty/ee10/jetty-ee10-bom/12.0.19/jetty-ee10-bom-12.0.19.pom
2025-05-19 20:03:31,774 [Worker-34: Cleaning selected projects] INFO  o.e.m.c.i.e.AbstractTransferListenerAdapter - Downloading https://repo.maven.apache.org/maven2/org/eclipse/jetty/jetty-bom/12.0.19/jetty-bom-12.0.19.pom
2025-05-19 20:03:31,830 [Worker-34: Cleaning selected projects] INFO  o.e.m.c.i.e.AbstractTransferListenerAdapter - Downloaded https://repo.maven.apache.org/maven2/org/eclipse/jetty/jetty-bom/12.0.19/jetty-bom-12.0.19.pom
2025-05-19 20:03:31,934 [Worker-34: Cleaning selected projects] INFO  o.e.m.c.i.e.AbstractTransferListenerAdapter - Downloading https://repo.maven.apache.org/maven2/org/junit/junit-bom/5.11.4/junit-bom-5.11.4.pom
2025-05-19 20:03:31,985 [Worker-34: Cleaning selected projects] INFO  o.e.m.c.i.e.AbstractTransferListenerAdapter - Downloaded https://repo.maven.apache.org/maven2/org/junit/junit-bom/5.11.4/junit-bom-5.11.4.pom
2025-05-19 20:03:32,088 [Worker-34: Cleaning selected projects] INFO  o.e.m.c.i.e.AbstractTransferListenerAdapter - Downloading https://repo.maven.apache.org/maven2/org/apache/logging/log4j/log4j-bom/2.24.3/log4j-bom-2.24.3.pom
2025-05-19 20:03:32,139 [Worker-34: Cleaning selected projects] INFO  o.e.m.c.i.e.AbstractTransferListenerAdapter - Downloaded https://repo.maven.apache.org/maven2/org/apache/logging/log4j/log4j-bom/2.24.3/log4j-bom-2.24.3.pom
2025-05-19 20:03:32,240 [Worker-34: Cleaning selected projects] INFO  o.e.m.c.i.e.AbstractTransferListenerAdapter - Downloading https://repo.maven.apache.org/maven2/org/apache/logging/logging-parent/11.3.0/logging-parent-11.3.0.pom
2025-05-19 20:03:32,331 [Worker-34: Cleaning selected projects] INFO  o.e.m.c.i.e.AbstractTransferListenerAdapter - Downloaded https://repo.maven.apache.org/maven2/org/apache/logging/logging-parent/11.3.0/logging-parent-11.3.0.pom
2025-05-19 20:03:32,445 [Worker-34: Cleaning selected projects] INFO  o.e.m.c.i.e.AbstractTransferListenerAdapter - Downloading https://repo.maven.apache.org/maven2/io/micrometer/micrometer-bom/1.14.6/micrometer-bom-1.14.6.pom
2025-05-19 20:03:32,496 [Worker-34: Cleaning selected projects] INFO  o.e.m.c.i.e.AbstractTransferListenerAdapter - Downloaded https://repo.maven.apache.org/maven2/io/micrometer/micrometer-bom/1.14.6/micrometer-bom-1.14.6.pom
2025-05-19 20:03:32,599 [Worker-34: Cleaning selected projects] INFO  o.e.m.c.i.e.AbstractTransferListenerAdapter - Downloading https://repo.maven.apache.org/maven2/io/micrometer/micrometer-tracing-bom/1.4.5/micrometer-tracing-bom-1.4.5.pom
2025-05-19 20:03:32,649 [Worker-34: Cleaning selected projects] INFO  o.e.m.c.i.e.AbstractTransferListenerAdapter - Downloaded https://repo.maven.apache.org/maven2/io/micrometer/micrometer-tracing-bom/1.4.5/micrometer-tracing-bom-1.4.5.pom
2025-05-19 20:03:32,739 [Worker-34: Cleaning selected projects] INFO  o.e.m.c.i.e.AbstractTransferListenerAdapter - Downloading https://repo.maven.apache.org/maven2/org/mockito/mockito-bom/5.14.2/mockito-bom-5.14.2.pom
2025-05-19 20:03:32,793 [Worker-34: Cleaning selected projects] INFO  o.e.m.c.i.e.AbstractTransferListenerAdapter - Downloaded https://repo.maven.apache.org/maven2/org/mockito/mockito-bom/5.14.2/mockito-bom-5.14.2.pom
2025-05-19 20:03:32,875 [Worker-34: Cleaning selected projects] INFO  o.e.m.c.i.e.AbstractTransferListenerAdapter - Downloading https://repo.maven.apache.org/maven2/io/netty/netty-bom/4.1.119.Final/netty-bom-4.1.119.Final.pom
2025-05-19 20:03:32,928 [Worker-34: Cleaning selected projects] INFO  o.e.m.c.i.e.AbstractTransferListenerAdapter - Downloaded https://repo.maven.apache.org/maven2/io/netty/netty-bom/4.1.119.Final/netty-bom-4.1.119.Final.pom
2025-05-19 20:03:33,029 [Worker-34: Cleaning selected projects] INFO  o.e.m.c.i.e.AbstractTransferListenerAdapter - Downloading https://repo.maven.apache.org/maven2/io/opentelemetry/opentelemetry-bom/1.43.0/opentelemetry-bom-1.43.0.pom
2025-05-19 20:03:33,079 [Worker-34: Cleaning selected projects] INFO  o.e.m.c.i.e.AbstractTransferListenerAdapter - Downloaded https://repo.maven.apache.org/maven2/io/opentelemetry/opentelemetry-bom/1.43.0/opentelemetry-bom-1.43.0.pom
2025-05-19 20:03:33,167 [Worker-34: Cleaning selected projects] INFO  o.e.m.c.i.e.AbstractTransferListenerAdapter - Downloading https://repo.maven.apache.org/maven2/io/prometheus/prometheus-metrics-bom/1.3.6/prometheus-metrics-bom-1.3.6.pom
2025-05-19 20:03:33,223 [Worker-34: Cleaning selected projects] INFO  o.e.m.c.i.e.AbstractTransferListenerAdapter - Downloaded https://repo.maven.apache.org/maven2/io/prometheus/prometheus-metrics-bom/1.3.6/prometheus-metrics-bom-1.3.6.pom
2025-05-19 20:03:33,307 [Worker-34: Cleaning selected projects] INFO  o.e.m.c.i.e.AbstractTransferListenerAdapter - Downloading https://repo.maven.apache.org/maven2/io/prometheus/client_java/1.3.6/client_java-1.3.6.pom
2025-05-19 20:03:33,364 [Worker-34: Cleaning selected projects] INFO  o.e.m.c.i.e.AbstractTransferListenerAdapter - Downloaded https://repo.maven.apache.org/maven2/io/prometheus/client_java/1.3.6/client_java-1.3.6.pom
2025-05-19 20:03:33,469 [Worker-34: Cleaning selected projects] INFO  o.e.m.c.i.e.AbstractTransferListenerAdapter - Downloading https://repo.maven.apache.org/maven2/org/apache/pulsar/pulsar-bom/3.3.6/pulsar-bom-3.3.6.pom
2025-05-19 20:03:33,531 [Worker-34: Cleaning selected projects] INFO  o.e.m.c.i.e.AbstractTransferListenerAdapter - Downloaded https://repo.maven.apache.org/maven2/org/apache/pulsar/pulsar-bom/3.3.6/pulsar-bom-3.3.6.pom
2025-05-19 20:03:33,643 [Worker-34: Cleaning selected projects] INFO  o.e.m.c.i.e.AbstractTransferListenerAdapter - Downloading https://repo.maven.apache.org/maven2/io/projectreactor/reactor-bom/2024.0.5/reactor-bom-2024.0.5.pom
2025-05-19 20:03:33,695 [Worker-34: Cleaning selected projects] INFO  o.e.m.c.i.e.AbstractTransferListenerAdapter - Downloaded https://repo.maven.apache.org/maven2/io/projectreactor/reactor-bom/2024.0.5/reactor-bom-2024.0.5.pom
2025-05-19 20:03:33,787 [Worker-34: Cleaning selected projects] INFO  o.e.m.c.i.e.AbstractTransferListenerAdapter - Downloading https://repo.maven.apache.org/maven2/io/rest-assured/rest-assured-bom/5.5.1/rest-assured-bom-5.5.1.pom
2025-05-19 20:03:33,835 [Worker-34: Cleaning selected projects] INFO  o.e.m.c.i.e.AbstractTransferListenerAdapter - Downloaded https://repo.maven.apache.org/maven2/io/rest-assured/rest-assured-bom/5.5.1/rest-assured-bom-5.5.1.pom
2025-05-19 20:03:33,927 [Worker-34: Cleaning selected projects] INFO  o.e.m.c.i.e.AbstractTransferListenerAdapter - Downloading https://repo.maven.apache.org/maven2/org/seleniumhq/selenium/selenium-bom/4.25.0/selenium-bom-4.25.0.pom
2025-05-19 20:03:33,978 [Worker-34: Cleaning selected projects] INFO  o.e.m.c.i.e.AbstractTransferListenerAdapter - Downloaded https://repo.maven.apache.org/maven2/org/seleniumhq/selenium/selenium-bom/4.25.0/selenium-bom-4.25.0.pom
2025-05-19 20:03:34,071 [Worker-34: Cleaning selected projects] INFO  o.e.m.c.i.e.AbstractTransferListenerAdapter - Downloading https://repo.maven.apache.org/maven2/org/springframework/amqp/spring-amqp-bom/3.2.5/spring-amqp-bom-3.2.5.pom
2025-05-19 20:03:34,125 [Worker-34: Cleaning selected projects] INFO  o.e.m.c.i.e.AbstractTransferListenerAdapter - Downloaded https://repo.maven.apache.org/maven2/org/springframework/amqp/spring-amqp-bom/3.2.5/spring-amqp-bom-3.2.5.pom
2025-05-19 20:03:34,213 [Worker-34: Cleaning selected projects] INFO  o.e.m.c.i.e.AbstractTransferListenerAdapter - Downloading https://repo.maven.apache.org/maven2/org/springframework/batch/spring-batch-bom/5.2.2/spring-batch-bom-5.2.2.pom
2025-05-19 20:03:34,266 [Worker-34: Cleaning selected projects] INFO  o.e.m.c.i.e.AbstractTransferListenerAdapter - Downloaded https://repo.maven.apache.org/maven2/org/springframework/batch/spring-batch-bom/5.2.2/spring-batch-bom-5.2.2.pom
2025-05-19 20:03:34,354 [Worker-34: Cleaning selected projects] INFO  o.e.m.c.i.e.AbstractTransferListenerAdapter - Downloading https://repo.maven.apache.org/maven2/org/springframework/data/spring-data-bom/2024.1.5/spring-data-bom-2024.1.5.pom
2025-05-19 20:03:34,399 [Worker-34: Cleaning selected projects] INFO  o.e.m.c.i.e.AbstractTransferListenerAdapter - Downloaded https://repo.maven.apache.org/maven2/org/springframework/data/spring-data-bom/2024.1.5/spring-data-bom-2024.1.5.pom
2025-05-19 20:03:34,486 [Worker-34: Cleaning selected projects] INFO  o.e.m.c.i.e.AbstractTransferListenerAdapter - Downloading https://repo.maven.apache.org/maven2/org/springframework/spring-framework-bom/6.2.6/spring-framework-bom-6.2.6.pom
2025-05-19 20:03:34,527 [Worker-34: Cleaning selected projects] INFO  o.e.m.c.i.e.AbstractTransferListenerAdapter - Downloaded https://repo.maven.apache.org/maven2/org/springframework/spring-framework-bom/6.2.6/spring-framework-bom-6.2.6.pom
2025-05-19 20:03:34,615 [Worker-34: Cleaning selected projects] INFO  o.e.m.c.i.e.AbstractTransferListenerAdapter - Downloading https://repo.maven.apache.org/maven2/org/springframework/integration/spring-integration-bom/6.4.4/spring-integration-bom-6.4.4.pom
2025-05-19 20:03:34,664 [Worker-34: Cleaning selected projects] INFO  o.e.m.c.i.e.AbstractTransferListenerAdapter - Downloaded https://repo.maven.apache.org/maven2/org/springframework/integration/spring-integration-bom/6.4.4/spring-integration-bom-6.4.4.pom
2025-05-19 20:03:34,768 [Worker-34: Cleaning selected projects] INFO  o.e.m.c.i.e.AbstractTransferListenerAdapter - Downloading https://repo.maven.apache.org/maven2/org/springframework/pulsar/spring-pulsar-bom/1.2.5/spring-pulsar-bom-1.2.5.pom
2025-05-19 20:03:34,824 [Worker-34: Cleaning selected projects] INFO  o.e.m.c.i.e.AbstractTransferListenerAdapter - Downloaded https://repo.maven.apache.org/maven2/org/springframework/pulsar/spring-pulsar-bom/1.2.5/spring-pulsar-bom-1.2.5.pom
2025-05-19 20:03:34,913 [Worker-34: Cleaning selected projects] INFO  o.e.m.c.i.e.AbstractTransferListenerAdapter - Downloading https://repo.maven.apache.org/maven2/org/springframework/security/spring-security-bom/6.4.5/spring-security-bom-6.4.5.pom
2025-05-19 20:03:34,963 [Worker-34: Cleaning selected projects] INFO  o.e.m.c.i.e.AbstractTransferListenerAdapter - Downloaded https://repo.maven.apache.org/maven2/org/springframework/security/spring-security-bom/6.4.5/spring-security-bom-6.4.5.pom
2025-05-19 20:03:35,047 [Worker-34: Cleaning selected projects] INFO  o.e.m.c.i.e.AbstractTransferListenerAdapter - Downloading https://repo.maven.apache.org/maven2/org/springframework/session/spring-session-bom/3.4.3/spring-session-bom-3.4.3.pom
2025-05-19 20:03:35,090 [Worker-34: Cleaning selected projects] INFO  o.e.m.c.i.e.AbstractTransferListenerAdapter - Downloaded https://repo.maven.apache.org/maven2/org/springframework/session/spring-session-bom/3.4.3/spring-session-bom-3.4.3.pom
2025-05-19 20:03:35,175 [Worker-34: Cleaning selected projects] INFO  o.e.m.c.i.e.AbstractTransferListenerAdapter - Downloading https://repo.maven.apache.org/maven2/org/springframework/ws/spring-ws-bom/4.0.13/spring-ws-bom-4.0.13.pom
2025-05-19 20:03:35,221 [Worker-34: Cleaning selected projects] INFO  o.e.m.c.i.e.AbstractTransferListenerAdapter - Downloaded https://repo.maven.apache.org/maven2/org/springframework/ws/spring-ws-bom/4.0.13/spring-ws-bom-4.0.13.pom
2025-05-19 20:03:35,305 [Worker-34: Cleaning selected projects] INFO  o.e.m.c.i.e.AbstractTransferListenerAdapter - Downloading https://repo.maven.apache.org/maven2/org/testcontainers/testcontainers-bom/1.20.6/testcontainers-bom-1.20.6.pom
2025-05-19 20:03:35,358 [Worker-34: Cleaning selected projects] INFO  o.e.m.c.i.e.AbstractTransferListenerAdapter - Downloaded https://repo.maven.apache.org/maven2/org/testcontainers/testcontainers-bom/1.20.6/testcontainers-bom-1.20.6.pom
2025-05-19 20:03:35,456 [Worker-34: Cleaning selected projects] INFO  o.e.m.c.i.e.AbstractTransferListenerAdapter - Downloading https://repo.maven.apache.org/maven2/org/springdoc/springdoc-openapi-starter-webmvc-api/2.8.8/springdoc-openapi-starter-webmvc-api-2.8.8.pom
2025-05-19 20:03:35,502 [Worker-34: Cleaning selected projects] INFO  o.e.m.c.i.e.AbstractTransferListenerAdapter - Downloaded https://repo.maven.apache.org/maven2/org/springdoc/springdoc-openapi-starter-webmvc-api/2.8.8/springdoc-openapi-starter-webmvc-api-2.8.8.pom
2025-05-19 20:03:35,596 [Worker-34: Cleaning selected projects] INFO  o.e.m.c.i.e.AbstractTransferListenerAdapter - Downloading https://repo.maven.apache.org/maven2/org/springdoc/springdoc-openapi-starter-common/2.8.8/springdoc-openapi-starter-common-2.8.8.pom
2025-05-19 20:03:35,641 [Worker-34: Cleaning selected projects] INFO  o.e.m.c.i.e.AbstractTransferListenerAdapter - Downloaded https://repo.maven.apache.org/maven2/org/springdoc/springdoc-openapi-starter-common/2.8.8/springdoc-openapi-starter-common-2.8.8.pom
2025-05-19 20:03:35,769 [Worker-34: Cleaning selected projects] INFO  o.e.m.c.i.e.AbstractTransferListenerAdapter - Downloading https://repo.maven.apache.org/maven2/io/swagger/core/v3/swagger-core-jakarta/2.2.30/swagger-core-jakarta-2.2.30.pom
2025-05-19 20:03:35,820 [Worker-34: Cleaning selected projects] INFO  o.e.m.c.i.e.AbstractTransferListenerAdapter - Downloaded https://repo.maven.apache.org/maven2/io/swagger/core/v3/swagger-core-jakarta/2.2.30/swagger-core-jakarta-2.2.30.pom
2025-05-19 20:03:35,902 [Worker-34: Cleaning selected projects] INFO  o.e.m.c.i.e.AbstractTransferListenerAdapter - Downloading https://repo.maven.apache.org/maven2/io/swagger/core/v3/swagger-project-jakarta/2.2.30/swagger-project-jakarta-2.2.30.pom
2025-05-19 20:03:35,968 [Worker-34: Cleaning selected projects] INFO  o.e.m.c.i.e.AbstractTransferListenerAdapter - Downloaded https://repo.maven.apache.org/maven2/io/swagger/core/v3/swagger-project-jakarta/2.2.30/swagger-project-jakarta-2.2.30.pom
2025-05-19 20:03:36,082 [Worker-34: Cleaning selected projects] INFO  o.e.m.c.i.e.AbstractTransferListenerAdapter - Downloading https://repo.maven.apache.org/maven2/io/swagger/core/v3/swagger-annotations-jakarta/2.2.30/swagger-annotations-jakarta-2.2.30.pom
2025-05-19 20:03:36,134 [Worker-34: Cleaning selected projects] INFO  o.e.m.c.i.e.AbstractTransferListenerAdapter - Downloaded https://repo.maven.apache.org/maven2/io/swagger/core/v3/swagger-annotations-jakarta/2.2.30/swagger-annotations-jakarta-2.2.30.pom
2025-05-19 20:03:36,221 [Worker-34: Cleaning selected projects] INFO  o.e.m.c.i.e.AbstractTransferListenerAdapter - Downloading https://repo.maven.apache.org/maven2/io/swagger/core/v3/swagger-models-jakarta/2.2.30/swagger-models-jakarta-2.2.30.pom
2025-05-19 20:03:36,267 [Worker-34: Cleaning selected projects] INFO  o.e.m.c.i.e.AbstractTransferListenerAdapter - Downloaded https://repo.maven.apache.org/maven2/io/swagger/core/v3/swagger-models-jakarta/2.2.30/swagger-models-jakarta-2.2.30.pom
2025-05-19 20:03:36,361 [Worker-34: Cleaning selected projects] INFO  o.e.m.c.i.e.AbstractTransferListenerAdapter - Downloading https://repo.maven.apache.org/maven2/org/webjars/swagger-ui/5.21.0/swagger-ui-5.21.0.pom
2025-05-19 20:03:36,414 [Worker-34: Cleaning selected projects] INFO  o.e.m.c.i.e.AbstractTransferListenerAdapter - Downloaded https://repo.maven.apache.org/maven2/org/webjars/swagger-ui/5.21.0/swagger-ui-5.21.0.pom
2025-05-19 20:03:36,503 [Worker-34: Cleaning selected projects] INFO  o.e.m.c.i.e.AbstractTransferListenerAdapter - Downloading https://repo.maven.apache.org/maven2/org/webjars/webjars-locator-lite/1.0.1/webjars-locator-lite-1.0.1.pom
2025-05-19 20:03:36,553 [Worker-34: Cleaning selected projects] INFO  o.e.m.c.i.e.AbstractTransferListenerAdapter - Downloaded https://repo.maven.apache.org/maven2/org/webjars/webjars-locator-lite/1.0.1/webjars-locator-lite-1.0.1.pom
2025-05-19 20:03:36,637 [Worker-34: Cleaning selected projects] INFO  o.e.m.c.i.e.AbstractTransferListenerAdapter - Downloading https://repo.maven.apache.org/maven2/org/junit/junit-bom/5.11.3/junit-bom-5.11.3.pom
2025-05-19 20:03:36,690 [Worker-34: Cleaning selected projects] INFO  o.e.m.c.i.e.AbstractTransferListenerAdapter - Downloaded https://repo.maven.apache.org/maven2/org/junit/junit-bom/5.11.3/junit-bom-5.11.3.pom
2025-05-19 20:03:36,778 [Worker-34: Cleaning selected projects] INFO  o.e.m.c.i.e.AbstractTransferListenerAdapter - Downloading https://repo.maven.apache.org/maven2/org/jspecify/jspecify/1.0.0/jspecify-1.0.0.pom
2025-05-19 20:03:36,815 [Worker-34: Cleaning selected projects] INFO  o.e.m.c.i.e.AbstractTransferListenerAdapter - Downloaded https://repo.maven.apache.org/maven2/org/jspecify/jspecify/1.0.0/jspecify-1.0.0.pom
2025-05-19 20:03:37,090 [Worker-34: Cleaning selected projects] INFO  o.e.m.c.i.e.AbstractTransferListenerAdapter - Downloading https://repo.maven.apache.org/maven2/org/springdoc/springdoc-openapi-starter-webmvc-ui/2.8.8/springdoc-openapi-starter-webmvc-ui-2.8.8.jar
2025-05-19 20:03:37,511 [Worker-34: Cleaning selected projects] INFO  o.e.m.c.i.e.AbstractTransferListenerAdapter - Downloaded https://repo.maven.apache.org/maven2/org/springdoc/springdoc-openapi-starter-webmvc-ui/2.8.8/springdoc-openapi-starter-webmvc-ui-2.8.8.jar
2025-05-19 20:03:37,595 [BasicRepositoryConnector-repo.maven.apache.org-0-0] INFO  o.e.m.c.i.e.AbstractTransferListenerAdapter - Downloading https://repo.maven.apache.org/maven2/org/springdoc/springdoc-openapi-starter-webmvc-api/2.8.8/springdoc-openapi-starter-webmvc-api-2.8.8.jar
2025-05-19 20:03:37,769 [BasicRepositoryConnector-repo.maven.apache.org-0-4] INFO  o.e.m.c.i.e.AbstractTransferListenerAdapter - Downloading https://repo.maven.apache.org/maven2/io/swagger/core/v3/swagger-models-jakarta/2.2.30/swagger-models-jakarta-2.2.30.jar
2025-05-19 20:03:37,785 [BasicRepositoryConnector-repo.maven.apache.org-0-1] INFO  o.e.m.c.i.e.AbstractTransferListenerAdapter - Downloading https://repo.maven.apache.org/maven2/org/springdoc/springdoc-openapi-starter-common/2.8.8/springdoc-openapi-starter-common-2.8.8.jar
2025-05-19 20:03:37,787 [BasicRepositoryConnector-repo.maven.apache.org-0-3] INFO  o.e.m.c.i.e.AbstractTransferListenerAdapter - Downloading https://repo.maven.apache.org/maven2/io/swagger/core/v3/swagger-annotations-jakarta/2.2.30/swagger-annotations-jakarta-2.2.30.jar
2025-05-19 20:03:37,791 [BasicRepositoryConnector-repo.maven.apache.org-0-2] INFO  o.e.m.c.i.e.AbstractTransferListenerAdapter - Downloading https://repo.maven.apache.org/maven2/io/swagger/core/v3/swagger-core-jakarta/2.2.30/swagger-core-jakarta-2.2.30.jar
2025-05-19 20:03:38,019 [BasicRepositoryConnector-repo.maven.apache.org-0-4] INFO  o.e.m.c.i.e.AbstractTransferListenerAdapter - Downloaded https://repo.maven.apache.org/maven2/io/swagger/core/v3/swagger-models-jakarta/2.2.30/swagger-models-jakarta-2.2.30.jar
2025-05-19 20:03:38,111 [BasicRepositoryConnector-repo.maven.apache.org-0-4] INFO  o.e.m.c.i.e.AbstractTransferListenerAdapter - Downloading https://repo.maven.apache.org/maven2/org/webjars/swagger-ui/5.21.0/swagger-ui-5.21.0.jar
2025-05-19 20:03:38,125 [BasicRepositoryConnector-repo.maven.apache.org-0-2] INFO  o.e.m.c.i.e.AbstractTransferListenerAdapter - Downloaded https://repo.maven.apache.org/maven2/io/swagger/core/v3/swagger-core-jakarta/2.2.30/swagger-core-jakarta-2.2.30.jar
2025-05-19 20:03:38,193 [BasicRepositoryConnector-repo.maven.apache.org-0-1] INFO  o.e.m.c.i.e.AbstractTransferListenerAdapter - Downloaded https://repo.maven.apache.org/maven2/org/springdoc/springdoc-openapi-starter-common/2.8.8/springdoc-openapi-starter-common-2.8.8.jar
2025-05-19 20:03:38,209 [BasicRepositoryConnector-repo.maven.apache.org-0-2] INFO  o.e.m.c.i.e.AbstractTransferListenerAdapter - Downloading https://repo.maven.apache.org/maven2/org/webjars/webjars-locator-lite/1.0.1/webjars-locator-lite-1.0.1.jar
2025-05-19 20:03:38,286 [BasicRepositoryConnector-repo.maven.apache.org-0-1] INFO  o.e.m.c.i.e.AbstractTransferListenerAdapter - Downloading https://repo.maven.apache.org/maven2/org/jspecify/jspecify/1.0.0/jspecify-1.0.0.jar
2025-05-19 20:03:38,369 [BasicRepositoryConnector-repo.maven.apache.org-0-2] INFO  o.e.m.c.i.e.AbstractTransferListenerAdapter - Downloaded https://repo.maven.apache.org/maven2/org/webjars/webjars-locator-lite/1.0.1/webjars-locator-lite-1.0.1.jar
2025-05-19 20:03:38,433 [BasicRepositoryConnector-repo.maven.apache.org-0-0] INFO  o.e.m.c.i.e.AbstractTransferListenerAdapter - Downloaded https://repo.maven.apache.org/maven2/org/springdoc/springdoc-openapi-starter-webmvc-api/2.8.8/springdoc-openapi-starter-webmvc-api-2.8.8.jar
2025-05-19 20:03:38,480 [BasicRepositoryConnector-repo.maven.apache.org-0-1] INFO  o.e.m.c.i.e.AbstractTransferListenerAdapter - Downloaded https://repo.maven.apache.org/maven2/org/jspecify/jspecify/1.0.0/jspecify-1.0.0.jar
2025-05-19 20:03:38,600 [BasicRepositoryConnector-repo.maven.apache.org-0-4] INFO  o.e.m.c.i.e.AbstractTransferListenerAdapter - Downloaded https://repo.maven.apache.org/maven2/org/webjars/swagger-ui/5.21.0/swagger-ui-5.21.0.jar
2025-05-19 20:03:40,101 [BasicRepositoryConnector-repo.maven.apache.org-0-3] INFO  o.e.m.c.i.e.AbstractTransferListenerAdapter - Downloaded https://repo.maven.apache.org/maven2/io/swagger/core/v3/swagger-annotations-jakarta/2.2.30/swagger-annotations-jakarta-2.2.30.jar
2025-05-19 20:03:43,550 [Worker-34: Cleaning selected projects] INFO  o.e.m.c.i.l.LifecycleMappingFactory - Using org.eclipse.m2e.jdt.JarLifecycleMapping lifecycle mapping for MavenProject: br.com:HotelariaDegaspari:0.0.1-SNAPSHOT @ D:\Desenvolvimento Software\HotelariaDegaspari\HotelariaDegaspari\pom.xml.
2025-05-19 20:04:00,606 [Worker-31: Download sources and javadoc] INFO  o.e.m.c.i.e.AbstractTransferListenerAdapter - Downloading https://repo.maven.apache.org/maven2/org/springdoc/springdoc-openapi-starter-webmvc-ui/2.8.8/springdoc-openapi-starter-webmvc-ui-2.8.8-sources.jar
2025-05-19 20:04:01,304 [Worker-31: Download sources and javadoc] INFO  o.e.m.c.i.e.AbstractTransferListenerAdapter - Downloaded https://repo.maven.apache.org/maven2/org/springdoc/springdoc-openapi-starter-webmvc-ui/2.8.8/springdoc-openapi-starter-webmvc-ui-2.8.8-sources.jar
2025-05-19 20:04:01,314 [Worker-31: Download sources and javadoc] INFO  o.e.m.j.internal.DownloadSourcesJob - Downloaded sources for org.springdoc:springdoc-openapi-starter-webmvc-ui:2.8.8
2025-05-19 20:04:01,578 [Worker-31: Download sources and javadoc] INFO  o.e.m.c.i.e.AbstractTransferListenerAdapter - Downloading https://repo.maven.apache.org/maven2/org/springdoc/springdoc-openapi-starter-webmvc-api/2.8.8/springdoc-openapi-starter-webmvc-api-2.8.8-sources.jar
2025-05-19 20:04:02,094 [Worker-30: Building Workspace] INFO  o.e.m.c.i.embedder.EclipseLogger - Using 'UTF-8' encoding to copy filtered resources.
2025-05-19 20:04:02,094 [Worker-30: Building Workspace] INFO  o.e.m.c.i.embedder.EclipseLogger - Using 'UTF-8' encoding to copy filtered properties files.
2025-05-19 20:04:02,103 [Worker-30: Building Workspace] INFO  o.e.m.c.i.embedder.EclipseLogger - Copying 1 resource
2025-05-19 20:04:02,141 [Worker-30: Building Workspace] INFO  o.e.m.c.i.embedder.EclipseLogger - Copying 0 resource
2025-05-19 20:04:02,152 [Worker-30: Building Workspace] INFO  o.e.m.c.i.embedder.EclipseLogger - Using 'UTF-8' encoding to copy filtered resources.
2025-05-19 20:04:02,152 [Worker-30: Building Workspace] INFO  o.e.m.c.i.embedder.EclipseLogger - Using 'UTF-8' encoding to copy filtered properties files.
2025-05-19 20:04:02,152 [Worker-30: Building Workspace] INFO  o.e.m.c.i.embedder.EclipseLogger - skip non existing resourceDirectory D:\Desenvolvimento Software\PetAmigo\API\login\src\test\resources
2025-05-19 20:04:02,432 [Worker-31: Download sources and javadoc] INFO  o.e.m.c.i.e.AbstractTransferListenerAdapter - Downloaded https://repo.maven.apache.org/maven2/org/springdoc/springdoc-openapi-starter-webmvc-api/2.8.8/springdoc-openapi-starter-webmvc-api-2.8.8-sources.jar
2025-05-19 20:04:02,440 [Worker-31: Download sources and javadoc] INFO  o.e.m.j.internal.DownloadSourcesJob - Downloaded sources for org.springdoc:springdoc-openapi-starter-webmvc-api:2.8.8
2025-05-19 20:04:02,691 [Worker-31: Download sources and javadoc] INFO  o.e.m.c.i.e.AbstractTransferListenerAdapter - Downloading https://repo.maven.apache.org/maven2/org/springdoc/springdoc-openapi-starter-common/2.8.8/springdoc-openapi-starter-common-2.8.8-sources.jar
2025-05-19 20:04:03,002 [Worker-31: Download sources and javadoc] INFO  o.e.m.c.i.e.AbstractTransferListenerAdapter - Downloaded https://repo.maven.apache.org/maven2/org/springdoc/springdoc-openapi-starter-common/2.8.8/springdoc-openapi-starter-common-2.8.8-sources.jar
2025-05-19 20:04:03,009 [Worker-31: Download sources and javadoc] INFO  o.e.m.j.internal.DownloadSourcesJob - Downloaded sources for org.springdoc:springdoc-openapi-starter-common:2.8.8
2025-05-19 20:04:03,255 [Worker-31: Download sources and javadoc] INFO  o.e.m.c.i.e.AbstractTransferListenerAdapter - Downloading https://repo.maven.apache.org/maven2/io/swagger/core/v3/swagger-core-jakarta/2.2.30/swagger-core-jakarta-2.2.30-sources.jar
2025-05-19 20:04:03,445 [Worker-31: Download sources and javadoc] INFO  o.e.m.c.i.e.AbstractTransferListenerAdapter - Downloaded https://repo.maven.apache.org/maven2/io/swagger/core/v3/swagger-core-jakarta/2.2.30/swagger-core-jakarta-2.2.30-sources.jar
2025-05-19 20:04:03,453 [Worker-31: Download sources and javadoc] INFO  o.e.m.j.internal.DownloadSourcesJob - Downloaded sources for io.swagger.core.v3:swagger-core-jakarta:2.2.30
2025-05-19 20:04:03,716 [Worker-31: Download sources and javadoc] INFO  o.e.m.c.i.e.AbstractTransferListenerAdapter - Downloading https://repo.maven.apache.org/maven2/io/swagger/core/v3/swagger-annotations-jakarta/2.2.30/swagger-annotations-jakarta-2.2.30-sources.jar
2025-05-19 20:04:03,857 [Worker-31: Download sources and javadoc] INFO  o.e.m.c.i.e.AbstractTransferListenerAdapter - Downloaded https://repo.maven.apache.org/maven2/io/swagger/core/v3/swagger-annotations-jakarta/2.2.30/swagger-annotations-jakarta-2.2.30-sources.jar
2025-05-19 20:04:03,865 [Worker-31: Download sources and javadoc] INFO  o.e.m.j.internal.DownloadSourcesJob - Downloaded sources for io.swagger.core.v3:swagger-annotations-jakarta:2.2.30
2025-05-19 20:04:04,107 [Worker-31: Download sources and javadoc] INFO  o.e.m.c.i.e.AbstractTransferListenerAdapter - Downloading https://repo.maven.apache.org/maven2/io/swagger/core/v3/swagger-models-jakarta/2.2.30/swagger-models-jakarta-2.2.30-sources.jar
2025-05-19 20:04:04,240 [Worker-31: Download sources and javadoc] INFO  o.e.m.c.i.e.AbstractTransferListenerAdapter - Downloaded https://repo.maven.apache.org/maven2/io/swagger/core/v3/swagger-models-jakarta/2.2.30/swagger-models-jakarta-2.2.30-sources.jar
2025-05-19 20:04:04,248 [Worker-31: Download sources and javadoc] INFO  o.e.m.j.internal.DownloadSourcesJob - Downloaded sources for io.swagger.core.v3:swagger-models-jakarta:2.2.30
2025-05-19 20:04:04,610 [Worker-31: Download sources and javadoc] INFO  o.e.m.c.i.e.AbstractTransferListenerAdapter - Downloaded https://repo.maven.apache.org/maven2/org/webjars/swagger-ui/5.21.0/swagger-ui-5.21.0-sources.jar
2025-05-19 20:04:04,615 [Worker-31: Download sources and javadoc] ERROR o.e.m.j.internal.DownloadSourcesJob - Could not download sources for org.webjars:swagger-ui:5.21.0
org.eclipse.core.runtime.CoreException: Could not resolve artifact org.webjars:swagger-ui:jar:sources:5.21.0
	at org.eclipse.m2e.core.internal.embedder.MavenImpl.lambda$7(MavenImpl.java:540)
	at org.eclipse.m2e.core.internal.embedder.MavenExecutionContext.executeBare(MavenExecutionContext.java:458)
	at org.eclipse.m2e.core.internal.embedder.MavenExecutionContext.execute(MavenExecutionContext.java:292)
	at org.eclipse.m2e.core.internal.embedder.MavenExecutionContext.execute(MavenExecutionContext.java:278)
	at org.eclipse.m2e.core.internal.embedder.MavenImpl.resolve(MavenImpl.java:509)
	at org.eclipse.m2e.core.internal.embedder.MavenImpl.resolve(MavenImpl.java:494)
	at org.eclipse.m2e.jdt.internal.DownloadSourcesJob.download(DownloadSourcesJob.java:308)
	at org.eclipse.m2e.jdt.internal.DownloadSourcesJob.downloadAttachments(DownloadSourcesJob.java:282)
	at org.eclipse.m2e.jdt.internal.DownloadSourcesJob.downloadMaven(DownloadSourcesJob.java:252)
	at org.eclipse.m2e.jdt.internal.DownloadSourcesJob.downloadFilesAndPopulateToUpdate(DownloadSourcesJob.java:220)
	at org.eclipse.m2e.jdt.internal.DownloadSourcesJob.lambda$0(DownloadSourcesJob.java:149)
	at org.eclipse.m2e.core.internal.embedder.MavenExecutionContext.executeBare(MavenExecutionContext.java:458)
	at org.eclipse.m2e.core.internal.embedder.MavenExecutionContext.execute(MavenExecutionContext.java:339)
	at org.eclipse.m2e.core.internal.embedder.MavenExecutionContext.execute(MavenExecutionContext.java:278)
	at org.eclipse.m2e.core.embedder.IMaven.execute(IMaven.java:300)
	at org.eclipse.m2e.jdt.internal.DownloadSourcesJob.run(DownloadSourcesJob.java:149)
	at org.eclipse.core.internal.jobs.Worker.run(Worker.java:63)
2025-05-19 20:04:04,872 [Worker-31: Download sources and javadoc] INFO  o.e.m.c.i.e.AbstractTransferListenerAdapter - Downloading https://repo.maven.apache.org/maven2/org/webjars/webjars-locator-lite/1.0.1/webjars-locator-lite-1.0.1-sources.jar
2025-05-19 20:04:04,995 [Worker-31: Download sources and javadoc] INFO  o.e.m.c.i.e.AbstractTransferListenerAdapter - Downloaded https://repo.maven.apache.org/maven2/org/webjars/webjars-locator-lite/1.0.1/webjars-locator-lite-1.0.1-sources.jar
2025-05-19 20:04:05,002 [Worker-31: Download sources and javadoc] INFO  o.e.m.j.internal.DownloadSourcesJob - Downloaded sources for org.webjars:webjars-locator-lite:1.0.1
2025-05-19 20:04:05,255 [Worker-31: Download sources and javadoc] INFO  o.e.m.c.i.e.AbstractTransferListenerAdapter - Downloading https://repo.maven.apache.org/maven2/org/jspecify/jspecify/1.0.0/jspecify-1.0.0-sources.jar
2025-05-19 20:04:05,468 [Worker-31: Download sources and javadoc] INFO  o.e.m.c.i.e.AbstractTransferListenerAdapter - Downloaded https://repo.maven.apache.org/maven2/org/jspecify/jspecify/1.0.0/jspecify-1.0.0-sources.jar
2025-05-19 20:04:05,477 [Worker-31: Download sources and javadoc] INFO  o.e.m.j.internal.DownloadSourcesJob - Downloaded sources for org.jspecify:jspecify:1.0.0
2025-05-19 20:08:00,570 [Worker-32: Building Workspace] INFO  o.e.m.c.i.embedder.EclipseLogger - Using 'UTF-8' encoding to copy filtered resources.
2025-05-19 20:08:00,572 [Worker-32: Building Workspace] INFO  o.e.m.c.i.embedder.EclipseLogger - Using 'UTF-8' encoding to copy filtered properties files.
2025-05-19 20:08:00,572 [Worker-32: Building Workspace] INFO  o.e.m.c.i.embedder.EclipseLogger - Copying 1 resource
2025-05-19 20:08:00,577 [Worker-32: Building Workspace] INFO  o.e.m.c.i.embedder.EclipseLogger - Copying 0 resource
2025-05-19 20:08:00,584 [Worker-32: Building Workspace] INFO  o.e.m.c.i.embedder.EclipseLogger - Using 'UTF-8' encoding to copy filtered resources.
2025-05-19 20:08:00,584 [Worker-32: Building Workspace] INFO  o.e.m.c.i.embedder.EclipseLogger - Using 'UTF-8' encoding to copy filtered properties files.
2025-05-19 20:08:00,584 [Worker-32: Building Workspace] INFO  o.e.m.c.i.embedder.EclipseLogger - skip non existing resourceDirectory D:\Desenvolvimento Software\PetAmigo\API\login\src\test\resources
2025-05-19 20:08:13,874 [Worker-37: Building Workspace] INFO  o.e.m.c.i.embedder.EclipseLogger - Using 'UTF-8' encoding to copy filtered resources.
2025-05-19 20:08:13,874 [Worker-37: Building Workspace] INFO  o.e.m.c.i.embedder.EclipseLogger - Using 'UTF-8' encoding to copy filtered properties files.
2025-05-19 20:08:13,874 [Worker-37: Building Workspace] INFO  o.e.m.c.i.embedder.EclipseLogger - Copying 1 resource
2025-05-19 20:08:13,876 [Worker-37: Building Workspace] INFO  o.e.m.c.i.embedder.EclipseLogger - Copying 0 resource
2025-05-19 20:08:13,882 [Worker-37: Building Workspace] INFO  o.e.m.c.i.embedder.EclipseLogger - Using 'UTF-8' encoding to copy filtered resources.
2025-05-19 20:08:13,882 [Worker-37: Building Workspace] INFO  o.e.m.c.i.embedder.EclipseLogger - Using 'UTF-8' encoding to copy filtered properties files.
2025-05-19 20:08:13,882 [Worker-37: Building Workspace] INFO  o.e.m.c.i.embedder.EclipseLogger - skip non existing resourceDirectory D:\Desenvolvimento Software\PetAmigo\API\login\src\test\resources
2025-05-19 20:08:27,462 [Worker-37: Building Workspace] INFO  o.e.m.c.i.embedder.EclipseLogger - Using 'UTF-8' encoding to copy filtered resources.
2025-05-19 20:08:27,462 [Worker-37: Building Workspace] INFO  o.e.m.c.i.embedder.EclipseLogger - Using 'UTF-8' encoding to copy filtered properties files.
2025-05-19 20:08:27,463 [Worker-37: Building Workspace] INFO  o.e.m.c.i.embedder.EclipseLogger - Copying 1 resource
2025-05-19 20:08:27,465 [Worker-37: Building Workspace] INFO  o.e.m.c.i.embedder.EclipseLogger - Copying 0 resource
2025-05-19 20:08:27,469 [Worker-37: Building Workspace] INFO  o.e.m.c.i.embedder.EclipseLogger - Using 'UTF-8' encoding to copy filtered resources.
2025-05-19 20:08:27,470 [Worker-37: Building Workspace] INFO  o.e.m.c.i.embedder.EclipseLogger - Using 'UTF-8' encoding to copy filtered properties files.
2025-05-19 20:08:27,470 [Worker-37: Building Workspace] INFO  o.e.m.c.i.embedder.EclipseLogger - skip non existing resourceDirectory D:\Desenvolvimento Software\PetAmigo\API\login\src\test\resources
2025-05-19 20:08:36,854 [Worker-38: Download sources and javadoc] INFO  o.e.m.c.i.e.AbstractTransferListenerAdapter - Downloaded https://repo.maven.apache.org/maven2/org/webjars/swagger-ui/5.21.0/swagger-ui-5.21.0-javadoc.jar
2025-05-19 20:08:36,859 [Worker-38: Download sources and javadoc] ERROR o.e.m.j.internal.DownloadSourcesJob - Could not download javadoc for org.webjars:swagger-ui:5.21.0
org.eclipse.core.runtime.CoreException: Could not resolve artifact org.webjars:swagger-ui:jar:javadoc:5.21.0
	at org.eclipse.m2e.core.internal.embedder.MavenImpl.lambda$7(MavenImpl.java:540)
	at org.eclipse.m2e.core.internal.embedder.MavenExecutionContext.executeBare(MavenExecutionContext.java:458)
	at org.eclipse.m2e.core.internal.embedder.MavenExecutionContext.execute(MavenExecutionContext.java:292)
	at org.eclipse.m2e.core.internal.embedder.MavenExecutionContext.execute(MavenExecutionContext.java:278)
	at org.eclipse.m2e.core.internal.embedder.MavenImpl.resolve(MavenImpl.java:509)
	at org.eclipse.m2e.core.internal.embedder.MavenImpl.resolve(MavenImpl.java:494)
	at org.eclipse.m2e.jdt.internal.DownloadSourcesJob.download(DownloadSourcesJob.java:308)
	at org.eclipse.m2e.jdt.internal.DownloadSourcesJob.downloadAttachments(DownloadSourcesJob.java:294)
	at org.eclipse.m2e.jdt.internal.DownloadSourcesJob.downloadMaven(DownloadSourcesJob.java:252)
	at org.eclipse.m2e.jdt.internal.DownloadSourcesJob.downloadFilesAndPopulateToUpdate(DownloadSourcesJob.java:220)
	at org.eclipse.m2e.jdt.internal.DownloadSourcesJob.lambda$0(DownloadSourcesJob.java:149)
	at org.eclipse.m2e.core.internal.embedder.MavenExecutionContext.executeBare(MavenExecutionContext.java:458)
	at org.eclipse.m2e.core.internal.embedder.MavenExecutionContext.execute(MavenExecutionContext.java:339)
	at org.eclipse.m2e.core.internal.embedder.MavenExecutionContext.execute(MavenExecutionContext.java:278)
	at org.eclipse.m2e.core.embedder.IMaven.execute(IMaven.java:300)
	at org.eclipse.m2e.jdt.internal.DownloadSourcesJob.run(DownloadSourcesJob.java:149)
	at org.eclipse.core.internal.jobs.Worker.run(Worker.java:63)
